{"type":"FeatureCollection", "features": [
{"type":"Feature","geometry":{"type":"Polygon","coordinates":[[[-78.072954,39.178411],[-78.073001,39.178085],[-78.073079,39.177951],[-78.073227,39.177735],[-78.073597,39.177198],[-78.073602,39.17719],[-78.07361,39.177182],[-78.074692,39.176028],[-78.075233,39.17561],[-78.075371,39.175502],[-78.075876,39.175112],[-78.076004,39.175018],[-78.076055,39.174981],[-78.076337,39.17488],[-78.078225,39.174576],[-78.079823,39.174137],[-78.080342,39.173765],[-78.080513,39.173579],[-78.08056,39.173527],[-78.08053,39.172604],[-78.08076,39.172045],[-78.080867,39.171967],[-78.081596,39.171985],[-78.081795,39.171881],[-78.081844,39.171856],[-78.081848,39.171755],[-78.081849,39.171738],[-78.081852,39.17173],[-78.08189,39.171555],[-78.081779,39.171252],[-78.081636,39.171011],[-78.081625,39.170992],[-78.08153,39.170815],[-78.08144,39.170646],[-78.081298,39.170283],[-78.081297,39.170281],[-78.081209,39.169951],[-78.081131,39.169758],[-78.081033,39.169611],[-78.080823,39.169453],[-78.080235,39.169192],[-78.080003,39.169052],[-78.079241,39.168436],[-78.078656,39.167897],[-78.078504,39.167565],[-78.078504,39.167231],[-78.078565,39.167059],[-78.07872,39.166805],[-78.078921,39.166711],[-78.079183,39.16652],[-78.079465,39.166461],[-78.079586,39.166256],[-78.079692,39.166175],[-78.079849,39.166146],[-78.080073,39.166001],[-78.080803,39.16602],[-78.081167,39.165955],[-78.081397,39.165872],[-78.082091,39.16589],[-78.082703,39.166202],[-78.083155,39.166187],[-78.084428,39.165624],[-78.08584,39.165065],[-78.086125,39.164883],[-78.086274,39.164643],[-78.08693,39.164153],[-78.087016,39.163899],[-78.086987,39.16353],[-78.086891,39.163116],[-78.086716,39.162786],[-78.086541,39.162537],[-78.08655,39.16229],[-78.086468,39.162028],[-78.086442,39.161945],[-78.086008,39.161452],[-78.085476,39.160713],[-78.085191,39.160627],[-78.084016,39.160669],[-78.083625,39.160606],[-78.08301,39.160209],[-78.082701,39.160047],[-78.082476,39.159872],[-78.08227,39.159588],[-78.08201,39.159397],[-78.081923,39.159276],[-78.081923,39.159275],[-78.081912,39.159247],[-78.081884,39.159175],[-78.081925,39.158833],[-78.082004,39.158703],[-78.082023,39.158437],[-78.082083,39.158354],[-78.082221,39.158277],[-78.082281,39.158263],[-78.082374,39.158194],[-78.082653,39.158174],[-78.083306,39.158326],[-78.084274,39.158431],[-78.08476,39.158416],[-78.084982,39.158452],[-78.084769,39.157999],[-78.084513,39.157184],[-78.084392,39.156692],[-78.084163,39.156108],[-78.084044,39.155948],[-78.083781,39.155707],[-78.083106,39.155252],[-78.082924,39.155089],[-78.082225,39.15405],[-78.080898,39.15295],[-78.080688,39.152801],[-78.079046,39.151885],[-78.077535,39.151007],[-78.077278,39.150929],[-78.077,39.150883],[-78.074332,39.150638],[-78.072972,39.150467],[-78.070586,39.150222],[-78.066907,39.14988],[-78.062457,39.149396],[-78.059662,39.149142],[-78.051152,39.148286],[-78.046814,39.147815],[-78.046001,39.147695],[-78.045853,39.147627],[-78.045773,39.147536],[-78.045692,39.147385],[-78.045662,39.147222],[-78.045691,39.147029],[-78.046182,39.145797],[-78.046251,39.145549],[-78.046224,39.14534],[-78.046046,39.144961],[-78.045955,39.144852],[-78.045801,39.14474],[-78.044849,39.144249],[-78.041844,39.142733],[-78.040596,39.142129],[-78.039345,39.141451],[-78.036943,39.139994],[-78.035625,39.139375],[-78.034964,39.139133],[-78.03465,39.13906],[-78.034227,39.13905],[-78.033825,39.139145],[-78.033644,39.13923],[-78.033436,39.139378],[-78.033311,39.139509],[-78.033098,39.139817],[-78.032261,39.141137],[-78.030764,39.143588],[-78.029923,39.144908],[-78.029453,39.145597],[-78.029254,39.145761],[-78.029042,39.145874],[-78.028862,39.145941],[-78.028643,39.145981],[-78.02829,39.145984],[-78.027822,39.14595],[-78.014493,39.14457],[-78.011776,39.144266],[-78.011301,39.14652],[-78.011068,39.147829],[-78.010992,39.14802],[-78.010846,39.1481],[-78.009678,39.148361],[-78.009487,39.148463],[-78.007629,39.151883],[-78.007479,39.15213],[-78.007292,39.152362],[-78.005316,39.154183],[-78.003312,39.155824],[-78.001835,39.157092],[-77.999179,39.1593],[-77.998913,39.159607],[-77.997213,39.161937],[-77.997092,39.162023],[-77.996886,39.161911],[-77.996627,39.161685],[-77.995359,39.160824],[-77.994566,39.160365],[-77.994167,39.160176],[-77.994216,39.1601],[-77.992155,39.159345],[-77.991553,39.159096],[-77.990986,39.15875],[-77.99017,39.158055],[-77.989684,39.158377],[-77.98943,39.158468],[-77.989092,39.158539],[-77.988734,39.158698],[-77.987883,39.159473],[-77.987427,39.159974],[-77.987137,39.160379],[-77.986495,39.161563],[-77.985893,39.161376],[-77.98534,39.161168],[-77.984899,39.160976],[-77.984295,39.160664],[-77.980092,39.158059],[-77.979976,39.157948],[-77.979277,39.157516],[-77.979033,39.157915],[-77.978437,39.15867],[-77.977793,39.159587],[-77.977362,39.160409],[-77.976966,39.16114],[-77.976655,39.161619],[-77.97512,39.164237],[-77.972826,39.168218],[-77.972505,39.16891],[-77.971833,39.170845],[-77.971646,39.171346],[-77.971484,39.171671],[-77.969143,39.175381],[-77.96827,39.176874],[-77.967946,39.177383],[-77.967547,39.177899],[-77.967211,39.178292],[-77.96684,39.178671],[-77.966472,39.179003],[-77.966121,39.179274],[-77.965746,39.179524],[-77.96529,39.179782],[-77.964751,39.180044],[-77.964313,39.180221],[-77.961283,39.181229],[-77.952724,39.18402],[-77.951662,39.184351],[-77.950934,39.184534],[-77.950284,39.184643],[-77.949655,39.1847],[-77.943275,39.184867],[-77.942576,39.184901],[-77.942158,39.184952],[-77.941474,39.185084],[-77.94076,39.185287],[-77.940165,39.185514],[-77.938296,39.186384],[-77.937714,39.186581],[-77.937107,39.186726],[-77.936279,39.186844],[-77.932304,39.187173],[-77.931119,39.187307],[-77.928742,39.187688],[-77.924947,39.188234],[-77.924272,39.188346],[-77.923592,39.188492],[-77.922806,39.188736],[-77.922165,39.189011],[-77.921697,39.18926],[-77.921244,39.189549],[-77.920542,39.190094],[-77.919922,39.190666],[-77.91941,39.19119],[-77.957466,39.215882],[-77.991272,39.23767],[-77.999723,39.243154],[-78.006827,39.247498],[-78.010612,39.250024],[-78.017433,39.254375],[-78.022743,39.257845],[-78.030612,39.263056],[-78.033006,39.264503],[-78.033236,39.263938],[-78.033536,39.263441],[-78.033736,39.26298],[-78.033822,39.262824],[-78.033952,39.262727],[-78.034969,39.262362],[-78.035115,39.262286],[-78.035214,39.2622],[-78.035282,39.262086],[-78.035372,39.261812],[-78.035451,39.261695],[-78.035522,39.261619],[-78.035618,39.261558],[-78.035637,39.261527],[-78.035959,39.261292],[-78.036767,39.261096],[-78.03691,39.261019],[-78.037376,39.260679],[-78.03749,39.260435],[-78.037638,39.260227],[-78.0378,39.25969],[-78.037951,39.259397],[-78.037961,39.259154],[-78.038037,39.259021],[-78.038045,39.258827],[-78.037967,39.258658],[-78.037571,39.258246],[-78.0375,39.258042],[-78.037493,39.257665],[-78.037528,39.257512],[-78.037518,39.257305],[-78.037682,39.256714],[-78.037873,39.256314],[-78.038228,39.255296],[-78.038456,39.254842],[-78.038477,39.254539],[-78.038355,39.253948],[-78.038367,39.253648],[-78.038374,39.253489],[-78.038791,39.252481],[-78.038838,39.252366],[-78.038833,39.251871],[-78.038831,39.251717],[-78.038905,39.251611],[-78.039304,39.251344],[-78.039409,39.251191],[-78.039413,39.251099],[-78.039417,39.251002],[-78.039514,39.250783],[-78.039571,39.250655],[-78.039529,39.250106],[-78.039544,39.249813],[-78.039738,39.24933],[-78.039775,39.248933],[-78.039801,39.248656],[-78.039837,39.248521],[-78.039839,39.248307],[-78.039853,39.247441],[-78.039919,39.247346],[-78.039937,39.246254],[-78.040451,39.245619],[-78.040755,39.245005],[-78.04086,39.244562],[-78.04099,39.244362],[-78.041206,39.244179],[-78.041487,39.244105],[-78.041975,39.24409],[-78.042278,39.243982],[-78.042398,39.243939],[-78.042543,39.243807],[-78.042625,39.243512],[-78.043165,39.243066],[-78.043486,39.242708],[-78.043639,39.242538],[-78.043923,39.242383],[-78.044269,39.242419],[-78.044574,39.242616],[-78.044852,39.242623],[-78.044993,39.242572],[-78.045172,39.242442],[-78.045316,39.242255],[-78.045356,39.242203],[-78.04541,39.241745],[-78.045186,39.24128],[-78.044856,39.240866],[-78.044555,39.240588],[-78.04425,39.240391],[-78.0436,39.240159],[-78.043363,39.239991],[-78.043017,39.239955],[-78.042815,39.239814],[-78.042785,39.239706],[-78.042391,39.239155],[-78.042394,39.239074],[-78.042226,39.238935],[-78.041941,39.238279],[-78.041864,39.237628],[-78.042024,39.236947],[-78.042143,39.236771],[-78.0425,39.236563],[-78.042881,39.236573],[-78.043329,39.236666],[-78.043885,39.23668],[-78.044061,39.23663],[-78.044513,39.236615],[-78.044865,39.236515],[-78.045877,39.236406],[-78.046195,39.236279],[-78.046553,39.236045],[-78.047414,39.235391],[-78.048129,39.234923],[-78.048392,39.234443],[-78.048589,39.23388],[-78.048774,39.233615],[-78.048931,39.233186],[-78.049117,39.232894],[-78.049159,39.232733],[-78.04923,39.23268],[-78.049461,39.232146],[-78.049531,39.23131],[-78.049636,39.231002],[-78.049608,39.230312],[-78.049515,39.230039],[-78.04952,39.229918],[-78.049529,39.229715],[-78.049637,39.22961],[-78.049981,39.228862],[-78.050275,39.228491],[-78.050635,39.228176],[-78.05061,39.228105],[-78.051491,39.228154],[-78.052154,39.228471],[-78.052493,39.228605],[-78.05332,39.228863],[-78.053353,39.228839],[-78.053561,39.228844],[-78.053669,39.228766],[-78.054438,39.22865],[-78.05482,39.22866],[-78.055243,39.228509],[-78.05587,39.22847],[-78.056012,39.228393],[-78.056686,39.228221],[-78.056774,39.228269],[-78.057591,39.227892],[-78.057917,39.227727],[-78.058183,39.227523],[-78.05851,39.227192],[-78.058702,39.22695],[-78.058729,39.226847],[-78.058863,39.226708],[-78.058873,39.226465],[-78.058405,39.226021],[-78.05843,39.225897],[-78.058533,39.225788],[-78.05871,39.225662],[-78.058873,39.225605],[-78.059074,39.225602],[-78.059307,39.225541],[-78.059584,39.225394],[-78.059782,39.225253],[-78.059981,39.225067],[-78.060082,39.224929],[-78.060155,39.224876],[-78.060302,39.224691],[-78.060309,39.224525],[-78.060309,39.224506],[-78.060313,39.224498],[-78.060424,39.224229],[-78.060427,39.224216],[-78.060544,39.223756],[-78.060554,39.223733],[-78.060627,39.223564],[-78.060625,39.22343],[-78.060625,39.22341],[-78.060627,39.223399],[-78.060641,39.223339],[-78.060624,39.22322],[-78.060621,39.223202],[-78.060604,39.223087],[-78.060258,39.222569],[-78.059827,39.221816],[-78.059825,39.221812],[-78.059747,39.221505],[-78.059745,39.221499],[-78.059605,39.221152],[-78.059402,39.220439],[-78.059398,39.220082],[-78.059253,39.218875],[-78.059261,39.218688],[-78.059312,39.218507],[-78.059462,39.218229],[-78.059593,39.21807],[-78.059908,39.217997],[-78.061505,39.217788],[-78.062495,39.217469],[-78.063145,39.217307],[-78.063495,39.217186],[-78.063874,39.216999],[-78.064401,39.216651],[-78.06458,39.216498],[-78.064737,39.216308],[-78.064787,39.216055],[-78.064762,39.215864],[-78.064736,39.215675],[-78.064753,39.215241],[-78.064734,39.215082],[-78.064628,39.214981],[-78.06417,39.214776],[-78.063787,39.214524],[-78.063531,39.214273],[-78.063082,39.213765],[-78.062783,39.213565],[-78.062657,39.213428],[-78.06263,39.213336],[-78.062649,39.213148],[-78.062618,39.212927],[-78.062576,39.212847],[-78.062464,39.212781],[-78.062305,39.21278],[-78.06199,39.212842],[-78.061691,39.212751],[-78.06155,39.21267],[-78.061442,39.212551],[-78.061411,39.21246],[-78.06141,39.212456],[-78.061443,39.212305],[-78.061772,39.211704],[-78.061793,39.211669],[-78.061806,39.211643],[-78.061879,39.211499],[-78.062007,39.211245],[-78.06191,39.211023],[-78.061763,39.210679],[-78.061829,39.210363],[-78.06213,39.21013],[-78.06253,39.210067],[-78.062897,39.210081],[-78.063178,39.210303],[-78.063542,39.210653],[-78.063993,39.210876],[-78.064472,39.21098],[-78.065072,39.210983],[-78.065872,39.211102],[-78.066387,39.211247],[-78.066851,39.211444],[-78.067217,39.211665],[-78.067566,39.211796],[-78.067883,39.211836],[-78.068184,39.211759],[-78.068565,39.211722],[-78.069653,39.21147],[-78.069844,39.211401],[-78.070015,39.211252],[-78.070097,39.211085],[-78.070084,39.210905],[-78.069818,39.210513],[-78.069271,39.209411],[-78.069047,39.209069],[-78.068843,39.208847],[-78.068506,39.208635],[-78.068251,39.208269],[-78.06825,39.208268],[-78.068193,39.208029],[-78.068129,39.20794],[-78.06749,39.207414],[-78.067052,39.206865],[-78.06701,39.206742],[-78.067068,39.206603],[-78.067125,39.20657],[-78.06714,39.206513],[-78.067389,39.206357],[-78.067643,39.206093],[-78.067758,39.205852],[-78.067811,39.205394],[-78.067888,39.205201],[-78.068009,39.205059],[-78.068133,39.204988],[-78.068294,39.204964],[-78.068424,39.204869],[-78.068943,39.204909],[-78.070041,39.205234],[-78.070387,39.20527],[-78.071005,39.205448],[-78.071767,39.205494],[-78.072077,39.205556],[-78.073501,39.205565],[-78.073573,39.205512],[-78.074201,39.205447],[-78.074486,39.205265],[-78.074694,39.204942],[-78.074667,39.204791],[-78.074575,39.204631],[-78.074407,39.204465],[-78.073434,39.203674],[-78.073114,39.20352],[-78.072945,39.203364],[-78.072855,39.203199],[-78.072827,39.203094],[-78.072783,39.202917],[-78.072719,39.20278],[-78.072477,39.2026],[-78.07191,39.202361],[-78.071288,39.201977],[-78.070799,39.20163],[-78.070311,39.201331],[-78.069963,39.201067],[-78.069847,39.200939],[-78.069791,39.200797],[-78.069807,39.200283],[-78.069732,39.199855],[-78.06973,39.19985],[-78.069681,39.199716],[-78.069681,39.19933],[-78.069707,39.199136],[-78.069757,39.199002],[-78.069874,39.198882],[-78.070208,39.198725],[-78.07045,39.198656],[-78.070729,39.198607],[-78.071671,39.198627],[-78.072012,39.198771],[-78.072418,39.199024],[-78.072728,39.199086],[-78.073493,39.199078],[-78.074319,39.199261],[-78.074736,39.199245],[-78.075089,39.198998],[-78.075239,39.198852],[-78.075388,39.198612],[-78.075471,39.198202],[-78.075475,39.198182],[-78.07548,39.198175],[-78.075549,39.198076],[-78.07556,39.197806],[-78.075494,39.197653],[-78.075492,39.197648],[-78.075485,39.197622],[-78.07538,39.197422],[-78.075243,39.197269],[-78.075025,39.197124],[-78.074591,39.19689],[-78.074112,39.196715],[-78.0735,39.196403],[-78.072555,39.19573],[-78.07208,39.195448],[-78.071841,39.195361],[-78.071505,39.195082],[-78.071354,39.194538],[-78.071035,39.193854],[-78.071012,39.193618],[-78.071011,39.193611],[-78.071026,39.193598],[-78.071174,39.193473],[-78.071227,39.193427],[-78.071684,39.193276],[-78.072104,39.193206],[-78.073041,39.193229],[-78.073352,39.193264],[-78.073764,39.193382],[-78.074628,39.193485],[-78.075183,39.193499],[-78.075289,39.193448],[-78.075636,39.193457],[-78.075881,39.193409],[-78.076273,39.193175],[-78.076859,39.192617],[-78.077259,39.192292],[-78.077365,39.192035],[-78.077388,39.191974],[-78.077371,39.191912],[-78.077368,39.191902],[-78.077332,39.191777],[-78.077196,39.191627],[-78.076199,39.190845],[-78.075362,39.190325],[-78.07519,39.1902],[-78.07509,39.190087],[-78.075079,39.189934],[-78.075099,39.189659],[-78.075531,39.189292],[-78.075833,39.188725],[-78.075838,39.188539],[-78.075794,39.188308],[-78.075795,39.188158],[-78.075823,39.188115],[-78.075828,39.188002],[-78.075947,39.187762],[-78.075985,39.187324],[-78.075712,39.18675],[-78.075584,39.186489],[-78.075557,39.186433],[-78.075545,39.186372],[-78.07552,39.186211],[-78.075527,39.186049],[-78.075638,39.185871],[-78.075626,39.185658],[-78.075528,39.185277],[-78.075526,39.185272],[-78.075393,39.184916],[-78.075107,39.184174],[-78.07495,39.183768],[-78.074948,39.183762],[-78.074891,39.183466],[-78.074859,39.183283],[-78.074807,39.183113],[-78.074805,39.183106],[-78.074751,39.182929],[-78.074747,39.182916],[-78.074785,39.181822],[-78.074785,39.18182],[-78.074781,39.181815],[-78.074492,39.181465],[-78.07427,39.181268],[-78.074282,39.181157],[-78.074295,39.181033],[-78.074235,39.180983],[-78.07419,39.180985],[-78.07411,39.180922],[-78.073758,39.18074],[-78.073232,39.180306],[-78.073105,39.180151],[-78.073019,39.180016],[-78.073013,39.180006],[-78.072892,39.179126],[-78.072954,39.178411]]]},"properties":{"UNIQUE_ID":"Clarke County-:-101 - Russell","COUNTYFP":"043","locality":"Clarke County","precinct":"101 - Russell","dem24":725,"rep24":1336}},
{"type":"Feature","geometry":{"type":"Polygon","coordinates":[[[-77.977362,39.160409],[-77.977793,39.159587],[-77.978437,39.15867],[-77.979033,39.157915],[-77.979277,39.157516],[-77.979976,39.157948],[-77.980092,39.158059],[-77.984295,39.160664],[-77.984899,39.160976],[-77.98534,39.161168],[-77.985893,39.161376],[-77.986495,39.161563],[-77.987137,39.160379],[-77.987427,39.159974],[-77.987883,39.159473],[-77.988734,39.158698],[-77.989092,39.158539],[-77.98943,39.158468],[-77.989684,39.158377],[-77.99017,39.158055],[-77.990986,39.15875],[-77.991553,39.159096],[-77.992155,39.159345],[-77.994216,39.1601],[-77.996855,39.156027],[-77.996389,39.155971],[-77.992748,39.154119],[-77.996958,39.150216],[-77.996275,39.149944],[-77.996276,39.149563],[-77.995827,39.149571],[-77.995459,39.149519],[-77.993402,39.148729],[-77.992887,39.148641],[-77.992362,39.148647],[-77.99164,39.14883],[-77.991379,39.148451],[-77.991118,39.148198],[-77.990818,39.14799],[-77.990057,39.147553],[-77.989126,39.148428],[-77.98883,39.14887],[-77.988124,39.148601],[-77.987871,39.148432],[-77.987756,39.148303],[-77.98756,39.14798],[-77.987467,39.147689],[-77.98721,39.147708],[-77.987007,39.147688],[-77.985803,39.147275],[-77.987271,39.145021],[-77.985872,39.144465],[-77.986528,39.14373],[-77.98882,39.141402],[-77.988916,39.141347],[-77.989016,39.141324],[-77.989364,39.141367],[-77.989612,39.140945],[-77.988967,39.140455],[-77.989487,39.139728],[-77.990454,39.138505],[-77.987966,39.137411],[-77.985511,39.140356],[-77.983863,39.139588],[-77.981548,39.138653],[-77.981275,39.13858],[-77.981026,39.138546],[-77.980604,39.13854],[-77.980353,39.138574],[-77.980032,39.138656],[-77.979731,39.138778],[-77.979526,39.138893],[-77.979265,39.139089],[-77.97897,39.139431],[-77.977879,39.140924],[-77.977528,39.141263],[-77.977141,39.141494],[-77.976873,39.141592],[-77.976503,39.141682],[-77.974421,39.141823],[-77.973993,39.141936],[-77.97377,39.142018],[-77.973632,39.142097],[-77.971543,39.143865],[-77.971389,39.144087],[-77.971307,39.144296],[-77.971273,39.144514],[-77.971283,39.144679],[-77.971355,39.144942],[-77.971723,39.145709],[-77.972278,39.14698],[-77.972301,39.147099],[-77.972279,39.147227],[-77.974962,39.147731],[-77.975335,39.147829],[-77.975557,39.147959],[-77.974137,39.14918],[-77.973859,39.149575],[-77.973575,39.149861],[-77.972354,39.150906],[-77.971239,39.151929],[-77.971402,39.152027],[-77.971709,39.152098],[-77.973279,39.152234],[-77.973828,39.152339],[-77.974104,39.152484],[-77.974942,39.15303],[-77.975853,39.153689],[-77.974216,39.154489],[-77.972226,39.155622],[-77.972207,39.155602],[-77.971138,39.156221],[-77.971334,39.156432],[-77.971662,39.156719],[-77.972268,39.157125],[-77.972496,39.157477],[-77.972482,39.15792],[-77.972579,39.158292],[-77.972446,39.158939],[-77.97228,39.159294],[-77.974348,39.160022],[-77.974922,39.160188],[-77.975258,39.160244],[-77.975703,39.160216],[-77.976125,39.160241],[-77.976493,39.160304],[-77.976846,39.160403],[-77.977126,39.160315],[-77.977362,39.160409]]]},"properties":{"UNIQUE_ID":"Clarke County-:-201 - Berryville","COUNTYFP":"043","locality":"Clarke County","precinct":"201 - Berryville","dem24":875,"rep24":928}},
{"type":"Feature","geometry":{"type":"MultiPolygon","coordinates":[[[[-77.962355,39.013735],[-77.96198,39.01402],[-77.961976,39.014022],[-77.961392,39.014729],[-77.956404,39.020863],[-77.956414,39.020898],[-77.954799,39.021093],[-77.95075,39.02165],[-77.950436,39.02167],[-77.947884,39.022007],[-77.941227,39.023474],[-77.934322,39.027606],[-77.930647,39.029806],[-77.929927,39.030239],[-77.926815,39.035296],[-77.92658,39.035401],[-77.926557,39.035411],[-77.926477,39.035485],[-77.926119,39.035591],[-77.917642,39.03907],[-77.906806,39.045783],[-77.90289,39.049403],[-77.902021,39.050175],[-77.899086,39.052917],[-77.893279,39.055425],[-77.892976,39.055941],[-77.892683,39.056441],[-77.891791,39.057931],[-77.891744,39.058009],[-77.891724,39.058043],[-77.891145,39.059026],[-77.890173,39.060645],[-77.887862,39.064512],[-77.887869,39.064513],[-77.891217,39.065129],[-77.894032,39.065803],[-77.894469,39.065842],[-77.894685,39.065835],[-77.895073,39.065771],[-77.896634,39.065934],[-77.897109,39.065951],[-77.89725,39.065994],[-77.897563,39.066174],[-77.898122,39.066204],[-77.898904,39.066369],[-77.899109,39.06639],[-77.899266,39.066379],[-77.899787,39.066157],[-77.900361,39.066061],[-77.900735,39.065941],[-77.901481,39.065968],[-77.901637,39.066007],[-77.902091,39.066244],[-77.90268,39.066306],[-77.903688,39.06671],[-77.904072,39.066825],[-77.904274,39.066859],[-77.9053,39.066848],[-77.905685,39.066818],[-77.905942,39.066756],[-77.906962,39.066422],[-77.908497,39.065963],[-77.908647,39.065939],[-77.908934,39.065956],[-77.909112,39.06606],[-77.909262,39.066247],[-77.909438,39.066511],[-77.909649,39.066901],[-77.909979,39.067315],[-77.910072,39.067483],[-77.910253,39.06816],[-77.910398,39.068872],[-77.910541,39.069248],[-77.910725,39.069955],[-77.911,39.07063],[-77.911182,39.070976],[-77.912333,39.072472],[-77.912631,39.072755],[-77.912797,39.072808],[-77.913492,39.072821],[-77.913914,39.072782],[-77.914356,39.072665],[-77.91485,39.072412],[-77.915087,39.072351],[-77.915307,39.072356],[-77.91557,39.072427],[-77.915757,39.072581],[-77.915992,39.072704],[-77.916508,39.07278],[-77.916734,39.072796],[-77.917257,39.072747],[-77.917807,39.07274],[-77.918249,39.072692],[-77.918367,39.072726],[-77.918439,39.072783],[-77.918584,39.073039],[-77.91867,39.073139],[-77.9197,39.073595],[-77.919795,39.073601],[-77.919987,39.073566],[-77.92084,39.073132],[-77.921054,39.073073],[-77.922313,39.0732],[-77.922529,39.073269],[-77.922828,39.073577],[-77.923028,39.073658],[-77.924167,39.073898],[-77.926489,39.074467],[-77.927075,39.074546],[-77.929768,39.074748],[-77.929825,39.074495],[-77.931008,39.071936],[-77.93117,39.07176],[-77.931817,39.07134],[-77.931945,39.071281],[-77.932225,39.071227],[-77.932585,39.071476],[-77.933172,39.071658],[-77.933585,39.071914],[-77.933758,39.072051],[-77.933941,39.0723],[-77.934067,39.072718],[-77.934218,39.072886],[-77.934413,39.073025],[-77.934614,39.07311],[-77.934766,39.073145],[-77.935099,39.07312],[-77.935298,39.073065],[-77.935504,39.073098],[-77.935618,39.073182],[-77.935898,39.073497],[-77.936022,39.073572],[-77.936231,39.073579],[-77.936774,39.073421],[-77.936932,39.073414],[-77.93714,39.07344],[-77.937337,39.073572],[-77.937599,39.073577],[-77.937697,39.073608],[-77.9379,39.073832],[-77.9379,39.073913],[-77.937691,39.074117],[-77.937529,39.074376],[-77.937355,39.074531],[-77.93723,39.074712],[-77.937155,39.074895],[-77.937161,39.075087],[-77.937269,39.075432],[-77.937316,39.075745],[-77.937298,39.075773],[-77.937465,39.075901],[-77.937805,39.075972],[-77.937944,39.076031],[-77.938407,39.076347],[-77.938828,39.076519],[-77.939005,39.076669],[-77.939144,39.076727],[-77.939299,39.076752],[-77.939646,39.076701],[-77.939897,39.076637],[-77.940171,39.076513],[-77.940683,39.076222],[-77.940828,39.076173],[-77.941087,39.076137],[-77.941297,39.076146],[-77.941392,39.076183],[-77.941458,39.076246],[-77.94159,39.076314],[-77.94185,39.07635],[-77.942364,39.076494],[-77.943027,39.076558],[-77.943921,39.076495],[-77.944536,39.07666],[-77.944657,39.076674],[-77.944894,39.076622],[-77.94516,39.076486],[-77.945317,39.076504],[-77.945397,39.07654],[-77.945475,39.076453],[-77.94568,39.076324],[-77.946055,39.076172],[-77.946384,39.076074],[-77.947241,39.075917],[-77.947504,39.0759],[-77.947759,39.075952],[-77.94778,39.075988],[-77.947769,39.076276],[-77.947819,39.076287],[-77.948628,39.07626],[-77.948944,39.076113],[-77.949366,39.076016],[-77.949606,39.076],[-77.949697,39.076042],[-77.949805,39.076132],[-77.950293,39.076209],[-77.950547,39.076355],[-77.950743,39.076413],[-77.951024,39.076428],[-77.951243,39.076377],[-77.951595,39.076373],[-77.951955,39.076323],[-77.952087,39.076391],[-77.952301,39.076644],[-77.952382,39.076694],[-77.953768,39.077088],[-77.953925,39.077106],[-77.954368,39.077018],[-77.954719,39.076999],[-77.955257,39.077126],[-77.955415,39.077137],[-77.955977,39.077024],[-77.956509,39.076877],[-77.95684,39.07675],[-77.956997,39.076642],[-77.957084,39.076539],[-77.957389,39.076432],[-77.957623,39.076266],[-77.957757,39.0762],[-77.957895,39.076185],[-77.958352,39.076205],[-77.958577,39.076283],[-77.958722,39.0764],[-77.95954,39.077504],[-77.959612,39.07787],[-77.959631,39.078186],[-77.95946,39.078632],[-77.959591,39.079674],[-77.958637,39.080399],[-77.958279,39.080755],[-77.957855,39.081123],[-77.957607,39.081356],[-77.956757,39.082282],[-77.955922,39.083115],[-77.955484,39.083679],[-77.955323,39.084013],[-77.954622,39.085028],[-77.954267,39.085789],[-77.954088,39.086419],[-77.954058,39.086692],[-77.954072,39.087049],[-77.954179,39.087605],[-77.954448,39.08823],[-77.954571,39.088457],[-77.95483,39.088816],[-77.955541,39.089348],[-77.956028,39.089664],[-77.956284,39.089785],[-77.95671,39.089917],[-77.957239,39.090023],[-77.957793,39.090103],[-77.958371,39.09015],[-77.958618,39.090154],[-77.959003,39.090112],[-77.959566,39.090112],[-77.960339,39.090067],[-77.96079,39.090004],[-77.961266,39.089862],[-77.963616,39.088862],[-77.964308,39.088659],[-77.964622,39.088623],[-77.965185,39.088605],[-77.965445,39.088567],[-77.966325,39.088564],[-77.967347,39.088496],[-77.968292,39.088278],[-77.968501,39.088252],[-77.968993,39.088276],[-77.969353,39.08834],[-77.970141,39.088646],[-77.97078,39.088843],[-77.972249,39.089467],[-77.972532,39.089631],[-77.972797,39.089869],[-77.973074,39.09022],[-77.973533,39.090931],[-77.973676,39.091241],[-77.973812,39.091838],[-77.973959,39.092008],[-77.97411,39.092382],[-77.974146,39.092371],[-77.974161,39.092291],[-77.974156,39.09214],[-77.974067,39.09179],[-77.974091,39.091723],[-77.974152,39.091732],[-77.974227,39.091917],[-77.974273,39.092147],[-77.974301,39.092545],[-77.974285,39.092872],[-77.974422,39.09341],[-77.974509,39.094018],[-77.974605,39.094423],[-77.974713,39.095339],[-77.97476,39.096106],[-77.974871,39.096423],[-77.975045,39.097401],[-77.975061,39.09828],[-77.974965,39.098795],[-77.974843,39.099224],[-77.974738,39.099486],[-77.974573,39.09979],[-77.974306,39.100144],[-77.973644,39.100826],[-77.973411,39.101032],[-77.973202,39.101158],[-77.972492,39.10149],[-77.972346,39.101538],[-77.971891,39.101579],[-77.971541,39.101701],[-77.973403,39.101733],[-77.973742,39.101686],[-77.974521,39.101514],[-77.976035,39.101026],[-77.976368,39.100985],[-77.976507,39.101],[-77.976704,39.101059],[-77.978795,39.102172],[-77.979064,39.102234],[-77.979735,39.102271],[-77.97983,39.102602],[-77.980129,39.103276],[-77.980626,39.103982],[-77.981847,39.105373],[-77.982036,39.105697],[-77.982122,39.106066],[-77.981985,39.108858],[-77.981854,39.109313],[-77.981687,39.109656],[-77.981425,39.110029],[-77.98089,39.110642],[-77.979851,39.111744],[-77.97899,39.112742],[-77.978803,39.112988],[-77.978628,39.113292],[-77.978138,39.114614],[-77.977832,39.115351],[-77.97755,39.116509],[-77.97734,39.11705],[-77.974833,39.122592],[-77.972612,39.127216],[-77.972595,39.127435],[-77.972656,39.127726],[-77.972721,39.127878],[-77.972903,39.128111],[-77.973105,39.128271],[-77.974327,39.128944],[-77.974576,39.129191],[-77.974686,39.129393],[-77.974746,39.129592],[-77.974752,39.129811],[-77.974695,39.130026],[-77.974083,39.130986],[-77.973204,39.132243],[-77.972638,39.13314],[-77.970374,39.136455],[-77.97011,39.136926],[-77.970093,39.137],[-77.970081,39.137274],[-77.970127,39.13749],[-77.97025,39.137747],[-77.970443,39.137976],[-77.971162,39.138529],[-77.971844,39.138975],[-77.972877,39.139755],[-77.973418,39.140128],[-77.973789,39.140424],[-77.974017,39.140657],[-77.974177,39.140947],[-77.974421,39.141823],[-77.976503,39.141682],[-77.976873,39.141592],[-77.977141,39.141494],[-77.977528,39.141263],[-77.977879,39.140924],[-77.97897,39.139431],[-77.979265,39.139089],[-77.979526,39.138893],[-77.979731,39.138778],[-77.980032,39.138656],[-77.980353,39.138574],[-77.980604,39.13854],[-77.981026,39.138546],[-77.981275,39.13858],[-77.981548,39.138653],[-77.983863,39.139588],[-77.985511,39.140356],[-77.987966,39.137411],[-77.990454,39.138505],[-77.989487,39.139728],[-77.988967,39.140455],[-77.989612,39.140945],[-77.989364,39.141367],[-77.989016,39.141324],[-77.988916,39.141347],[-77.98882,39.141402],[-77.986528,39.14373],[-77.985872,39.144465],[-77.987271,39.145021],[-77.985803,39.147275],[-77.987007,39.147688],[-77.98721,39.147708],[-77.987467,39.147689],[-77.98756,39.14798],[-77.987756,39.148303],[-77.987871,39.148432],[-77.988124,39.148601],[-77.98883,39.14887],[-77.989126,39.148428],[-77.990057,39.147553],[-77.990818,39.14799],[-77.991118,39.148198],[-77.991379,39.148451],[-77.99164,39.14883],[-77.992362,39.148647],[-77.992887,39.148641],[-77.993402,39.148729],[-77.995459,39.149519],[-77.995827,39.149571],[-77.996276,39.149563],[-77.996275,39.149944],[-77.996958,39.150216],[-77.992748,39.154119],[-77.996389,39.155971],[-77.996855,39.156027],[-77.994216,39.1601],[-77.994167,39.160176],[-77.994566,39.160365],[-77.995359,39.160824],[-77.996627,39.161685],[-77.996886,39.161911],[-77.997092,39.162023],[-77.997213,39.161937],[-77.998913,39.159607],[-77.999179,39.1593],[-78.001835,39.157092],[-78.003312,39.155824],[-78.005316,39.154183],[-78.007292,39.152362],[-78.007479,39.15213],[-78.007629,39.151883],[-78.009487,39.148463],[-78.009678,39.148361],[-78.010846,39.1481],[-78.010992,39.14802],[-78.011068,39.147829],[-78.011301,39.14652],[-78.011776,39.144266],[-78.014493,39.14457],[-78.027822,39.14595],[-78.02829,39.145984],[-78.028643,39.145981],[-78.028862,39.145941],[-78.029042,39.145874],[-78.029254,39.145761],[-78.029453,39.145597],[-78.029923,39.144908],[-78.030764,39.143588],[-78.032261,39.141137],[-78.033098,39.139817],[-78.033311,39.139509],[-78.033436,39.139378],[-78.033644,39.13923],[-78.033825,39.139145],[-78.034227,39.13905],[-78.03465,39.13906],[-78.034964,39.139133],[-78.035625,39.139375],[-78.036943,39.139994],[-78.039345,39.141451],[-78.039856,39.140808],[-78.041852,39.138541],[-78.043452,39.136666],[-78.044382,39.135678],[-78.044457,39.135524],[-78.044446,39.134756],[-78.043953,39.133664],[-78.043888,39.133467],[-78.043822,39.132841],[-78.043736,39.132518],[-78.043614,39.132261],[-78.043288,39.131726],[-78.043291,39.131583],[-78.043498,39.130698],[-78.04353,39.130405],[-78.043545,39.129576],[-78.043451,39.129194],[-78.043318,39.129002],[-78.043152,39.128864],[-78.041815,39.128197],[-78.040649,39.127545],[-78.040512,39.127422],[-78.040456,39.127264],[-78.040446,39.1271],[-78.04048,39.126994],[-78.041623,39.125537],[-78.042395,39.124635],[-78.042496,39.124417],[-78.042557,39.124191],[-78.042685,39.12398],[-78.042114,39.123987],[-78.041456,39.123916],[-78.040984,39.123908],[-78.039704,39.12394],[-78.038856,39.124046],[-78.038629,39.124052],[-78.038289,39.124038],[-78.037616,39.123948],[-78.0372,39.123928],[-78.030085,39.123941],[-78.0272,39.124315],[-78.026897,39.124321],[-78.026706,39.12426],[-78.026472,39.124133],[-78.02597,39.123764],[-78.025775,39.123652],[-78.025485,39.1236],[-78.024668,39.123653],[-78.024485,39.1236],[-78.024349,39.123466],[-78.024149,39.123156],[-78.024049,39.123069],[-78.023835,39.122967],[-78.023709,39.122944],[-78.023423,39.122954],[-78.02268,39.123138],[-78.022448,39.123107],[-78.020539,39.122044],[-78.020336,39.121961],[-78.020193,39.121992],[-78.020096,39.122076],[-78.019817,39.122521],[-78.019576,39.122805],[-78.01919,39.123059],[-78.01894,39.123262],[-78.018797,39.123305],[-78.018631,39.123292],[-78.013733,39.120864],[-78.013289,39.120708],[-78.010386,39.119959],[-78.009697,39.11974],[-78.00929,39.119579],[-78.00873,39.119299],[-78.008057,39.118869],[-78.007378,39.118324],[-78.006042,39.117188],[-78.00551,39.116771],[-78.012756,39.108986],[-78.013094,39.108667],[-78.013741,39.108158],[-78.014444,39.107715],[-78.015167,39.107355],[-78.015644,39.107165],[-78.016361,39.106943],[-78.016961,39.106813],[-78.017429,39.106739],[-78.018319,39.106664],[-78.019997,39.106676],[-78.020751,39.106654],[-78.02167,39.106539],[-78.022499,39.10635],[-78.030289,39.103868],[-78.030995,39.103584],[-78.032339,39.102908],[-78.033254,39.102559],[-78.034032,39.102358],[-78.036736,39.1019],[-78.037378,39.101762],[-78.037958,39.101608],[-78.051037,39.097466],[-78.050939,39.097252],[-78.050936,39.097032],[-78.050965,39.096953],[-78.051085,39.096873],[-78.051101,39.096833],[-78.051092,39.096794],[-78.050963,39.096668],[-78.050984,39.096425],[-78.050826,39.09618],[-78.050763,39.096023],[-78.050758,39.09546],[-78.05068,39.095266],[-78.050767,39.095074],[-78.050917,39.094909],[-78.050958,39.094748],[-78.051039,39.094596],[-78.051064,39.094434],[-78.050969,39.094127],[-78.050905,39.094016],[-78.050959,39.093862],[-78.050845,39.093778],[-78.050831,39.093696],[-78.050746,39.093593],[-78.050699,39.093477],[-78.050542,39.093426],[-78.050517,39.093353],[-78.050166,39.093201],[-78.050096,39.093202],[-78.049936,39.093308],[-78.049884,39.093319],[-78.049757,39.093247],[-78.049703,39.093177],[-78.049539,39.093127],[-78.049438,39.093215],[-78.049283,39.093232],[-78.049055,39.093333],[-78.048896,39.093283],[-78.048851,39.093209],[-78.048748,39.093188],[-78.048679,39.093132],[-78.048542,39.093139],[-78.04845,39.093102],[-78.048417,39.092597],[-78.048511,39.092319],[-78.048412,39.092177],[-78.048514,39.091902],[-78.048557,39.091588],[-78.048555,39.091465],[-78.048475,39.091269],[-78.048442,39.091066],[-78.048237,39.090938],[-78.048101,39.090763],[-78.047927,39.09061],[-78.047707,39.090634],[-78.047506,39.090599],[-78.04749,39.090675],[-78.047454,39.090702],[-78.047002,39.090634],[-78.046991,39.090601],[-78.047058,39.090493],[-78.047038,39.090413],[-78.046996,39.09039],[-78.046872,39.090386],[-78.046806,39.090327],[-78.046831,39.090126],[-78.046814,39.090086],[-78.046726,39.089984],[-78.046578,39.089949],[-78.046465,39.089862],[-78.046404,39.089664],[-78.046321,39.08956],[-78.046133,39.089529],[-78.04589,39.089551],[-78.045786,39.089537],[-78.045714,39.089429],[-78.045622,39.08939],[-78.045501,39.089402],[-78.045373,39.089474],[-78.045269,39.089473],[-78.045199,39.089414],[-78.045189,39.089251],[-78.045107,39.089205],[-78.044918,39.089273],[-78.04461,39.089328],[-78.044519,39.08929],[-78.044419,39.089197],[-78.044316,39.089188],[-78.044266,39.0892],[-78.044205,39.08926],[-78.044011,39.089314],[-78.043962,39.089302],[-78.043846,39.089164],[-78.043789,39.089006],[-78.043575,39.088773],[-78.043459,39.088579],[-78.042938,39.088492],[-78.042879,39.088449],[-78.04287,39.088414],[-78.042766,39.088357],[-78.042848,39.088272],[-78.042867,39.088166],[-78.043,39.088056],[-78.043087,39.087901],[-78.04307,39.087653],[-78.043242,39.087132],[-78.043215,39.087082],[-78.043243,39.087033],[-78.043375,39.086913],[-78.043621,39.086939],[-78.043639,39.086878],[-78.043549,39.086733],[-78.043724,39.086211],[-78.043693,39.086133],[-78.043549,39.086052],[-78.043528,39.086016],[-78.043533,39.085852],[-78.043595,39.085787],[-78.043592,39.085745],[-78.043567,39.085667],[-78.043395,39.08546],[-78.043399,39.085379],[-78.043453,39.085265],[-78.043435,39.085226],[-78.043336,39.08513],[-78.043161,39.085049],[-78.04317,39.08498],[-78.043246,39.084874],[-78.043227,39.084834],[-78.043095,39.084744],[-78.042908,39.084668],[-78.042866,39.084594],[-78.042848,39.084155],[-78.042748,39.083724],[-78.042775,39.083561],[-78.042794,39.083528],[-78.042908,39.083468],[-78.042958,39.083238],[-78.043137,39.082854],[-78.043112,39.082677],[-78.042827,39.082398],[-78.04279,39.082238],[-78.043052,39.082036],[-78.043114,39.081754],[-78.043092,39.081632],[-78.043131,39.081484],[-78.043144,39.081445],[-78.043257,39.081358],[-78.043301,39.081239],[-78.04328,39.081164],[-78.043122,39.081101],[-78.043103,39.081022],[-78.043185,39.080918],[-78.043457,39.080767],[-78.043503,39.080693],[-78.043448,39.080354],[-78.043449,39.080149],[-78.04348,39.080027],[-78.043928,39.079556],[-78.044039,39.079385],[-78.0441,39.079227],[-78.044293,39.078998],[-78.044363,39.078772],[-78.04448,39.078635],[-78.044633,39.078522],[-78.044892,39.078435],[-78.044918,39.078403],[-78.04497,39.078286],[-78.04505,39.077893],[-78.045206,39.077457],[-78.04522,39.077238],[-78.045259,39.077227],[-78.044814,39.076938],[-78.044802,39.076761],[-78.044693,39.076675],[-78.044697,39.076514],[-78.044508,39.076317],[-78.044363,39.076276],[-78.044003,39.076331],[-78.043707,39.076243],[-78.043683,39.076166],[-78.04377,39.076064],[-78.043818,39.075948],[-78.043788,39.075826],[-78.04374,39.075753],[-78.043587,39.075644],[-78.043209,39.07558],[-78.043088,39.075501],[-78.042914,39.075299],[-78.042906,39.075217],[-78.043004,39.075073],[-78.042992,39.074995],[-78.042651,39.074737],[-78.042534,39.074556],[-78.042547,39.074476],[-78.042622,39.074417],[-78.042677,39.074302],[-78.042673,39.074138],[-78.04244,39.073818],[-78.042266,39.073118],[-78.041969,39.072728],[-78.041794,39.072414],[-78.041698,39.072178],[-78.041553,39.071959],[-78.041555,39.071835],[-78.041607,39.071677],[-78.041555,39.071518],[-78.041445,39.07138],[-78.041354,39.071336],[-78.041295,39.071223],[-78.041292,39.07114],[-78.041359,39.071029],[-78.042083,39.070271],[-78.042112,39.070192],[-78.042106,39.070086],[-78.041962,39.069968],[-78.041574,39.069755],[-78.041457,39.069618],[-78.041428,39.069539],[-78.041331,39.069443],[-78.040874,39.06943],[-78.040722,39.069466],[-78.040563,39.069525],[-78.04044,39.069656],[-78.040347,39.06969],[-78.040243,39.069687],[-78.040085,39.06963],[-78.039879,39.069443],[-78.039625,39.06902],[-78.039449,39.068799],[-78.039388,39.068557],[-78.039309,39.068434],[-78.039141,39.068335],[-78.038963,39.068276],[-78.038635,39.06809],[-78.038567,39.068026],[-78.038387,39.067959],[-78.037912,39.067632],[-78.03771,39.067571],[-78.037582,39.067598],[-78.037511,39.067192],[-78.037334,39.066924],[-78.036795,39.066434],[-78.036527,39.066228],[-78.036118,39.065839],[-78.035215,39.064821],[-78.034804,39.064545],[-78.034215,39.064318],[-78.033712,39.064202],[-78.033547,39.064194],[-78.033207,39.064219],[-78.031987,39.064543],[-78.031754,39.064564],[-78.031617,39.064542],[-78.031289,39.064446],[-78.030579,39.064149],[-78.029797,39.063703],[-78.023326,39.058967],[-78.016465,39.05379],[-78.015692,39.05325],[-78.014639,39.052453],[-78.013024,39.051305],[-78.011802,39.050395],[-78.010236,39.049034],[-78.009043,39.047933],[-78.008335,39.047313],[-78.008197,39.047147],[-78.00821,39.046974],[-78.005735,39.046106],[-78.004682,39.045664],[-78.003916,39.045273],[-78.003114,39.044795],[-78.002154,39.044127],[-78.001496,39.043589],[-78.00092,39.043044],[-77.999106,39.041248],[-77.997786,39.039886],[-77.996794,39.038958],[-77.99625,39.038526],[-77.993556,39.03655],[-77.991852,39.035338],[-77.990997,39.034748],[-77.990368,39.034396],[-77.989816,39.034154],[-77.988879,39.033818],[-77.988191,39.033541],[-77.987763,39.033351],[-77.987084,39.032994],[-77.985647,39.032114],[-77.982551,39.02992],[-77.981897,39.029492],[-77.981613,39.02932],[-77.980267,39.028605],[-77.978898,39.027983],[-77.978045,39.027451],[-77.977596,39.027103],[-77.977207,39.026737],[-77.976513,39.025944],[-77.976182,39.025613],[-77.975106,39.024374],[-77.9742,39.023411],[-77.972491,39.021661],[-77.971909,39.021113],[-77.97156,39.020825],[-77.970789,39.020249],[-77.969974,39.019724],[-77.969174,39.019345],[-77.966106,39.017994],[-77.965613,39.017723],[-77.965059,39.017302],[-77.964791,39.017047],[-77.964426,39.016583],[-77.963166,39.014517],[-77.962914,39.014202],[-77.962355,39.013735]]],[[[-77.948714,39.021902],[-77.950322,39.021685],[-77.949975,39.021731],[-77.950325,39.021685],[-77.950322,39.021685],[-77.948714,39.021902]]]]},"properties":{"UNIQUE_ID":"Clarke County-:-301 - Millwood","COUNTYFP":"043","locality":"Clarke County","precinct":"301 - Millwood","dem24":655,"rep24":876}},
{"type":"Feature","geometry":{"type":"Polygon","coordinates":[[[-77.887869,39.064513],[-77.887862,39.064512],[-77.88197,39.072297],[-77.881756,39.072589],[-77.881675,39.072685],[-77.877596,39.078042],[-77.87395,39.080148],[-77.862825,39.080979],[-77.862045,39.082297],[-77.861969,39.08243],[-77.861584,39.083072],[-77.855786,39.092805],[-77.854578,39.097664],[-77.854166,39.099346],[-77.854085,39.100016],[-77.853843,39.100999],[-77.85246,39.10358],[-77.852147,39.104038],[-77.852137,39.104052],[-77.851737,39.104794],[-77.847332,39.113089],[-77.846602,39.114464],[-77.846126,39.115359],[-77.84575,39.116068],[-77.845756,39.116068],[-77.846398,39.116035],[-77.848864,39.115826],[-77.850011,39.115787],[-77.850698,39.11582],[-77.851123,39.115872],[-77.852674,39.116184],[-77.852639,39.116528],[-77.852642,39.116611],[-77.852693,39.116713],[-77.85284,39.11688],[-77.853277,39.117241],[-77.853708,39.117652],[-77.854125,39.118233],[-77.854294,39.118639],[-77.854377,39.118919],[-77.854623,39.120222],[-77.854691,39.120317],[-77.85479,39.120395],[-77.854977,39.12047],[-77.855186,39.120484],[-77.855387,39.120435],[-77.855548,39.120331],[-77.855623,39.120238],[-77.855701,39.119384],[-77.855865,39.118481],[-77.856091,39.118172],[-77.856429,39.117893],[-77.856703,39.117742],[-77.857079,39.117592],[-77.858151,39.117332],[-77.858833,39.11726],[-77.85987,39.117296],[-77.860213,39.117358],[-77.860474,39.11744],[-77.861456,39.117897],[-77.862299,39.11822],[-77.863134,39.118487],[-77.866447,39.119304],[-77.868579,39.11978],[-77.869121,39.119929],[-77.872375,39.120695],[-77.872565,39.120712],[-77.872814,39.120699],[-77.872946,39.120663],[-77.873044,39.120593],[-77.873198,39.120418],[-77.874247,39.120914],[-77.87534,39.121305],[-77.875999,39.121488],[-77.877061,39.121732],[-77.879286,39.122296],[-77.880557,39.122543],[-77.881251,39.122613],[-77.882024,39.122661],[-77.885703,39.122531],[-77.886186,39.122546],[-77.886813,39.122619],[-77.88763,39.122789],[-77.888421,39.123047],[-77.889459,39.123513],[-77.890681,39.124104],[-77.891885,39.124673],[-77.892152,39.124487],[-77.893307,39.123468],[-77.89385,39.123103],[-77.89433,39.123066],[-77.894344,39.123027],[-77.894583,39.122864],[-77.894748,39.122704],[-77.894846,39.122558],[-77.895005,39.122165],[-77.895043,39.12199],[-77.895276,39.121457],[-77.89556,39.120425],[-77.89585,39.119633],[-77.896581,39.118514],[-77.896737,39.118208],[-77.898099,39.115454],[-77.898634,39.114262],[-77.899265,39.112647],[-77.899431,39.112314],[-77.89971,39.111871],[-77.900451,39.110873],[-77.901346,39.109854],[-77.901914,39.109259],[-77.902288,39.108988],[-77.902933,39.108585],[-77.903933,39.107871],[-77.905431,39.106891],[-77.906526,39.106268],[-77.906667,39.106164],[-77.907449,39.105768],[-77.908378,39.105375],[-77.908807,39.10525],[-77.909368,39.105129],[-77.9103,39.104982],[-77.912705,39.104738],[-77.913901,39.104679],[-77.915292,39.10471],[-77.915853,39.104753],[-77.918095,39.104466],[-77.919677,39.104188],[-77.919726,39.104201],[-77.919755,39.104175],[-77.922383,39.103704],[-77.923113,39.103463],[-77.924073,39.103094],[-77.924927,39.102802],[-77.925422,39.102702],[-77.926085,39.102478],[-77.926748,39.102223],[-77.926923,39.10213],[-77.927611,39.101852],[-77.928965,39.101209],[-77.929251,39.10105],[-77.930822,39.100034],[-77.93179,39.099507],[-77.932545,39.099155],[-77.933833,39.098388],[-77.934105,39.098291],[-77.934416,39.098135],[-77.93478,39.097897],[-77.93526,39.097533],[-77.935829,39.096939],[-77.936042,39.096776],[-77.936338,39.096626],[-77.936446,39.096536],[-77.937293,39.095625],[-77.937519,39.095347],[-77.937653,39.095238],[-77.93794,39.095078],[-77.938492,39.094836],[-77.939203,39.094595],[-77.939593,39.094522],[-77.939891,39.094499],[-77.940614,39.09451],[-77.941086,39.094552],[-77.941705,39.094748],[-77.942206,39.09495],[-77.942667,39.095035],[-77.942878,39.095135],[-77.943082,39.095287],[-77.943189,39.095428],[-77.94336,39.095523],[-77.944876,39.09583],[-77.945212,39.095949],[-77.945253,39.095975],[-77.945259,39.096016],[-77.945322,39.095994],[-77.945372,39.096007],[-77.945801,39.096168],[-77.946101,39.096248],[-77.94829,39.09667],[-77.949477,39.096793],[-77.949865,39.096921],[-77.950167,39.096867],[-77.950307,39.096875],[-77.950545,39.097036],[-77.950804,39.097154],[-77.951876,39.097466],[-77.952604,39.097712],[-77.953087,39.097842],[-77.953588,39.09804],[-77.954232,39.098181],[-77.954849,39.098383],[-77.955566,39.098647],[-77.956311,39.098959],[-77.957205,39.099371],[-77.957805,39.099532],[-77.959194,39.099854],[-77.959517,39.099995],[-77.960051,39.100285],[-77.960298,39.100358],[-77.960899,39.100467],[-77.961296,39.100579],[-77.962167,39.100841],[-77.962678,39.101028],[-77.964128,39.101454],[-77.964415,39.10156],[-77.964614,39.101603],[-77.964604,39.101565],[-77.964484,39.101483],[-77.964496,39.101449],[-77.964703,39.101444],[-77.964897,39.101509],[-77.965351,39.101747],[-77.965985,39.101923],[-77.96659,39.102015],[-77.967221,39.102063],[-77.968102,39.102069],[-77.970141,39.101967],[-77.9707,39.101842],[-77.971541,39.101701],[-77.971891,39.101579],[-77.972346,39.101538],[-77.972492,39.10149],[-77.973202,39.101158],[-77.973411,39.101032],[-77.973644,39.100826],[-77.974306,39.100144],[-77.974573,39.09979],[-77.974738,39.099486],[-77.974843,39.099224],[-77.974965,39.098795],[-77.975061,39.09828],[-77.975045,39.097401],[-77.974871,39.096423],[-77.97476,39.096106],[-77.974713,39.095339],[-77.974605,39.094423],[-77.974509,39.094018],[-77.974422,39.09341],[-77.974285,39.092872],[-77.974301,39.092545],[-77.974273,39.092147],[-77.974227,39.091917],[-77.974152,39.091732],[-77.974091,39.091723],[-77.974067,39.09179],[-77.974156,39.09214],[-77.974161,39.092291],[-77.974146,39.092371],[-77.97411,39.092382],[-77.973959,39.092008],[-77.973812,39.091838],[-77.973676,39.091241],[-77.973533,39.090931],[-77.973074,39.09022],[-77.972797,39.089869],[-77.972532,39.089631],[-77.972249,39.089467],[-77.97078,39.088843],[-77.970141,39.088646],[-77.969353,39.08834],[-77.968993,39.088276],[-77.968501,39.088252],[-77.968292,39.088278],[-77.967347,39.088496],[-77.966325,39.088564],[-77.965445,39.088567],[-77.965185,39.088605],[-77.964622,39.088623],[-77.964308,39.088659],[-77.963616,39.088862],[-77.961266,39.089862],[-77.96079,39.090004],[-77.960339,39.090067],[-77.959566,39.090112],[-77.959003,39.090112],[-77.958618,39.090154],[-77.958371,39.09015],[-77.957793,39.090103],[-77.957239,39.090023],[-77.95671,39.089917],[-77.956284,39.089785],[-77.956028,39.089664],[-77.955541,39.089348],[-77.95483,39.088816],[-77.954571,39.088457],[-77.954448,39.08823],[-77.954179,39.087605],[-77.954072,39.087049],[-77.954058,39.086692],[-77.954088,39.086419],[-77.954267,39.085789],[-77.954622,39.085028],[-77.955323,39.084013],[-77.955484,39.083679],[-77.955922,39.083115],[-77.956757,39.082282],[-77.957607,39.081356],[-77.957855,39.081123],[-77.958279,39.080755],[-77.958637,39.080399],[-77.959591,39.079674],[-77.95946,39.078632],[-77.959631,39.078186],[-77.959612,39.07787],[-77.95954,39.077504],[-77.958722,39.0764],[-77.958577,39.076283],[-77.958352,39.076205],[-77.957895,39.076185],[-77.957757,39.0762],[-77.957623,39.076266],[-77.957389,39.076432],[-77.957084,39.076539],[-77.956997,39.076642],[-77.95684,39.07675],[-77.956509,39.076877],[-77.955977,39.077024],[-77.955415,39.077137],[-77.955257,39.077126],[-77.954719,39.076999],[-77.954368,39.077018],[-77.953925,39.077106],[-77.953768,39.077088],[-77.952382,39.076694],[-77.952301,39.076644],[-77.952087,39.076391],[-77.951955,39.076323],[-77.951595,39.076373],[-77.951243,39.076377],[-77.951024,39.076428],[-77.950743,39.076413],[-77.950547,39.076355],[-77.950293,39.076209],[-77.949805,39.076132],[-77.949697,39.076042],[-77.949606,39.076],[-77.949366,39.076016],[-77.948944,39.076113],[-77.948628,39.07626],[-77.947819,39.076287],[-77.947769,39.076276],[-77.94778,39.075988],[-77.947759,39.075952],[-77.947504,39.0759],[-77.947241,39.075917],[-77.946384,39.076074],[-77.946055,39.076172],[-77.94568,39.076324],[-77.945475,39.076453],[-77.945397,39.07654],[-77.945317,39.076504],[-77.94516,39.076486],[-77.944894,39.076622],[-77.944657,39.076674],[-77.944536,39.07666],[-77.943921,39.076495],[-77.943027,39.076558],[-77.942364,39.076494],[-77.94185,39.07635],[-77.94159,39.076314],[-77.941458,39.076246],[-77.941392,39.076183],[-77.941297,39.076146],[-77.941087,39.076137],[-77.940828,39.076173],[-77.940683,39.076222],[-77.940171,39.076513],[-77.939897,39.076637],[-77.939646,39.076701],[-77.939299,39.076752],[-77.939144,39.076727],[-77.939005,39.076669],[-77.938828,39.076519],[-77.938407,39.076347],[-77.937944,39.076031],[-77.937805,39.075972],[-77.937465,39.075901],[-77.937298,39.075773],[-77.937316,39.075745],[-77.937269,39.075432],[-77.937161,39.075087],[-77.937155,39.074895],[-77.93723,39.074712],[-77.937355,39.074531],[-77.937529,39.074376],[-77.937691,39.074117],[-77.9379,39.073913],[-77.9379,39.073832],[-77.937697,39.073608],[-77.937599,39.073577],[-77.937337,39.073572],[-77.93714,39.07344],[-77.936932,39.073414],[-77.936774,39.073421],[-77.936231,39.073579],[-77.936022,39.073572],[-77.935898,39.073497],[-77.935618,39.073182],[-77.935504,39.073098],[-77.935298,39.073065],[-77.935099,39.07312],[-77.934766,39.073145],[-77.934614,39.07311],[-77.934413,39.073025],[-77.934218,39.072886],[-77.934067,39.072718],[-77.933941,39.0723],[-77.933758,39.072051],[-77.933585,39.071914],[-77.933172,39.071658],[-77.932585,39.071476],[-77.932225,39.071227],[-77.931945,39.071281],[-77.931817,39.07134],[-77.93117,39.07176],[-77.931008,39.071936],[-77.929825,39.074495],[-77.929768,39.074748],[-77.927075,39.074546],[-77.926489,39.074467],[-77.924167,39.073898],[-77.923028,39.073658],[-77.922828,39.073577],[-77.922529,39.073269],[-77.922313,39.0732],[-77.921054,39.073073],[-77.92084,39.073132],[-77.919987,39.073566],[-77.919795,39.073601],[-77.9197,39.073595],[-77.91867,39.073139],[-77.918584,39.073039],[-77.918439,39.072783],[-77.918367,39.072726],[-77.918249,39.072692],[-77.917807,39.07274],[-77.917257,39.072747],[-77.916734,39.072796],[-77.916508,39.07278],[-77.915992,39.072704],[-77.915757,39.072581],[-77.91557,39.072427],[-77.915307,39.072356],[-77.915087,39.072351],[-77.91485,39.072412],[-77.914356,39.072665],[-77.913914,39.072782],[-77.913492,39.072821],[-77.912797,39.072808],[-77.912631,39.072755],[-77.912333,39.072472],[-77.911182,39.070976],[-77.911,39.07063],[-77.910725,39.069955],[-77.910541,39.069248],[-77.910398,39.068872],[-77.910253,39.06816],[-77.910072,39.067483],[-77.909979,39.067315],[-77.909649,39.066901],[-77.909438,39.066511],[-77.909262,39.066247],[-77.909112,39.06606],[-77.908934,39.065956],[-77.908647,39.065939],[-77.908497,39.065963],[-77.906962,39.066422],[-77.905942,39.066756],[-77.905685,39.066818],[-77.9053,39.066848],[-77.904274,39.066859],[-77.904072,39.066825],[-77.903688,39.06671],[-77.90268,39.066306],[-77.902091,39.066244],[-77.901637,39.066007],[-77.901481,39.065968],[-77.900735,39.065941],[-77.900361,39.066061],[-77.899787,39.066157],[-77.899266,39.066379],[-77.899109,39.06639],[-77.898904,39.066369],[-77.898122,39.066204],[-77.897563,39.066174],[-77.89725,39.065994],[-77.897109,39.065951],[-77.896634,39.065934],[-77.895073,39.065771],[-77.894685,39.065835],[-77.894469,39.065842],[-77.894032,39.065803],[-77.891217,39.065129],[-77.887869,39.064513]]]},"properties":{"UNIQUE_ID":"Clarke County-:-302 - Pine Grove","COUNTYFP":"043","locality":"Clarke County","precinct":"302 - Pine Grove","dem24":270,"rep24":347}},
{"type":"Feature","geometry":{"type":"Polygon","coordinates":[[[-78.04556,39.012158],[-78.046222,39.011796],[-78.046165,39.011752],[-78.045304,39.011091],[-78.042617,39.008936],[-78.042605,39.008926],[-78.042574,39.008872],[-78.042556,39.00884],[-78.043546,39.007858],[-78.043571,39.007834],[-78.043169,39.007598],[-78.040978,39.006181],[-78.040961,39.006169],[-78.041017,39.005941],[-78.040101,39.005356],[-78.039763,39.005141],[-78.03952,39.004986],[-78.039471,39.005067],[-78.037569,39.003444],[-78.0376,39.003406],[-78.037822,39.00313],[-78.037819,39.003129],[-78.036733,39.002439],[-78.036414,39.002586],[-78.03628,39.002481],[-78.035745,39.002712],[-78.035429,39.002849],[-78.034944,39.003152],[-78.034795,39.003207],[-78.034764,39.003219],[-78.034743,39.003133],[-78.034406,39.001747],[-78.034388,39.001673],[-78.034384,39.001657],[-78.034626,39.00156],[-78.027881,38.996607],[-78.00474,38.979612],[-78.004831,38.979298],[-78.004834,38.979289],[-78.004643,38.979343],[-78.004313,38.979438],[-78.00364,38.980058],[-78.003172,38.980629],[-78.002655,38.98106],[-78.002403,38.981364],[-78.002204,38.981745],[-78.002091,38.982228],[-78.002098,38.982737],[-78.002048,38.98333],[-78.001455,38.984107],[-78.001204,38.98434],[-78.000886,38.984515],[-77.999949,38.984656],[-77.999775,38.984715],[-77.998119,38.985879],[-77.997301,38.986536],[-77.996854,38.987131],[-77.99642,38.987769],[-77.995874,38.988453],[-77.994433,38.990105],[-77.991859,38.992487],[-77.991311,38.99281],[-77.990185,38.993322],[-77.989905,38.993639],[-77.989895,38.993982],[-77.990218,38.994592],[-77.990733,38.995458],[-77.990723,38.99592],[-77.990275,38.996493],[-77.988994,38.997535],[-77.988579,38.997735],[-77.987568,38.998132],[-77.987191,38.998321],[-77.98639,38.999041],[-77.984616,39.000157],[-77.981295,39.002408],[-77.980431,39.002749],[-77.978138,39.002949],[-77.977565,39.002867],[-77.97711,39.002656],[-77.976685,39.002551],[-77.975536,39.002797],[-77.974282,39.003354],[-77.973584,39.00402],[-77.973143,39.004663],[-77.972453,39.005186],[-77.971718,39.005597],[-77.970314,39.006012],[-77.969001,39.006672],[-77.967753,39.007438],[-77.965505,39.008735],[-77.964944,39.009349],[-77.962602,39.013497],[-77.962594,39.013511],[-77.962547,39.013592],[-77.962355,39.013735],[-77.962914,39.014202],[-77.963166,39.014517],[-77.964426,39.016583],[-77.964791,39.017047],[-77.965059,39.017302],[-77.965613,39.017723],[-77.966106,39.017994],[-77.969174,39.019345],[-77.969974,39.019724],[-77.970789,39.020249],[-77.97156,39.020825],[-77.971909,39.021113],[-77.972491,39.021661],[-77.9742,39.023411],[-77.975106,39.024374],[-77.976182,39.025613],[-77.976513,39.025944],[-77.977207,39.026737],[-77.977596,39.027103],[-77.978045,39.027451],[-77.978898,39.027983],[-77.980267,39.028605],[-77.981613,39.02932],[-77.981897,39.029492],[-77.982551,39.02992],[-77.985647,39.032114],[-77.987084,39.032994],[-77.987763,39.033351],[-77.988191,39.033541],[-77.988879,39.033818],[-77.989816,39.034154],[-77.990368,39.034396],[-77.990997,39.034748],[-77.991852,39.035338],[-77.993556,39.03655],[-77.99625,39.038526],[-77.996794,39.038958],[-77.997786,39.039886],[-77.999106,39.041248],[-78.00092,39.043044],[-78.001496,39.043589],[-78.002154,39.044127],[-78.003114,39.044795],[-78.003916,39.045273],[-78.004682,39.045664],[-78.005735,39.046106],[-78.00821,39.046974],[-78.008197,39.047147],[-78.008335,39.047313],[-78.009043,39.047933],[-78.010236,39.049034],[-78.011802,39.050395],[-78.013024,39.051305],[-78.014639,39.052453],[-78.015692,39.05325],[-78.016465,39.05379],[-78.023326,39.058967],[-78.029797,39.063703],[-78.030579,39.064149],[-78.031289,39.064446],[-78.031617,39.064542],[-78.031754,39.064564],[-78.031987,39.064543],[-78.033207,39.064219],[-78.033547,39.064194],[-78.033712,39.064202],[-78.034215,39.064318],[-78.034804,39.064545],[-78.035215,39.064821],[-78.036118,39.065839],[-78.036527,39.066228],[-78.036795,39.066434],[-78.037334,39.066924],[-78.037511,39.067192],[-78.037582,39.067598],[-78.03771,39.067571],[-78.037912,39.067632],[-78.038387,39.067959],[-78.038567,39.068026],[-78.038635,39.06809],[-78.038963,39.068276],[-78.039141,39.068335],[-78.039309,39.068434],[-78.039388,39.068557],[-78.039449,39.068799],[-78.039625,39.06902],[-78.039879,39.069443],[-78.040085,39.06963],[-78.040243,39.069687],[-78.040347,39.06969],[-78.04044,39.069656],[-78.040563,39.069525],[-78.040722,39.069466],[-78.040874,39.06943],[-78.041331,39.069443],[-78.041428,39.069539],[-78.041457,39.069618],[-78.041574,39.069755],[-78.041962,39.069968],[-78.042106,39.070086],[-78.042112,39.070192],[-78.042083,39.070271],[-78.041359,39.071029],[-78.041292,39.07114],[-78.041295,39.071223],[-78.041354,39.071336],[-78.041445,39.07138],[-78.041555,39.071518],[-78.041607,39.071677],[-78.041555,39.071835],[-78.041553,39.071959],[-78.041698,39.072178],[-78.041794,39.072414],[-78.041969,39.072728],[-78.042266,39.073118],[-78.04244,39.073818],[-78.042673,39.074138],[-78.042677,39.074302],[-78.042622,39.074417],[-78.042547,39.074476],[-78.042534,39.074556],[-78.042651,39.074737],[-78.042992,39.074995],[-78.043004,39.075073],[-78.042906,39.075217],[-78.042914,39.075299],[-78.043088,39.075501],[-78.043209,39.07558],[-78.043587,39.075644],[-78.04374,39.075753],[-78.043788,39.075826],[-78.043818,39.075948],[-78.04377,39.076064],[-78.043683,39.076166],[-78.043707,39.076243],[-78.044003,39.076331],[-78.044363,39.076276],[-78.044508,39.076317],[-78.044697,39.076514],[-78.044693,39.076675],[-78.044802,39.076761],[-78.044814,39.076938],[-78.045259,39.077227],[-78.04522,39.077238],[-78.045206,39.077457],[-78.04505,39.077893],[-78.04497,39.078286],[-78.044918,39.078403],[-78.044892,39.078435],[-78.044633,39.078522],[-78.04448,39.078635],[-78.044363,39.078772],[-78.044293,39.078998],[-78.0441,39.079227],[-78.044039,39.079385],[-78.043928,39.079556],[-78.04348,39.080027],[-78.043449,39.080149],[-78.043448,39.080354],[-78.043503,39.080693],[-78.043457,39.080767],[-78.043185,39.080918],[-78.043103,39.081022],[-78.043122,39.081101],[-78.04328,39.081164],[-78.043301,39.081239],[-78.043257,39.081358],[-78.043144,39.081445],[-78.043131,39.081484],[-78.043092,39.081632],[-78.043114,39.081754],[-78.043052,39.082036],[-78.04279,39.082238],[-78.042827,39.082398],[-78.043112,39.082677],[-78.043137,39.082854],[-78.042958,39.083238],[-78.042908,39.083468],[-78.042794,39.083528],[-78.042775,39.083561],[-78.042748,39.083724],[-78.042848,39.084155],[-78.042866,39.084594],[-78.042908,39.084668],[-78.043095,39.084744],[-78.043227,39.084834],[-78.043246,39.084874],[-78.04317,39.08498],[-78.043161,39.085049],[-78.043336,39.08513],[-78.043435,39.085226],[-78.043453,39.085265],[-78.043399,39.085379],[-78.043395,39.08546],[-78.043567,39.085667],[-78.043592,39.085745],[-78.043595,39.085787],[-78.043533,39.085852],[-78.043528,39.086016],[-78.043549,39.086052],[-78.043693,39.086133],[-78.043724,39.086211],[-78.043549,39.086733],[-78.043639,39.086878],[-78.043621,39.086939],[-78.043375,39.086913],[-78.043243,39.087033],[-78.043215,39.087082],[-78.043242,39.087132],[-78.04307,39.087653],[-78.043087,39.087901],[-78.043,39.088056],[-78.042867,39.088166],[-78.042848,39.088272],[-78.042766,39.088357],[-78.04287,39.088414],[-78.042879,39.088449],[-78.042938,39.088492],[-78.043459,39.088579],[-78.043575,39.088773],[-78.043789,39.089006],[-78.043846,39.089164],[-78.043962,39.089302],[-78.044011,39.089314],[-78.044205,39.08926],[-78.044266,39.0892],[-78.044316,39.089188],[-78.044419,39.089197],[-78.044519,39.08929],[-78.04461,39.089328],[-78.044918,39.089273],[-78.045107,39.089205],[-78.045189,39.089251],[-78.045199,39.089414],[-78.045269,39.089473],[-78.045373,39.089474],[-78.045501,39.089402],[-78.045622,39.08939],[-78.045714,39.089429],[-78.045786,39.089537],[-78.04589,39.089551],[-78.046133,39.089529],[-78.046321,39.08956],[-78.046404,39.089664],[-78.046465,39.089862],[-78.046578,39.089949],[-78.046726,39.089984],[-78.046814,39.090086],[-78.046831,39.090126],[-78.046806,39.090327],[-78.046872,39.090386],[-78.046996,39.09039],[-78.047038,39.090413],[-78.047058,39.090493],[-78.046991,39.090601],[-78.047002,39.090634],[-78.047454,39.090702],[-78.04749,39.090675],[-78.047506,39.090599],[-78.047707,39.090634],[-78.047927,39.09061],[-78.048101,39.090763],[-78.048237,39.090938],[-78.048442,39.091066],[-78.048475,39.091269],[-78.048555,39.091465],[-78.048557,39.091588],[-78.048514,39.091902],[-78.048412,39.092177],[-78.048511,39.092319],[-78.048417,39.092597],[-78.04845,39.093102],[-78.048542,39.093139],[-78.048679,39.093132],[-78.048748,39.093188],[-78.048851,39.093209],[-78.048896,39.093283],[-78.049055,39.093333],[-78.049283,39.093232],[-78.049438,39.093215],[-78.049539,39.093127],[-78.049703,39.093177],[-78.049757,39.093247],[-78.049884,39.093319],[-78.049936,39.093308],[-78.050096,39.093202],[-78.050166,39.093201],[-78.050517,39.093353],[-78.050542,39.093426],[-78.050699,39.093477],[-78.050746,39.093593],[-78.050831,39.093696],[-78.050845,39.093778],[-78.050959,39.093862],[-78.050905,39.094016],[-78.050969,39.094127],[-78.051064,39.094434],[-78.051039,39.094596],[-78.050958,39.094748],[-78.050917,39.094909],[-78.050767,39.095074],[-78.05068,39.095266],[-78.050758,39.09546],[-78.050763,39.096023],[-78.050826,39.09618],[-78.050984,39.096425],[-78.050963,39.096668],[-78.051092,39.096794],[-78.051101,39.096833],[-78.051085,39.096873],[-78.050965,39.096953],[-78.050936,39.097032],[-78.050939,39.097252],[-78.051037,39.097466],[-78.037958,39.101608],[-78.037378,39.101762],[-78.036736,39.1019],[-78.034032,39.102358],[-78.033254,39.102559],[-78.032339,39.102908],[-78.030995,39.103584],[-78.030289,39.103868],[-78.022499,39.10635],[-78.02167,39.106539],[-78.020751,39.106654],[-78.019997,39.106676],[-78.018319,39.106664],[-78.017429,39.106739],[-78.016961,39.106813],[-78.016361,39.106943],[-78.015644,39.107165],[-78.015167,39.107355],[-78.014444,39.107715],[-78.013741,39.108158],[-78.013094,39.108667],[-78.012756,39.108986],[-78.00551,39.116771],[-78.006042,39.117188],[-78.007378,39.118324],[-78.008057,39.118869],[-78.00873,39.119299],[-78.00929,39.119579],[-78.009697,39.11974],[-78.010386,39.119959],[-78.013289,39.120708],[-78.013733,39.120864],[-78.018631,39.123292],[-78.018797,39.123305],[-78.01894,39.123262],[-78.01919,39.123059],[-78.019576,39.122805],[-78.019817,39.122521],[-78.020096,39.122076],[-78.020193,39.121992],[-78.020336,39.121961],[-78.020539,39.122044],[-78.022448,39.123107],[-78.02268,39.123138],[-78.023423,39.122954],[-78.023709,39.122944],[-78.023835,39.122967],[-78.024049,39.123069],[-78.024149,39.123156],[-78.024349,39.123466],[-78.024485,39.1236],[-78.024668,39.123653],[-78.025485,39.1236],[-78.025775,39.123652],[-78.02597,39.123764],[-78.026472,39.124133],[-78.026706,39.12426],[-78.026897,39.124321],[-78.0272,39.124315],[-78.030085,39.123941],[-78.0372,39.123928],[-78.037616,39.123948],[-78.038289,39.124038],[-78.038629,39.124052],[-78.038856,39.124046],[-78.039704,39.12394],[-78.040984,39.123908],[-78.041456,39.123916],[-78.042114,39.123987],[-78.042685,39.12398],[-78.042557,39.124191],[-78.042496,39.124417],[-78.042395,39.124635],[-78.041623,39.125537],[-78.04048,39.126994],[-78.040446,39.1271],[-78.040456,39.127264],[-78.040512,39.127422],[-78.040649,39.127545],[-78.041815,39.128197],[-78.043152,39.128864],[-78.043318,39.129002],[-78.043451,39.129194],[-78.043545,39.129576],[-78.04353,39.130405],[-78.043498,39.130698],[-78.043291,39.131583],[-78.043288,39.131726],[-78.043614,39.132261],[-78.043736,39.132518],[-78.043822,39.132841],[-78.043888,39.133467],[-78.043953,39.133664],[-78.044446,39.134756],[-78.044457,39.135524],[-78.044382,39.135678],[-78.043452,39.136666],[-78.041852,39.138541],[-78.039856,39.140808],[-78.039345,39.141451],[-78.040596,39.142129],[-78.041844,39.142733],[-78.044849,39.144249],[-78.045801,39.14474],[-78.045955,39.144852],[-78.046046,39.144961],[-78.046224,39.14534],[-78.046251,39.145549],[-78.046182,39.145797],[-78.045691,39.147029],[-78.045662,39.147222],[-78.045692,39.147385],[-78.045773,39.147536],[-78.045853,39.147627],[-78.046001,39.147695],[-78.046814,39.147815],[-78.051152,39.148286],[-78.059662,39.149142],[-78.062457,39.149396],[-78.066907,39.14988],[-78.070586,39.150222],[-78.072972,39.150467],[-78.074332,39.150638],[-78.077,39.150883],[-78.077278,39.150929],[-78.077535,39.151007],[-78.079046,39.151885],[-78.080688,39.152801],[-78.080898,39.15295],[-78.082225,39.15405],[-78.082924,39.155089],[-78.083106,39.155252],[-78.083781,39.155707],[-78.084044,39.155948],[-78.084163,39.156108],[-78.084392,39.156692],[-78.084513,39.157184],[-78.084769,39.157999],[-78.084982,39.158452],[-78.085038,39.15846],[-78.085174,39.158481],[-78.085798,39.158496],[-78.086235,39.158859],[-78.086507,39.159001],[-78.08661,39.15903],[-78.086957,39.159012],[-78.087065,39.158933],[-78.087128,39.158706],[-78.087259,39.158531],[-78.087416,39.158494],[-78.087924,39.158306],[-78.088103,39.158176],[-78.088303,39.15791],[-78.088441,39.157551],[-78.088455,39.157201],[-78.088424,39.157066],[-78.088386,39.156934],[-78.088376,39.156853],[-78.088402,39.156822],[-78.088407,39.156697],[-78.088765,39.156435],[-78.088839,39.156329],[-78.088841,39.15628],[-78.088789,39.156118],[-78.0886,39.155954],[-78.088193,39.15565],[-78.087806,39.155419],[-78.087311,39.155039],[-78.087273,39.154904],[-78.087291,39.154302],[-78.08727,39.154266],[-78.087073,39.154151],[-78.086703,39.154084],[-78.086274,39.153874],[-78.085972,39.153644],[-78.085656,39.153353],[-78.085197,39.152821],[-78.085148,39.152708],[-78.085248,39.152483],[-78.085391,39.152273],[-78.085499,39.151975],[-78.08564,39.151834],[-78.085943,39.151635],[-78.086672,39.151627],[-78.087191,39.151667],[-78.087328,39.151724],[-78.088229,39.151747],[-78.088579,39.151674],[-78.088674,39.151605],[-78.088722,39.15157],[-78.088794,39.15068],[-78.088459,39.150374],[-78.088333,39.150074],[-78.08842,39.149643],[-78.088441,39.14913],[-78.088554,39.148917],[-78.088666,39.148815],[-78.088698,39.148785],[-78.08905,39.148528],[-78.089128,39.148472],[-78.089268,39.148448],[-78.089447,39.148318],[-78.089783,39.147863],[-78.090082,39.147644],[-78.090238,39.147638],[-78.090273,39.147636],[-78.090595,39.1474],[-78.090767,39.147034],[-78.090654,39.146807],[-78.090668,39.146483],[-78.090845,39.146272],[-78.090863,39.145948],[-78.090732,39.145755],[-78.090262,39.145365],[-78.090202,39.145147],[-78.089837,39.144733],[-78.089791,39.144164],[-78.089846,39.143679],[-78.090046,39.143391],[-78.090472,39.143052],[-78.090915,39.142657],[-78.091015,39.142533],[-78.091093,39.142379],[-78.091196,39.142265],[-78.091809,39.141815],[-78.092034,39.141808],[-78.092158,39.141763],[-78.09224,39.141621],[-78.092335,39.141592],[-78.092437,39.141613],[-78.092602,39.141703],[-78.092874,39.14177],[-78.093251,39.141759],[-78.093506,39.141571],[-78.093838,39.141405],[-78.094022,39.14136],[-78.09454,39.141338],[-78.094699,39.141271],[-78.094784,39.141197],[-78.094817,39.141091],[-78.094902,39.14096],[-78.095317,39.140573],[-78.095377,39.14048],[-78.095381,39.140352],[-78.095344,39.140248],[-78.095368,39.140222],[-78.095377,39.140006],[-78.095245,39.139841],[-78.09474,39.13945],[-78.094467,39.139335],[-78.094053,39.139271],[-78.092932,39.138702],[-78.092831,39.138619],[-78.092843,39.138322],[-78.093075,39.137884],[-78.093449,39.137473],[-78.094154,39.136814],[-78.094338,39.136575],[-78.094372,39.135738],[-78.094241,39.135546],[-78.094248,39.13539],[-78.094968,39.134976],[-78.095035,39.134883],[-78.095049,39.134458],[-78.094952,39.134293],[-78.094481,39.13393],[-78.09425,39.133654],[-78.094156,39.133409],[-78.094486,39.132539],[-78.09454,39.132499],[-78.094543,39.132418],[-78.094615,39.132366],[-78.094628,39.132042],[-78.094562,39.131959],[-78.094568,39.131824],[-78.0948,39.131236],[-78.094968,39.130972],[-78.09535,39.130944],[-78.095818,39.131016],[-78.096107,39.131013],[-78.097159,39.130863],[-78.097357,39.130791],[-78.097549,39.130504],[-78.098045,39.130064],[-78.098226,39.1298],[-78.098339,39.129693],[-78.098731,39.129527],[-78.098866,39.129442],[-78.099199,39.12913],[-78.09934,39.128835],[-78.099557,39.128624],[-78.099964,39.128404],[-78.100056,39.128313],[-78.100116,39.127692],[-78.099975,39.127267],[-78.10007,39.127124],[-78.100575,39.12665],[-78.10076,39.126384],[-78.100767,39.126195],[-78.100711,39.125966],[-78.100927,39.125686],[-78.100967,39.125552],[-78.101075,39.125473],[-78.101562,39.125431],[-78.10179,39.125369],[-78.101987,39.125226],[-78.102031,39.12511],[-78.102308,39.124742],[-78.102812,39.124295],[-78.103034,39.123976],[-78.10304,39.123814],[-78.102814,39.123266],[-78.102754,39.123058],[-78.102727,39.122818],[-78.102682,39.122774],[-78.10267,39.122697],[-78.102134,39.122224],[-78.101977,39.121815],[-78.101878,39.121704],[-78.101882,39.121596],[-78.101721,39.121295],[-78.101772,39.120891],[-78.102599,39.120182],[-78.102914,39.120109],[-78.103642,39.120127],[-78.10402,39.120217],[-78.104953,39.120321],[-78.105532,39.120579],[-78.105601,39.120581],[-78.106013,39.120699],[-78.106534,39.120685],[-78.106705,39.120743],[-78.107053,39.120725],[-78.107553,39.120359],[-78.107749,39.119823],[-78.108289,39.11935],[-78.108312,39.118745],[-78.10828,39.118701],[-78.108287,39.118539],[-78.108126,39.118238],[-78.108101,39.117994],[-78.107802,39.117663],[-78.107644,39.117307],[-78.107509,39.117196],[-78.106825,39.116963],[-78.105906,39.116534],[-78.105596,39.116473],[-78.104914,39.116185],[-78.10457,39.116123],[-78.104331,39.116009],[-78.104097,39.115814],[-78.103914,39.115483],[-78.104073,39.11384],[-78.103556,39.112909],[-78.103545,39.112341],[-78.103619,39.112234],[-78.103666,39.111938],[-78.104033,39.111434],[-78.104114,39.111166],[-78.10447,39.110931],[-78.10468,39.110882],[-78.104914,39.110689],[-78.105041,39.110403],[-78.105043,39.110141],[-78.104967,39.109737],[-78.104768,39.109386],[-78.104478,39.109081],[-78.10445,39.108975],[-78.104459,39.108612],[-78.104337,39.108402],[-78.10353,39.107775],[-78.10316,39.107706],[-78.102688,39.107694],[-78.102642,39.107673],[-78.102604,39.107612],[-78.102611,39.107181],[-78.102485,39.107044],[-78.102238,39.106926],[-78.102147,39.106842],[-78.101984,39.10625],[-78.102031,39.106091],[-78.102283,39.105699],[-78.102621,39.105449],[-78.10283,39.105242],[-78.102923,39.105226],[-78.10314,39.105137],[-78.103312,39.105035],[-78.103691,39.104692],[-78.104388,39.10447],[-78.105156,39.104354],[-78.105311,39.104343],[-78.105433,39.104361],[-78.105561,39.104309],[-78.105957,39.104266],[-78.106429,39.104283],[-78.106545,39.104307],[-78.106641,39.104261],[-78.106865,39.104221],[-78.107105,39.104144],[-78.107188,39.104067],[-78.107285,39.104028],[-78.108705,39.104091],[-78.109081,39.104208],[-78.109393,39.104216],[-78.10957,39.104139],[-78.109743,39.104143],[-78.110061,39.103989],[-78.110303,39.104022],[-78.110544,39.104178],[-78.110574,39.104206],[-78.11057,39.104247],[-78.110813,39.104101],[-78.110877,39.103944],[-78.111041,39.103687],[-78.111055,39.103565],[-78.111194,39.103297],[-78.111205,39.103217],[-78.111322,39.103081],[-78.111372,39.102966],[-78.111478,39.10295],[-78.111528,39.10289],[-78.111536,39.102701],[-78.111337,39.10248],[-78.111354,39.102394],[-78.111144,39.102298],[-78.110659,39.102164],[-78.110605,39.102161],[-78.110572,39.102229],[-78.109855,39.102045],[-78.10899,39.101761],[-78.108586,39.101547],[-78.107657,39.10117],[-78.107251,39.100827],[-78.107146,39.1007],[-78.1071,39.100596],[-78.107056,39.100312],[-78.107113,39.100212],[-78.107255,39.100097],[-78.107301,39.100023],[-78.107316,39.09986],[-78.107281,39.099793],[-78.107318,39.099514],[-78.107531,39.098971],[-78.107522,39.098892],[-78.107579,39.098779],[-78.107647,39.098711],[-78.107717,39.098553],[-78.107814,39.098447],[-78.107931,39.098228],[-78.108436,39.097922],[-78.108784,39.097325],[-78.109206,39.096914],[-78.109292,39.096511],[-78.109472,39.096353],[-78.109626,39.095979],[-78.10984,39.095822],[-78.110672,39.095842],[-78.110815,39.095738],[-78.110907,39.095172],[-78.11142,39.09451],[-78.112182,39.093691],[-78.112305,39.093207],[-78.112605,39.092674],[-78.11262,39.092296],[-78.112697,39.092109],[-78.112981,39.091954],[-78.113128,39.091741],[-78.113305,39.091664],[-78.113618,39.091645],[-78.113724,39.091594],[-78.11414,39.091604],[-78.114492,39.091478],[-78.114942,39.091489],[-78.115113,39.091547],[-78.115963,39.091973],[-78.116097,39.092085],[-78.116155,39.092357],[-78.116955,39.09316],[-78.117473,39.0932],[-78.117822,39.093318],[-78.118251,39.093224],[-78.118653,39.093213],[-78.118801,39.093246],[-78.11892,39.093246],[-78.119132,39.093054],[-78.119357,39.092944],[-78.119498,39.092779],[-78.119603,39.09273],[-78.119955,39.092411],[-78.120075,39.09234],[-78.120497,39.091988],[-78.121145,39.091533],[-78.121222,39.091434],[-78.121377,39.091077],[-78.121469,39.090951],[-78.121581,39.090857],[-78.12244,39.090484],[-78.122602,39.090456],[-78.123131,39.090599],[-78.123356,39.090527],[-78.123539,39.090412],[-78.123687,39.090263],[-78.123863,39.090132],[-78.124095,39.089885],[-78.12437,39.08972],[-78.124496,39.089533],[-78.124602,39.089429],[-78.124943,39.089282],[-78.12519,39.089035],[-78.125683,39.088766],[-78.125909,39.088454],[-78.12605,39.088036],[-78.12624,39.087685],[-78.126339,39.08757],[-78.126868,39.087241],[-78.127199,39.08711],[-78.127262,39.08706],[-78.127262,39.087011],[-78.127058,39.086807],[-78.127051,39.086698],[-78.127094,39.086626],[-78.127298,39.086484],[-78.127503,39.086078],[-78.127792,39.085699],[-78.127829,39.085618],[-78.12773,39.085181],[-78.127933,39.084849],[-78.12803,39.084571],[-78.128052,39.084328],[-78.12835,39.083987],[-78.128523,39.083872],[-78.128837,39.083721],[-78.128908,39.08361],[-78.128969,39.083368],[-78.129026,39.083301],[-78.129259,39.083206],[-78.129506,39.083197],[-78.129637,39.083075],[-78.129644,39.082996],[-78.12949,39.082734],[-78.129361,39.082605],[-78.129273,39.082456],[-78.129257,39.082294],[-78.129187,39.082095],[-78.129205,39.082014],[-78.129298,39.081858],[-78.129363,39.08153],[-78.12943,39.081459],[-78.129507,39.081276],[-78.129511,39.081112],[-78.129436,39.081039],[-78.129433,39.081002],[-78.12952,39.080927],[-78.129543,39.080826],[-78.129656,39.080667],[-78.130142,39.08031],[-78.1303,39.080131],[-78.130386,39.079917],[-78.130633,39.079812],[-78.130945,39.079734],[-78.131044,39.079674],[-78.131136,39.079542],[-78.131213,39.079142],[-78.131265,39.079017],[-78.13142,39.078809],[-78.131463,39.078691],[-78.131379,39.078498],[-78.131416,39.078295],[-78.131465,39.078224],[-78.131446,39.077938],[-78.131489,39.077819],[-78.131799,39.077528],[-78.132229,39.077226],[-78.132304,39.077104],[-78.132317,39.076918],[-78.132484,39.076742],[-78.132805,39.076603],[-78.132992,39.076588],[-78.13308,39.076546],[-78.133137,39.076476],[-78.133143,39.076419],[-78.133085,39.076281],[-78.133142,39.076166],[-78.133213,39.076107],[-78.133492,39.075967],[-78.133774,39.075952],[-78.133964,39.076017],[-78.134181,39.075998],[-78.134336,39.075954],[-78.134484,39.075872],[-78.13454,39.0758],[-78.134547,39.07574],[-78.134484,39.07557],[-78.134512,39.075504],[-78.134834,39.075209],[-78.135007,39.075116],[-78.135216,39.074876],[-78.135347,39.074814],[-78.135429,39.074664],[-78.135644,39.074611],[-78.136094,39.074662],[-78.13632,39.074582],[-78.136514,39.074646],[-78.136743,39.074652],[-78.136923,39.074629],[-78.136997,39.07446],[-78.136987,39.07437],[-78.14204,39.061817],[-78.142112,39.061635],[-78.142152,39.061555],[-78.1424,39.061063],[-78.151652,39.036782],[-78.15162,39.036632],[-78.151563,39.036606],[-78.151317,39.036497],[-78.147098,39.034529],[-78.126206,39.025459],[-78.126225,39.025431],[-78.126073,39.025365],[-78.096871,39.012642],[-78.05991,39.018928],[-78.059914,39.018979],[-78.059915,39.019005],[-78.058682,39.019207],[-78.058654,39.019187],[-78.058602,39.01915],[-78.058201,39.019217],[-78.058079,39.019237],[-78.055974,39.019588],[-78.055992,39.019369],[-78.056119,39.017811],[-78.056163,39.017334],[-78.056265,39.01601],[-78.05326,39.014463],[-78.047695,39.011606],[-78.04694,39.012242],[-78.045855,39.012824],[-78.045339,39.013232],[-78.045096,39.013369],[-78.045063,39.013388],[-78.044584,39.012992],[-78.044458,39.012888],[-78.044443,39.012875],[-78.044555,39.012819],[-78.044792,39.0127],[-78.045163,39.012407],[-78.04556,39.012158]]]},"properties":{"UNIQUE_ID":"Clarke County-:-401 - White Post","COUNTYFP":"043","locality":"Clarke County","precinct":"401 - White Post","dem24":745,"rep24":1093}},
{"type":"Feature","geometry":{"type":"Polygon","coordinates":[[[-77.860181,39.152973],[-77.8747,39.162285],[-77.87656,39.163512],[-77.915243,39.188538],[-77.91941,39.19119],[-77.919922,39.190666],[-77.920542,39.190094],[-77.921244,39.189549],[-77.921697,39.18926],[-77.922165,39.189011],[-77.922806,39.188736],[-77.923592,39.188492],[-77.924272,39.188346],[-77.924947,39.188234],[-77.928742,39.187688],[-77.931119,39.187307],[-77.932304,39.187173],[-77.936279,39.186844],[-77.937107,39.186726],[-77.937714,39.186581],[-77.938296,39.186384],[-77.940165,39.185514],[-77.94076,39.185287],[-77.941474,39.185084],[-77.942158,39.184952],[-77.942576,39.184901],[-77.943275,39.184867],[-77.949655,39.1847],[-77.950284,39.184643],[-77.950934,39.184534],[-77.951662,39.184351],[-77.952724,39.18402],[-77.961283,39.181229],[-77.964313,39.180221],[-77.964751,39.180044],[-77.96529,39.179782],[-77.965746,39.179524],[-77.966121,39.179274],[-77.966472,39.179003],[-77.96684,39.178671],[-77.967211,39.178292],[-77.967547,39.177899],[-77.967946,39.177383],[-77.96827,39.176874],[-77.969143,39.175381],[-77.971484,39.171671],[-77.971646,39.171346],[-77.971833,39.170845],[-77.972505,39.16891],[-77.972826,39.168218],[-77.97512,39.164237],[-77.976655,39.161619],[-77.976966,39.16114],[-77.977362,39.160409],[-77.977126,39.160315],[-77.976846,39.160403],[-77.976493,39.160304],[-77.976125,39.160241],[-77.975703,39.160216],[-77.975258,39.160244],[-77.974922,39.160188],[-77.974348,39.160022],[-77.97228,39.159294],[-77.972446,39.158939],[-77.972579,39.158292],[-77.972482,39.15792],[-77.972496,39.157477],[-77.972268,39.157125],[-77.971662,39.156719],[-77.971334,39.156432],[-77.971138,39.156221],[-77.972207,39.155602],[-77.972226,39.155622],[-77.974216,39.154489],[-77.975853,39.153689],[-77.974942,39.15303],[-77.974104,39.152484],[-77.973828,39.152339],[-77.973279,39.152234],[-77.971709,39.152098],[-77.971402,39.152027],[-77.971239,39.151929],[-77.972354,39.150906],[-77.973575,39.149861],[-77.973859,39.149575],[-77.974137,39.14918],[-77.975557,39.147959],[-77.975335,39.147829],[-77.974962,39.147731],[-77.972279,39.147227],[-77.972301,39.147099],[-77.972278,39.14698],[-77.971723,39.145709],[-77.971355,39.144942],[-77.971283,39.144679],[-77.971273,39.144514],[-77.971307,39.144296],[-77.971389,39.144087],[-77.971543,39.143865],[-77.973632,39.142097],[-77.97377,39.142018],[-77.973993,39.141936],[-77.974421,39.141823],[-77.974177,39.140947],[-77.974017,39.140657],[-77.973789,39.140424],[-77.973418,39.140128],[-77.972877,39.139755],[-77.971844,39.138975],[-77.971162,39.138529],[-77.970443,39.137976],[-77.97025,39.137747],[-77.970127,39.13749],[-77.970081,39.137274],[-77.970093,39.137],[-77.97011,39.136926],[-77.970374,39.136455],[-77.972638,39.13314],[-77.973204,39.132243],[-77.974083,39.130986],[-77.974695,39.130026],[-77.974752,39.129811],[-77.974746,39.129592],[-77.974686,39.129393],[-77.974576,39.129191],[-77.974327,39.128944],[-77.973105,39.128271],[-77.972903,39.128111],[-77.972721,39.127878],[-77.972656,39.127726],[-77.972595,39.127435],[-77.972612,39.127216],[-77.974833,39.122592],[-77.97734,39.11705],[-77.97755,39.116509],[-77.977832,39.115351],[-77.978138,39.114614],[-77.978628,39.113292],[-77.978803,39.112988],[-77.97899,39.112742],[-77.979851,39.111744],[-77.98089,39.110642],[-77.981425,39.110029],[-77.981687,39.109656],[-77.981854,39.109313],[-77.981985,39.108858],[-77.982122,39.106066],[-77.982036,39.105697],[-77.981847,39.105373],[-77.980626,39.103982],[-77.980129,39.103276],[-77.97983,39.102602],[-77.979735,39.102271],[-77.979064,39.102234],[-77.978795,39.102172],[-77.976704,39.101059],[-77.976507,39.101],[-77.976368,39.100985],[-77.976035,39.101026],[-77.974521,39.101514],[-77.973742,39.101686],[-77.973403,39.101733],[-77.971541,39.101701],[-77.9707,39.101842],[-77.970141,39.101967],[-77.968102,39.102069],[-77.967221,39.102063],[-77.96659,39.102015],[-77.965985,39.101923],[-77.965351,39.101747],[-77.964897,39.101509],[-77.964703,39.101444],[-77.964496,39.101449],[-77.964484,39.101483],[-77.964604,39.101565],[-77.964614,39.101603],[-77.964415,39.10156],[-77.964128,39.101454],[-77.962678,39.101028],[-77.962167,39.100841],[-77.961296,39.100579],[-77.960899,39.100467],[-77.960298,39.100358],[-77.960051,39.100285],[-77.959517,39.099995],[-77.959194,39.099854],[-77.957805,39.099532],[-77.957205,39.099371],[-77.956311,39.098959],[-77.955566,39.098647],[-77.954849,39.098383],[-77.954232,39.098181],[-77.953588,39.09804],[-77.953087,39.097842],[-77.952604,39.097712],[-77.951876,39.097466],[-77.950804,39.097154],[-77.950545,39.097036],[-77.950307,39.096875],[-77.950167,39.096867],[-77.949865,39.096921],[-77.949477,39.096793],[-77.94829,39.09667],[-77.946101,39.096248],[-77.945801,39.096168],[-77.945372,39.096007],[-77.945322,39.095994],[-77.945259,39.096016],[-77.945253,39.095975],[-77.945212,39.095949],[-77.944876,39.09583],[-77.94336,39.095523],[-77.943189,39.095428],[-77.943082,39.095287],[-77.942878,39.095135],[-77.942667,39.095035],[-77.942206,39.09495],[-77.941705,39.094748],[-77.941086,39.094552],[-77.940614,39.09451],[-77.939891,39.094499],[-77.939593,39.094522],[-77.939203,39.094595],[-77.938492,39.094836],[-77.93794,39.095078],[-77.937653,39.095238],[-77.937519,39.095347],[-77.937293,39.095625],[-77.936446,39.096536],[-77.936338,39.096626],[-77.936042,39.096776],[-77.935829,39.096939],[-77.93526,39.097533],[-77.93478,39.097897],[-77.934416,39.098135],[-77.934105,39.098291],[-77.933833,39.098388],[-77.932545,39.099155],[-77.93179,39.099507],[-77.930822,39.100034],[-77.929251,39.10105],[-77.928965,39.101209],[-77.927611,39.101852],[-77.926923,39.10213],[-77.926748,39.102223],[-77.926085,39.102478],[-77.925422,39.102702],[-77.924927,39.102802],[-77.924073,39.103094],[-77.923113,39.103463],[-77.922383,39.103704],[-77.919755,39.104175],[-77.919726,39.104201],[-77.919677,39.104188],[-77.918095,39.104466],[-77.915853,39.104753],[-77.915292,39.10471],[-77.913901,39.104679],[-77.912705,39.104738],[-77.9103,39.104982],[-77.909368,39.105129],[-77.908807,39.10525],[-77.908378,39.105375],[-77.907449,39.105768],[-77.906667,39.106164],[-77.906526,39.106268],[-77.905431,39.106891],[-77.903933,39.107871],[-77.902933,39.108585],[-77.902288,39.108988],[-77.901914,39.109259],[-77.901346,39.109854],[-77.900451,39.110873],[-77.89971,39.111871],[-77.899431,39.112314],[-77.899265,39.112647],[-77.898634,39.114262],[-77.898099,39.115454],[-77.896737,39.118208],[-77.896581,39.118514],[-77.89585,39.119633],[-77.89556,39.120425],[-77.895276,39.121457],[-77.895043,39.12199],[-77.895005,39.122165],[-77.894846,39.122558],[-77.894748,39.122704],[-77.894583,39.122864],[-77.894344,39.123027],[-77.89433,39.123066],[-77.89385,39.123103],[-77.893307,39.123468],[-77.892152,39.124487],[-77.891885,39.124673],[-77.890681,39.124104],[-77.890369,39.124379],[-77.889417,39.125132],[-77.888204,39.12603],[-77.887234,39.126846],[-77.887189,39.126918],[-77.88721,39.126956],[-77.887256,39.126974],[-77.887446,39.126942],[-77.887478,39.12697],[-77.887449,39.127047],[-77.887162,39.127228],[-77.887063,39.127253],[-77.886869,39.127251],[-77.886792,39.127303],[-77.886671,39.127531],[-77.88633,39.128382],[-77.886158,39.128637],[-77.885994,39.128798],[-77.88517,39.129377],[-77.884063,39.130203],[-77.882931,39.130807],[-77.882535,39.131242],[-77.882312,39.131352],[-77.881355,39.131733],[-77.880989,39.131968],[-77.880648,39.13208],[-77.879896,39.132277],[-77.879531,39.132408],[-77.878766,39.132848],[-77.878442,39.132987],[-77.878288,39.133017],[-77.87813,39.133012],[-77.877561,39.132922],[-77.877386,39.13293],[-77.877288,39.132961],[-77.877167,39.13304],[-77.876893,39.133291],[-77.876587,39.133449],[-77.87642,39.133614],[-77.876072,39.133867],[-77.875487,39.134148],[-77.875129,39.134392],[-77.874787,39.13467],[-77.874308,39.134923],[-77.873307,39.135574],[-77.872552,39.13615],[-77.871461,39.137062],[-77.871246,39.137179],[-77.87111,39.13737],[-77.870939,39.137445],[-77.870929,39.137636],[-77.870785,39.137839],[-77.870761,39.138002],[-77.870667,39.138149],[-77.870587,39.138199],[-77.870497,39.138323],[-77.870287,39.138445],[-77.870074,39.13861],[-77.868935,39.139657],[-77.868256,39.140322],[-77.867992,39.140614],[-77.867827,39.140872],[-77.867703,39.141005],[-77.867431,39.14118],[-77.867002,39.141579],[-77.866908,39.141614],[-77.866722,39.14162],[-77.866666,39.141778],[-77.866386,39.14219],[-77.865927,39.14253],[-77.865588,39.142703],[-77.864783,39.143171],[-77.864308,39.143477],[-77.863935,39.143769],[-77.863574,39.144107],[-77.863166,39.144571],[-77.862841,39.145149],[-77.862802,39.145352],[-77.862822,39.145432],[-77.862805,39.145609],[-77.862887,39.145906],[-77.862804,39.146382],[-77.86266,39.146764],[-77.862387,39.147066],[-77.862363,39.147188],[-77.862452,39.147394],[-77.862447,39.1476],[-77.862274,39.148075],[-77.861992,39.148593],[-77.861622,39.149466],[-77.861568,39.149654],[-77.861479,39.150419],[-77.861336,39.151124],[-77.861305,39.151156],[-77.861201,39.151172],[-77.861091,39.151151],[-77.861175,39.151342],[-77.86116,39.151493],[-77.861109,39.151639],[-77.861003,39.151827],[-77.860181,39.152973]]]},"properties":{"UNIQUE_ID":"Clarke County-:-501 - Buckmarsh","COUNTYFP":"043","locality":"Clarke County","precinct":"501 - Buckmarsh","dem24":520,"rep24":769}},
{"type":"Feature","geometry":{"type":"Polygon","coordinates":[[[-77.890681,39.124104],[-77.889459,39.123513],[-77.888421,39.123047],[-77.88763,39.122789],[-77.886813,39.122619],[-77.886186,39.122546],[-77.885703,39.122531],[-77.882024,39.122661],[-77.881251,39.122613],[-77.880557,39.122543],[-77.879286,39.122296],[-77.877061,39.121732],[-77.875999,39.121488],[-77.87534,39.121305],[-77.874247,39.120914],[-77.873198,39.120418],[-77.873044,39.120593],[-77.872946,39.120663],[-77.872814,39.120699],[-77.872565,39.120712],[-77.872375,39.120695],[-77.869121,39.119929],[-77.868579,39.11978],[-77.866447,39.119304],[-77.863134,39.118487],[-77.862299,39.11822],[-77.861456,39.117897],[-77.860474,39.11744],[-77.860213,39.117358],[-77.85987,39.117296],[-77.858833,39.11726],[-77.858151,39.117332],[-77.857079,39.117592],[-77.856703,39.117742],[-77.856429,39.117893],[-77.856091,39.118172],[-77.855865,39.118481],[-77.855701,39.119384],[-77.855623,39.120238],[-77.855548,39.120331],[-77.855387,39.120435],[-77.855186,39.120484],[-77.854977,39.12047],[-77.85479,39.120395],[-77.854691,39.120317],[-77.854623,39.120222],[-77.854377,39.118919],[-77.854294,39.118639],[-77.854125,39.118233],[-77.853708,39.117652],[-77.853277,39.117241],[-77.85284,39.11688],[-77.852693,39.116713],[-77.852642,39.116611],[-77.852639,39.116528],[-77.852674,39.116184],[-77.851123,39.115872],[-77.850698,39.11582],[-77.850011,39.115787],[-77.848864,39.115826],[-77.846398,39.116035],[-77.845756,39.116068],[-77.84575,39.116068],[-77.845748,39.11607],[-77.843791,39.11974],[-77.842446,39.120297],[-77.838932,39.12182],[-77.835836,39.125719],[-77.832513,39.127518],[-77.828529,39.132086],[-77.82833,39.132336],[-77.828271,39.132468],[-77.828302,39.132434],[-77.828809,39.132781],[-77.860181,39.152973],[-77.861003,39.151827],[-77.861109,39.151639],[-77.86116,39.151493],[-77.861175,39.151342],[-77.861091,39.151151],[-77.861201,39.151172],[-77.861305,39.151156],[-77.861336,39.151124],[-77.861479,39.150419],[-77.861568,39.149654],[-77.861622,39.149466],[-77.861992,39.148593],[-77.862274,39.148075],[-77.862447,39.1476],[-77.862452,39.147394],[-77.862363,39.147188],[-77.862387,39.147066],[-77.86266,39.146764],[-77.862804,39.146382],[-77.862887,39.145906],[-77.862805,39.145609],[-77.862822,39.145432],[-77.862802,39.145352],[-77.862841,39.145149],[-77.863166,39.144571],[-77.863574,39.144107],[-77.863935,39.143769],[-77.864308,39.143477],[-77.864783,39.143171],[-77.865588,39.142703],[-77.865927,39.14253],[-77.866386,39.14219],[-77.866666,39.141778],[-77.866722,39.14162],[-77.866908,39.141614],[-77.867002,39.141579],[-77.867431,39.14118],[-77.867703,39.141005],[-77.867827,39.140872],[-77.867992,39.140614],[-77.868256,39.140322],[-77.868935,39.139657],[-77.870074,39.13861],[-77.870287,39.138445],[-77.870497,39.138323],[-77.870587,39.138199],[-77.870667,39.138149],[-77.870761,39.138002],[-77.870785,39.137839],[-77.870929,39.137636],[-77.870939,39.137445],[-77.87111,39.13737],[-77.871246,39.137179],[-77.871461,39.137062],[-77.872552,39.13615],[-77.873307,39.135574],[-77.874308,39.134923],[-77.874787,39.13467],[-77.875129,39.134392],[-77.875487,39.134148],[-77.876072,39.133867],[-77.87642,39.133614],[-77.876587,39.133449],[-77.876893,39.133291],[-77.877167,39.13304],[-77.877288,39.132961],[-77.877386,39.13293],[-77.877561,39.132922],[-77.87813,39.133012],[-77.878288,39.133017],[-77.878442,39.132987],[-77.878766,39.132848],[-77.879531,39.132408],[-77.879896,39.132277],[-77.880648,39.13208],[-77.880989,39.131968],[-77.881355,39.131733],[-77.882312,39.131352],[-77.882535,39.131242],[-77.882931,39.130807],[-77.884063,39.130203],[-77.88517,39.129377],[-77.885994,39.128798],[-77.886158,39.128637],[-77.88633,39.128382],[-77.886671,39.127531],[-77.886792,39.127303],[-77.886869,39.127251],[-77.887063,39.127253],[-77.887162,39.127228],[-77.887449,39.127047],[-77.887478,39.12697],[-77.887446,39.126942],[-77.887256,39.126974],[-77.88721,39.126956],[-77.887189,39.126918],[-77.887234,39.126846],[-77.888204,39.12603],[-77.889417,39.125132],[-77.890369,39.124379],[-77.890681,39.124104]]]},"properties":{"UNIQUE_ID":"Clarke County-:-502 - Blue Ridge","COUNTYFP":"043","locality":"Clarke County","precinct":"502 - Blue Ridge","dem24":203,"rep24":292}},
{"type":"Feature","geometry":{"type":"Polygon","coordinates":[[[-78.354246,39.097957],[-78.353029,39.098101],[-78.352818,39.098071],[-78.352524,39.098029],[-78.352472,39.097972],[-78.352449,39.097946],[-78.352174,39.097906],[-78.351792,39.097974],[-78.350485,39.098208],[-78.349981,39.098236],[-78.34966,39.098253],[-78.34957,39.098258],[-78.34955,39.098252],[-78.349083,39.098116],[-78.348584,39.097826],[-78.348266,39.097696],[-78.347945,39.097564],[-78.347764,39.09749],[-78.347689,39.097407],[-78.34746,39.097374],[-78.347386,39.097291],[-78.346521,39.097021],[-78.34609,39.096959],[-78.345207,39.096319],[-78.344719,39.095964],[-78.344246,39.095871],[-78.34404,39.09583],[-78.343435,39.095779],[-78.343142,39.09581],[-78.342999,39.095885],[-78.34287,39.095952],[-78.342554,39.097048],[-78.342548,39.097068],[-78.342537,39.097076],[-78.342078,39.097436],[-78.342034,39.097613],[-78.341933,39.098025],[-78.341595,39.098238],[-78.341588,39.098265],[-78.3415,39.098624],[-78.341566,39.098742],[-78.341615,39.099512],[-78.341551,39.100156],[-78.342313,39.10092],[-78.3427,39.101665],[-78.342665,39.10181],[-78.342683,39.102018],[-78.342634,39.102207],[-78.342534,39.102372],[-78.342344,39.102525],[-78.342206,39.102576],[-78.342146,39.102566],[-78.34169,39.102298],[-78.341455,39.102285],[-78.341099,39.102379],[-78.340709,39.102625],[-78.340448,39.102781],[-78.340144,39.102861],[-78.339936,39.102858],[-78.339644,39.102751],[-78.339585,39.102743],[-78.339444,39.102676],[-78.33882,39.102378],[-78.338413,39.102102],[-78.336477,39.10186],[-78.336127,39.101737],[-78.335803,39.101509],[-78.335468,39.101134],[-78.334643,39.099853],[-78.334422,39.099563],[-78.333961,39.098956],[-78.333715,39.098413],[-78.333762,39.098286],[-78.33384,39.098077],[-78.333856,39.098033],[-78.333867,39.098016],[-78.334303,39.097372],[-78.334317,39.09734],[-78.33433,39.097311],[-78.334456,39.09703],[-78.334516,39.096894],[-78.334602,39.096543],[-78.334723,39.096052],[-78.3349,39.095744],[-78.334973,39.095616],[-78.335131,39.094974],[-78.335206,39.094669],[-78.335493,39.094274],[-78.335538,39.094092],[-78.335588,39.093888],[-78.335528,39.093821],[-78.335513,39.093805],[-78.335522,39.093769],[-78.335556,39.09363],[-78.335181,39.09245],[-78.3347,39.091509],[-78.334414,39.091189],[-78.334041,39.090906],[-78.333829,39.090803],[-78.333325,39.090731],[-78.332203,39.091041],[-78.331791,39.091285],[-78.331759,39.091304],[-78.331734,39.091333],[-78.331426,39.091692],[-78.331172,39.091813],[-78.33078,39.091999],[-78.330109,39.09183],[-78.329989,39.09174],[-78.329691,39.091406],[-78.329184,39.090571],[-78.329013,39.09011],[-78.329179,39.089626],[-78.329466,39.089231],[-78.329891,39.088857],[-78.330852,39.088232],[-78.33132,39.087682],[-78.331647,39.087511],[-78.331943,39.087446],[-78.33285,39.087459],[-78.332891,39.087473],[-78.333241,39.087473],[-78.333429,39.087477],[-78.33352,39.087455],[-78.333767,39.087334],[-78.334417,39.08687],[-78.33558,39.085962],[-78.336238,39.08552],[-78.336317,39.085298],[-78.336605,39.084955],[-78.336718,39.084725],[-78.336747,39.084526],[-78.336726,39.084446],[-78.336653,39.084343],[-78.336661,39.084311],[-78.336512,39.084144],[-78.336277,39.084052],[-78.335945,39.083871],[-78.335636,39.083739],[-78.335453,39.083682],[-78.335287,39.083681],[-78.334875,39.083654],[-78.33415,39.083514],[-78.333329,39.08312],[-78.332781,39.082791],[-78.332293,39.082375],[-78.331923,39.08214],[-78.331123,39.081916],[-78.33085,39.081872],[-78.330325,39.08166],[-78.329969,39.081474],[-78.32988,39.081374],[-78.329241,39.080883],[-78.329011,39.080599],[-78.328267,39.079681],[-78.328075,39.079444],[-78.327087,39.078871],[-78.326615,39.078598],[-78.326406,39.078417],[-78.325774,39.077805],[-78.325687,39.077891],[-78.325348,39.078243],[-78.325106,39.078539],[-78.324848,39.078953],[-78.324526,39.079598],[-78.324301,39.079931],[-78.324081,39.080176],[-78.323539,39.080665],[-78.322705,39.081329],[-78.322319,39.08155],[-78.321975,39.081689],[-78.321979,39.081696],[-78.322053,39.081952],[-78.322017,39.08213],[-78.321624,39.082818],[-78.32092,39.084167],[-78.320553,39.084697],[-78.319943,39.085301],[-78.319908,39.085364],[-78.319892,39.085501],[-78.320071,39.08581],[-78.320704,39.086471],[-78.321213,39.086952],[-78.321361,39.08713],[-78.321767,39.088175],[-78.321779,39.08833],[-78.321758,39.088406],[-78.321518,39.088896],[-78.321339,39.089398],[-78.321162,39.089776],[-78.321148,39.090053],[-78.321238,39.090554],[-78.321506,39.091366],[-78.321853,39.09221],[-78.32221,39.092844],[-78.322293,39.093068],[-78.322477,39.094092],[-78.322579,39.094847],[-78.322575,39.095215],[-78.322498,39.095448],[-78.322252,39.09581],[-78.321835,39.096305],[-78.321284,39.096851],[-78.319631,39.098608],[-78.319042,39.099178],[-78.317785,39.100297],[-78.316937,39.100973],[-78.315798,39.101821],[-78.31555,39.102094],[-78.315073,39.102938],[-78.313567,39.105987],[-78.313222,39.106594],[-78.312183,39.108067],[-78.311241,39.109317],[-78.310802,39.109725],[-78.310149,39.110255],[-78.309817,39.110575],[-78.308636,39.111838],[-78.307947,39.112721],[-78.307419,39.113471],[-78.306735,39.11452],[-78.305497,39.116501],[-78.305075,39.117308],[-78.303984,39.119659],[-78.303747,39.119983],[-78.303153,39.120628],[-78.301698,39.121958],[-78.301288,39.122379],[-78.300517,39.1231],[-78.30023,39.123411],[-78.300131,39.123554],[-78.299969,39.123907],[-78.299573,39.125132],[-78.299391,39.125476],[-78.299225,39.125719],[-78.298649,39.126348],[-78.297789,39.127106],[-78.295133,39.128928],[-78.292823,39.130681],[-78.292504,39.130812],[-78.292213,39.130864],[-78.291906,39.130874],[-78.291314,39.13082],[-78.290941,39.13084],[-78.290599,39.130918],[-78.290306,39.131031],[-78.288992,39.131615],[-78.286623,39.132918],[-78.285754,39.133203],[-78.285338,39.133375],[-78.284094,39.134156],[-78.282514,39.135329],[-78.274059,39.142138],[-78.271478,39.144249],[-78.270214,39.145186],[-78.267127,39.147268],[-78.266585,39.147557],[-78.263747,39.148811],[-78.256335,39.151782],[-78.255404,39.152038],[-78.255051,39.152152],[-78.254639,39.152328],[-78.254232,39.152573],[-78.253419,39.153131],[-78.251646,39.154231],[-78.249111,39.155716],[-78.247474,39.15689],[-78.24709,39.1571],[-78.246707,39.157252],[-78.246497,39.15724],[-78.246005,39.15709],[-78.244402,39.156379],[-78.244122,39.156365],[-78.241293,39.156805],[-78.24093,39.156889],[-78.240659,39.157004],[-78.239877,39.157499],[-78.239028,39.157855],[-78.238252,39.158229],[-78.237821,39.158377],[-78.236328,39.158744],[-78.235816,39.158842],[-78.235397,39.158878],[-78.232246,39.158826],[-78.23164,39.158834],[-78.230674,39.159009],[-78.227388,39.159737],[-78.22708,39.159774],[-78.226681,39.159739],[-78.225432,39.159445],[-78.224771,39.159353],[-78.215022,39.15871],[-78.213631,39.158665],[-78.212859,39.158675],[-78.211755,39.158727],[-78.210811,39.158811],[-78.210225,39.158879],[-78.208815,39.159091],[-78.201548,39.160299],[-78.200524,39.160476],[-78.199451,39.160722],[-78.198932,39.16088],[-78.197978,39.16124],[-78.196989,39.161723],[-78.195607,39.162459],[-78.195196,39.162652],[-78.194115,39.163029],[-78.193787,39.163096],[-78.193683,39.164698],[-78.193585,39.165463],[-78.193628,39.165454],[-78.191602,39.170614],[-78.189446,39.174988],[-78.189348,39.175189],[-78.193715,39.17668],[-78.194331,39.176901],[-78.194662,39.177049],[-78.199357,39.179431],[-78.200086,39.179817],[-78.200513,39.180137],[-78.197449,39.185137],[-78.194815,39.189556],[-78.197861,39.18952],[-78.197975,39.189551],[-78.197309,39.190742],[-78.19729,39.19091],[-78.197264,39.191138],[-78.198594,39.191049],[-78.198754,39.190832],[-78.201071,39.190798],[-78.202929,39.190806],[-78.204854,39.190974],[-78.213974,39.191887],[-78.215137,39.192031],[-78.216448,39.19226],[-78.224822,39.194203],[-78.225824,39.194369],[-78.22679,39.194472],[-78.227736,39.194522],[-78.238709,39.194596],[-78.239269,39.194604],[-78.239947,39.194649],[-78.240757,39.194777],[-78.241328,39.194914],[-78.242231,39.195226],[-78.247592,39.197589],[-78.248506,39.198059],[-78.249035,39.198411],[-78.24948,39.198775],[-78.249853,39.199143],[-78.250166,39.199508],[-78.251401,39.201237],[-78.25163,39.20148],[-78.251991,39.2018],[-78.252504,39.202136],[-78.252882,39.20232],[-78.253385,39.202504],[-78.257167,39.203688],[-78.258328,39.204111],[-78.259069,39.204442],[-78.2603,39.205099],[-78.260881,39.205445],[-78.261306,39.205764],[-78.261648,39.206102],[-78.261914,39.206455],[-78.262123,39.206856],[-78.262262,39.207265],[-78.262319,39.20754],[-78.262343,39.207874],[-78.262349,39.209561],[-78.262407,39.210008],[-78.262506,39.210387],[-78.26276,39.210959],[-78.262922,39.211224],[-78.263138,39.211517],[-78.263603,39.212],[-78.263988,39.212309],[-78.264615,39.212689],[-78.265082,39.2129],[-78.266082,39.213239],[-78.266339,39.213346],[-78.266672,39.213519],[-78.267177,39.213859],[-78.267751,39.214344],[-78.27,39.216477],[-78.270818,39.217345],[-78.271645,39.218284],[-78.271998,39.218629],[-78.272515,39.219037],[-78.275648,39.221033],[-78.276144,39.221396],[-78.276505,39.221755],[-78.277906,39.223538],[-78.278266,39.223908],[-78.278595,39.224186],[-78.282223,39.226946],[-78.286596,39.230182],[-78.290277,39.232742],[-78.290774,39.233122],[-78.291637,39.232085],[-78.292058,39.231535],[-78.293259,39.229807],[-78.293447,39.229578],[-78.293787,39.229264],[-78.294229,39.228955],[-78.294763,39.228675],[-78.29649,39.227856],[-78.296734,39.227693],[-78.296946,39.227484],[-78.298509,39.225354],[-78.299851,39.223252],[-78.300232,39.222609],[-78.301659,39.219628],[-78.301795,39.219401],[-78.302441,39.218511],[-78.302698,39.218091],[-78.302859,39.217648],[-78.30312,39.216546],[-78.303428,39.215709],[-78.303536,39.215485],[-78.304918,39.213158],[-78.307062,39.209652],[-78.308181,39.207912],[-78.308449,39.207362],[-78.311213,39.206878],[-78.311796,39.206724],[-78.312313,39.206504],[-78.312815,39.206205],[-78.313445,39.205787],[-78.315144,39.20459],[-78.317207,39.203015],[-78.317495,39.202778],[-78.318003,39.202293],[-78.31849,39.201738],[-78.320379,39.199351],[-78.326809,39.191468],[-78.328954,39.188787],[-78.330439,39.186571],[-78.33061,39.186233],[-78.331055,39.185196],[-78.331415,39.184643],[-78.331714,39.184309],[-78.331998,39.184045],[-78.333372,39.182876],[-78.333791,39.182477],[-78.335133,39.1809],[-78.335608,39.180378],[-78.33578,39.180222],[-78.336613,39.179607],[-78.337557,39.179008],[-78.339956,39.177689],[-78.341108,39.177011],[-78.341619,39.176758],[-78.342384,39.176427],[-78.343166,39.175971],[-78.344136,39.175262],[-78.348109,39.172076],[-78.349062,39.171276],[-78.3494,39.170914],[-78.349795,39.170382],[-78.350411,39.169334],[-78.350502,39.169145],[-78.350562,39.168929],[-78.350641,39.168321],[-78.35079,39.16781],[-78.351323,39.166756],[-78.351636,39.166281],[-78.352447,39.165341],[-78.354369,39.163631],[-78.354758,39.163234],[-78.355349,39.162502],[-78.357765,39.15926],[-78.358946,39.158076],[-78.359266,39.157823],[-78.359584,39.157642],[-78.360393,39.157367],[-78.360846,39.157185],[-78.361235,39.156962],[-78.361528,39.15675],[-78.362541,39.155875],[-78.363244,39.155311],[-78.363724,39.154853],[-78.364633,39.15389],[-78.364961,39.153622],[-78.365374,39.153404],[-78.365637,39.153297],[-78.367018,39.152817],[-78.367211,39.152734],[-78.36754,39.15253],[-78.367802,39.152293],[-78.369241,39.150387],[-78.370469,39.148861],[-78.370674,39.148666],[-78.37484,39.145841],[-78.376015,39.144866],[-78.377007,39.144116],[-78.377673,39.143771],[-78.378398,39.143441],[-78.378877,39.14317],[-78.379366,39.142809],[-78.380484,39.141842],[-78.38094,39.14154],[-78.383208,39.140414],[-78.38389,39.140089],[-78.384839,39.139681],[-78.385557,39.139425],[-78.387686,39.138755],[-78.388476,39.13846],[-78.388973,39.138214],[-78.389599,39.137772],[-78.390182,39.137222],[-78.390701,39.136711],[-78.391521,39.135819],[-78.39172,39.135531],[-78.392069,39.134576],[-78.392407,39.133908],[-78.392569,39.133475],[-78.392635,39.132936],[-78.392556,39.132436],[-78.392097,39.131464],[-78.391718,39.13034],[-78.391548,39.129379],[-78.391369,39.128668],[-78.391344,39.12848],[-78.39137,39.128258],[-78.391512,39.127962],[-78.391697,39.127723],[-78.39284,39.126665],[-78.393444,39.126003],[-78.393791,39.12575],[-78.394569,39.125327],[-78.394734,39.125203],[-78.394862,39.125051],[-78.394953,39.124777],[-78.395404,39.123847],[-78.395527,39.123503],[-78.395585,39.123204],[-78.395554,39.1224],[-78.395597,39.122161],[-78.395646,39.122047],[-78.39637,39.120887],[-78.396448,39.120675],[-78.396521,39.120319],[-78.396548,39.119586],[-78.396505,39.119081],[-78.396143,39.117411],[-78.396213,39.117222],[-78.396394,39.117059],[-78.39589,39.116549],[-78.394566,39.115297],[-78.394274,39.115121],[-78.394044,39.114934],[-78.393491,39.114126],[-78.393404,39.114034],[-78.393176,39.113869],[-78.392671,39.113589],[-78.391658,39.112916],[-78.391343,39.112785],[-78.390543,39.112588],[-78.389545,39.112391],[-78.389235,39.112365],[-78.388796,39.112397],[-78.387918,39.11267],[-78.387745,39.112704],[-78.387537,39.112719],[-78.386642,39.112661],[-78.386501,39.112624],[-78.385679,39.112273],[-78.384759,39.111818],[-78.384619,39.11177],[-78.383734,39.111575],[-78.383493,39.111467],[-78.383145,39.11125],[-78.382507,39.11095],[-78.382385,39.11088],[-78.381901,39.110497],[-78.380696,39.10976],[-78.379383,39.108715],[-78.378897,39.108369],[-78.378377,39.108044],[-78.376884,39.107208],[-78.376686,39.107028],[-78.376387,39.10667],[-78.375788,39.106094],[-78.375732,39.105956],[-78.375746,39.105599],[-78.375725,39.105515],[-78.375505,39.105208],[-78.375315,39.10506],[-78.374908,39.10484],[-78.374178,39.104289],[-78.373455,39.103908],[-78.373295,39.103742],[-78.373196,39.103481],[-78.373087,39.10332],[-78.371542,39.102087],[-78.371419,39.101954],[-78.371191,39.101629],[-78.371011,39.101472],[-78.370805,39.101355],[-78.370188,39.10108],[-78.369472,39.100819],[-78.369026,39.100584],[-78.368788,39.100425],[-78.367268,39.099262],[-78.365755,39.098361],[-78.365178,39.09794],[-78.364959,39.097867],[-78.364818,39.097849],[-78.363943,39.097803],[-78.363627,39.097754],[-78.363129,39.097646],[-78.362289,39.097401],[-78.361881,39.097361],[-78.360655,39.097392],[-78.360157,39.097459],[-78.359738,39.097545],[-78.359449,39.097559],[-78.35904,39.097539],[-78.358699,39.097615],[-78.358501,39.097633],[-78.358369,39.097621],[-78.358082,39.09753],[-78.357812,39.097478],[-78.35741,39.097482],[-78.357197,39.097506],[-78.356887,39.097579],[-78.35558,39.098069],[-78.35521,39.09816],[-78.354899,39.098186],[-78.354529,39.098151],[-78.354362,39.098036],[-78.354246,39.097957]]]},"properties":{"UNIQUE_ID":"Frederick County-:-101 - Russells","COUNTYFP":"069","locality":"Frederick County","precinct":"101 - Russells","dem24":642,"rep24":1849}},
{"type":"Feature","geometry":{"type":"MultiPolygon","coordinates":[[[[-78.454139,39.027805],[-78.454079,39.028482],[-78.453917,39.029337],[-78.453906,39.029524],[-78.453934,39.029725],[-78.454015,39.029884],[-78.454117,39.030001],[-78.454599,39.030461],[-78.454877,39.030669],[-78.45494,39.030742],[-78.454929,39.030804],[-78.454623,39.030993],[-78.454204,39.031092],[-78.454067,39.031154],[-78.453609,39.031516],[-78.453119,39.03181],[-78.452869,39.031885],[-78.452529,39.031914],[-78.452386,39.031945],[-78.452179,39.031937],[-78.451964,39.031879],[-78.45183,39.031896],[-78.451682,39.032],[-78.451619,39.032105],[-78.45157,39.032275],[-78.451556,39.032599],[-78.451598,39.03273],[-78.451702,39.032853],[-78.451781,39.032862],[-78.452006,39.032813],[-78.452105,39.032835],[-78.45217,39.032903],[-78.452242,39.033006],[-78.452267,39.033163],[-78.452189,39.033352],[-78.452013,39.033564],[-78.451809,39.033702],[-78.450541,39.034303],[-78.450305,39.03438],[-78.450196,39.034344],[-78.450087,39.034241],[-78.449974,39.034207],[-78.449425,39.03425],[-78.448499,39.034472],[-78.447883,39.034661],[-78.447657,39.03476],[-78.447538,39.034838],[-78.447439,39.034981],[-78.447439,39.035138],[-78.44753,39.03546],[-78.447748,39.035885],[-78.447773,39.036045],[-78.447727,39.036383],[-78.447796,39.03663],[-78.447797,39.036634],[-78.447798,39.036637],[-78.448325,39.037676],[-78.44848,39.037853],[-78.448713,39.037981],[-78.449304,39.038325],[-78.449536,39.038654],[-78.449621,39.038918],[-78.449712,39.039598],[-78.449987,39.040521],[-78.450043,39.040801],[-78.45017,39.04102],[-78.450318,39.041185],[-78.450389,39.041229],[-78.450663,39.041256],[-78.450797,39.041339],[-78.45086,39.041443],[-78.450947,39.041893],[-78.450973,39.042025],[-78.451066,39.042265],[-78.451092,39.042429],[-78.451056,39.042555],[-78.450993,39.042654],[-78.450844,39.042791],[-78.450454,39.042982],[-78.449901,39.043133],[-78.449545,39.043282],[-78.449235,39.043458],[-78.449007,39.043673],[-78.448763,39.043914],[-78.448525,39.044212],[-78.44846,39.044304],[-78.448274,39.04447],[-78.448164,39.044553],[-78.447657,39.044817],[-78.446924,39.045314],[-78.446769,39.045455],[-78.446628,39.045634],[-78.446621,39.045727],[-78.446716,39.045903],[-78.446656,39.046004],[-78.444814,39.047242],[-78.444599,39.047444],[-78.444535,39.047618],[-78.444527,39.048811],[-78.444492,39.048911],[-78.444326,39.049155],[-78.444249,39.049411],[-78.444079,39.050702],[-78.44411,39.050933],[-78.444184,39.051051],[-78.444335,39.051201],[-78.445155,39.051737],[-78.445754,39.052094],[-78.446088,39.052157],[-78.446546,39.052176],[-78.44674,39.052142],[-78.447046,39.052041],[-78.44737,39.052026],[-78.447567,39.052053],[-78.447786,39.052118],[-78.447969,39.052258],[-78.448183,39.052612],[-78.448436,39.053337],[-78.448573,39.053528],[-78.448746,39.05369],[-78.448802,39.053845],[-78.448791,39.054086],[-78.448699,39.05448],[-78.448177,39.056087],[-78.448107,39.056139],[-78.447969,39.056187],[-78.447702,39.056234],[-78.447434,39.056212],[-78.447054,39.056108],[-78.446832,39.056111],[-78.44611,39.056236],[-78.445092,39.056489],[-78.444518,39.056526],[-78.444173,39.056603],[-78.44388,39.056751],[-78.443553,39.056988],[-78.442858,39.057713],[-78.442203,39.058202],[-78.441956,39.058324],[-78.440716,39.058771],[-78.440671,39.058818],[-78.440628,39.059038],[-78.440628,39.05933],[-78.44067,39.059459],[-78.441817,39.060524],[-78.441884,39.060609],[-78.441923,39.060725],[-78.441905,39.060908],[-78.441803,39.061135],[-78.441126,39.062243],[-78.440988,39.06264],[-78.440917,39.062736],[-78.440805,39.062814],[-78.440421,39.062975],[-78.439487,39.063225],[-78.438832,39.06347],[-78.438694,39.063555],[-78.438451,39.063852],[-78.438279,39.06398],[-78.437669,39.064286],[-78.436665,39.064841],[-78.436228,39.06505],[-78.435981,39.065121],[-78.435509,39.065214],[-78.434502,39.06539],[-78.433974,39.065459],[-78.432797,39.065561],[-78.432001,39.065688],[-78.43173,39.065762],[-78.431455,39.065868],[-78.431282,39.06595],[-78.431081,39.066101],[-78.430972,39.066248],[-78.430933,39.066417],[-78.431014,39.066937],[-78.431006,39.06747],[-78.431065,39.068578],[-78.431057,39.069315],[-78.431032,39.069485],[-78.430891,39.069761],[-78.430891,39.069809],[-78.43094,39.06989],[-78.43099,39.069919],[-78.43144,39.070102],[-78.432049,39.070313],[-78.432261,39.070438],[-78.432384,39.07058],[-78.432472,39.070786],[-78.432482,39.070999],[-78.432429,39.071251],[-78.43226,39.071622],[-78.431886,39.072153],[-78.431604,39.072486],[-78.43104,39.073034],[-78.43081,39.073178],[-78.429478,39.073774],[-78.429337,39.07395],[-78.429281,39.074291],[-78.429131,39.074494],[-78.426422,39.076077],[-78.42577,39.076729],[-78.425325,39.077297],[-78.425082,39.077733],[-78.425032,39.077894],[-78.425025,39.078064],[-78.425057,39.078171],[-78.425162,39.078348],[-78.425483,39.078571],[-78.425623,39.078745],[-78.425764,39.079021],[-78.425824,39.079352],[-78.425727,39.080394],[-78.425632,39.081036],[-78.425567,39.081283],[-78.42542,39.081463],[-78.425085,39.081694],[-78.424761,39.081832],[-78.424377,39.081922],[-78.424024,39.081958],[-78.423404,39.081941],[-78.423172,39.081902],[-78.422932,39.081832],[-78.422651,39.081709],[-78.422295,39.081501],[-78.422172,39.081371],[-78.422098,39.081226],[-78.422003,39.081167],[-78.421848,39.081166],[-78.421302,39.081305],[-78.420594,39.081542],[-78.420407,39.081633],[-78.420192,39.081793],[-78.419871,39.082101],[-78.41907,39.082938],[-78.418837,39.083246],[-78.418777,39.08347],[-78.418826,39.08368],[-78.4189,39.083795],[-78.419073,39.083962],[-78.419499,39.084245],[-78.419956,39.0844],[-78.420136,39.084525],[-78.420213,39.084705],[-78.42021,39.084804],[-78.42016,39.084948],[-78.420015,39.085143],[-78.419797,39.085343],[-78.418056,39.086174],[-78.417872,39.086198],[-78.417626,39.086164],[-78.417429,39.086106],[-78.417048,39.08594],[-78.416555,39.085664],[-78.415707,39.085092],[-78.415218,39.084849],[-78.415032,39.084848],[-78.414844,39.084896],[-78.414604,39.084984],[-78.414361,39.085107],[-78.414033,39.085338],[-78.413751,39.085641],[-78.41361,39.085915],[-78.413504,39.086337],[-78.413345,39.086545],[-78.412982,39.086895],[-78.412421,39.087313],[-78.411973,39.087605],[-78.411793,39.087758],[-78.411705,39.087885],[-78.411574,39.088184],[-78.41144,39.088356],[-78.410802,39.088895],[-78.410333,39.089331],[-78.409482,39.090635],[-78.408301,39.091651],[-78.408022,39.091873],[-78.407542,39.0922],[-78.40634,39.092859],[-78.405776,39.093117],[-78.405064,39.093382],[-78.404422,39.093708],[-78.403894,39.093907],[-78.40272,39.09428],[-78.399407,39.095261],[-78.398836,39.095387],[-78.398388,39.095425],[-78.398071,39.09537],[-78.397705,39.095221],[-78.396969,39.094743],[-78.396117,39.094105],[-78.393857,39.092808],[-78.393442,39.092593],[-78.393266,39.092533],[-78.392935,39.092508],[-78.392667,39.092523],[-78.392364,39.092585],[-78.392117,39.092681],[-78.391934,39.092793],[-78.391662,39.093019],[-78.391464,39.093241],[-78.391236,39.093577],[-78.391,39.094026],[-78.39065,39.095065],[-78.390559,39.095633],[-78.390559,39.096214],[-78.390722,39.096709],[-78.391304,39.097628],[-78.391864,39.098252],[-78.39234,39.09941],[-78.393272,39.100451],[-78.393463,39.100861],[-78.39349,39.100918],[-78.393415,39.101416],[-78.392988,39.101609],[-78.39285,39.101589],[-78.392047,39.101765],[-78.391855,39.101773],[-78.391359,39.101666],[-78.391127,39.101451],[-78.390378,39.101017],[-78.389908,39.100804],[-78.389678,39.100771],[-78.38905,39.100427],[-78.388374,39.099895],[-78.387416,39.098958],[-78.386102,39.098117],[-78.385758,39.097777],[-78.385102,39.097356],[-78.384359,39.096705],[-78.383536,39.096187],[-78.383304,39.095972],[-78.383089,39.095687],[-78.382954,39.095269],[-78.383,39.094895],[-78.383019,39.094745],[-78.383033,39.094631],[-78.383051,39.094484],[-78.382676,39.093885],[-78.38234,39.09351],[-78.381861,39.093333],[-78.380818,39.093328],[-78.380244,39.093537],[-78.379739,39.093464],[-78.379252,39.093322],[-78.378486,39.092958],[-78.37777,39.092201],[-78.377383,39.092037],[-78.376411,39.091934],[-78.375424,39.092083],[-78.37404,39.092595],[-78.373992,39.092613],[-78.373957,39.092615],[-78.373315,39.092661],[-78.371563,39.093027],[-78.370626,39.093365],[-78.37019,39.093593],[-78.369946,39.093812],[-78.36834,39.09468],[-78.368248,39.09473],[-78.368003,39.094824],[-78.365154,39.09592],[-78.364242,39.096153],[-78.363634,39.096501],[-78.363218,39.096841],[-78.362836,39.09704],[-78.362538,39.097116],[-78.362533,39.097117],[-78.362522,39.097109],[-78.362332,39.096968],[-78.361793,39.096455],[-78.36146,39.096262],[-78.361346,39.09623],[-78.361194,39.096187],[-78.361157,39.096146],[-78.361119,39.096104],[-78.360875,39.096037],[-78.360844,39.096028],[-78.359941,39.095779],[-78.359473,39.09565],[-78.359227,39.095779],[-78.35866,39.096075],[-78.358002,39.096419],[-78.356427,39.09735],[-78.356006,39.097585],[-78.355844,39.097624],[-78.354692,39.097904],[-78.354246,39.097957],[-78.354362,39.098036],[-78.354529,39.098151],[-78.354899,39.098186],[-78.35521,39.09816],[-78.35558,39.098069],[-78.356887,39.097579],[-78.357197,39.097506],[-78.35741,39.097482],[-78.357812,39.097478],[-78.358082,39.09753],[-78.358369,39.097621],[-78.358501,39.097633],[-78.358699,39.097615],[-78.35904,39.097539],[-78.359449,39.097559],[-78.359738,39.097545],[-78.360157,39.097459],[-78.360655,39.097392],[-78.361881,39.097361],[-78.362289,39.097401],[-78.363129,39.097646],[-78.363627,39.097754],[-78.363943,39.097803],[-78.364818,39.097849],[-78.364959,39.097867],[-78.365178,39.09794],[-78.365755,39.098361],[-78.367268,39.099262],[-78.368788,39.100425],[-78.369026,39.100584],[-78.369472,39.100819],[-78.370188,39.10108],[-78.370805,39.101355],[-78.371011,39.101472],[-78.371191,39.101629],[-78.371419,39.101954],[-78.371542,39.102087],[-78.373087,39.10332],[-78.373196,39.103481],[-78.373295,39.103742],[-78.373455,39.103908],[-78.374178,39.104289],[-78.374908,39.10484],[-78.375315,39.10506],[-78.375505,39.105208],[-78.375725,39.105515],[-78.375746,39.105599],[-78.375732,39.105956],[-78.375788,39.106094],[-78.376387,39.10667],[-78.376686,39.107028],[-78.376884,39.107208],[-78.378377,39.108044],[-78.378897,39.108369],[-78.379383,39.108715],[-78.380696,39.10976],[-78.381901,39.110497],[-78.382385,39.11088],[-78.382507,39.11095],[-78.383145,39.11125],[-78.383493,39.111467],[-78.383734,39.111575],[-78.384619,39.11177],[-78.384759,39.111818],[-78.385679,39.112273],[-78.386501,39.112624],[-78.386642,39.112661],[-78.387537,39.112719],[-78.387745,39.112704],[-78.387918,39.11267],[-78.388796,39.112397],[-78.389235,39.112365],[-78.389545,39.112391],[-78.390543,39.112588],[-78.391343,39.112785],[-78.391658,39.112916],[-78.392671,39.113589],[-78.393176,39.113869],[-78.393404,39.114034],[-78.393491,39.114126],[-78.394044,39.114934],[-78.394274,39.115121],[-78.394566,39.115297],[-78.39589,39.116549],[-78.396394,39.117059],[-78.396213,39.117222],[-78.396143,39.117411],[-78.396505,39.119081],[-78.396548,39.119586],[-78.396521,39.120319],[-78.396448,39.120675],[-78.39637,39.120887],[-78.395646,39.122047],[-78.395597,39.122161],[-78.395554,39.1224],[-78.395585,39.123204],[-78.395527,39.123503],[-78.395404,39.123847],[-78.394953,39.124777],[-78.394862,39.125051],[-78.394734,39.125203],[-78.394569,39.125327],[-78.393791,39.12575],[-78.393444,39.126003],[-78.39284,39.126665],[-78.391697,39.127723],[-78.391512,39.127962],[-78.39137,39.128258],[-78.391344,39.12848],[-78.391369,39.128668],[-78.391548,39.129379],[-78.391718,39.13034],[-78.392097,39.131464],[-78.392556,39.132436],[-78.392635,39.132936],[-78.392569,39.133475],[-78.392407,39.133908],[-78.392069,39.134576],[-78.39172,39.135531],[-78.391521,39.135819],[-78.390701,39.136711],[-78.390182,39.137222],[-78.389599,39.137772],[-78.388973,39.138214],[-78.388476,39.13846],[-78.387686,39.138755],[-78.385557,39.139425],[-78.384839,39.139681],[-78.38389,39.140089],[-78.383208,39.140414],[-78.38094,39.14154],[-78.380484,39.141842],[-78.379366,39.142809],[-78.378877,39.14317],[-78.378398,39.143441],[-78.377673,39.143771],[-78.377007,39.144116],[-78.376015,39.144866],[-78.37484,39.145841],[-78.370674,39.148666],[-78.370469,39.148861],[-78.369241,39.150387],[-78.367802,39.152293],[-78.36754,39.15253],[-78.367211,39.152734],[-78.367018,39.152817],[-78.365637,39.153297],[-78.365374,39.153404],[-78.364961,39.153622],[-78.364633,39.15389],[-78.363724,39.154853],[-78.363244,39.155311],[-78.362541,39.155875],[-78.361528,39.15675],[-78.361235,39.156962],[-78.360846,39.157185],[-78.360393,39.157367],[-78.359584,39.157642],[-78.359266,39.157823],[-78.358946,39.158076],[-78.357765,39.15926],[-78.355349,39.162502],[-78.354758,39.163234],[-78.354369,39.163631],[-78.352447,39.165341],[-78.351636,39.166281],[-78.351323,39.166756],[-78.35079,39.16781],[-78.350641,39.168321],[-78.350562,39.168929],[-78.350502,39.169145],[-78.350411,39.169334],[-78.349795,39.170382],[-78.3494,39.170914],[-78.349062,39.171276],[-78.348109,39.172076],[-78.344136,39.175262],[-78.343166,39.175971],[-78.342384,39.176427],[-78.341619,39.176758],[-78.341108,39.177011],[-78.339956,39.177689],[-78.337557,39.179008],[-78.336613,39.179607],[-78.33578,39.180222],[-78.335608,39.180378],[-78.335133,39.1809],[-78.333791,39.182477],[-78.333372,39.182876],[-78.331998,39.184045],[-78.331714,39.184309],[-78.331415,39.184643],[-78.331055,39.185196],[-78.33061,39.186233],[-78.330439,39.186571],[-78.328954,39.188787],[-78.326809,39.191468],[-78.320379,39.199351],[-78.31849,39.201738],[-78.318003,39.202293],[-78.317495,39.202778],[-78.317207,39.203015],[-78.315144,39.20459],[-78.313445,39.205787],[-78.312815,39.206205],[-78.312313,39.206504],[-78.311796,39.206724],[-78.311213,39.206878],[-78.308449,39.207362],[-78.308181,39.207912],[-78.307062,39.209652],[-78.304918,39.213158],[-78.303536,39.215485],[-78.303428,39.215709],[-78.30312,39.216546],[-78.302859,39.217648],[-78.302698,39.218091],[-78.302441,39.218511],[-78.301795,39.219401],[-78.301659,39.219628],[-78.300232,39.222609],[-78.299851,39.223252],[-78.298509,39.225354],[-78.296946,39.227484],[-78.296734,39.227693],[-78.29649,39.227856],[-78.294763,39.228675],[-78.294229,39.228955],[-78.293787,39.229264],[-78.293447,39.229578],[-78.293259,39.229807],[-78.292058,39.231535],[-78.291637,39.232085],[-78.290774,39.233122],[-78.292467,39.234581],[-78.292931,39.234938],[-78.293746,39.235439],[-78.295503,39.236428],[-78.295895,39.236676],[-78.296222,39.236982],[-78.29635,39.237138],[-78.29653,39.237431],[-78.296593,39.237595],[-78.296666,39.237966],[-78.296653,39.238345],[-78.296329,39.239698],[-78.296282,39.240218],[-78.296303,39.240788],[-78.296387,39.241328],[-78.296545,39.241827],[-78.296689,39.242166],[-78.2983,39.245065],[-78.298645,39.245832],[-78.298831,39.246405],[-78.29905,39.247385],[-78.299358,39.249015],[-78.299471,39.249877],[-78.299551,39.250805],[-78.299598,39.253088],[-78.29943,39.254014],[-78.298833,39.25669],[-78.298792,39.257121],[-78.298804,39.257743],[-78.298855,39.258096],[-78.299816,39.262175],[-78.299919,39.262472],[-78.300132,39.262889],[-78.300394,39.263245],[-78.300589,39.263453],[-78.300812,39.263664],[-78.301086,39.263876],[-78.301282,39.264003],[-78.301715,39.264228],[-78.305139,39.265411],[-78.305567,39.26557],[-78.305964,39.265754],[-78.306357,39.266002],[-78.306639,39.266232],[-78.307033,39.266631],[-78.307831,39.267586],[-78.308194,39.267943],[-78.308463,39.268155],[-78.308856,39.268395],[-78.309319,39.268601],[-78.309748,39.268727],[-78.310176,39.26881],[-78.310833,39.268849],[-78.311729,39.268786],[-78.323478,39.267375],[-78.324644,39.267182],[-78.324627,39.267074],[-78.324663,39.266825],[-78.324762,39.266695],[-78.324834,39.266643],[-78.325018,39.266574],[-78.325492,39.266559],[-78.325825,39.266521],[-78.326067,39.266461],[-78.326376,39.266345],[-78.326546,39.266252],[-78.327572,39.265549],[-78.328557,39.265008],[-78.329005,39.264799],[-78.32965,39.26454],[-78.330729,39.264195],[-78.331209,39.264117],[-78.331997,39.264038],[-78.332106,39.263586],[-78.332153,39.262969],[-78.332219,39.262714],[-78.332365,39.262488],[-78.332495,39.262347],[-78.332733,39.262137],[-78.333025,39.261946],[-78.333259,39.261852],[-78.333394,39.261822],[-78.334263,39.261748],[-78.334703,39.261649],[-78.334972,39.261507],[-78.335355,39.26124],[-78.336399,39.26027],[-78.336608,39.260153],[-78.337099,39.259945],[-78.337921,39.259442],[-78.338214,39.259343],[-78.33837,39.259314],[-78.339014,39.259297],[-78.339301,39.259257],[-78.339774,39.259153],[-78.340046,39.259058],[-78.340777,39.258723],[-78.341946,39.258036],[-78.343011,39.257077],[-78.343988,39.256262],[-78.344898,39.255321],[-78.345084,39.255056],[-78.34519,39.254624],[-78.345342,39.25417],[-78.345419,39.254016],[-78.345584,39.253787],[-78.346325,39.252989],[-78.346597,39.252815],[-78.347638,39.252311],[-78.348699,39.251735],[-78.349057,39.251602],[-78.3497,39.251447],[-78.350548,39.251195],[-78.350879,39.251079],[-78.351187,39.250922],[-78.351709,39.250545],[-78.352743,39.249536],[-78.353074,39.2493],[-78.353604,39.249022],[-78.353729,39.248926],[-78.354026,39.248565],[-78.354201,39.248395],[-78.354739,39.248082],[-78.354981,39.247881],[-78.355601,39.24722],[-78.355873,39.24679],[-78.355993,39.24665],[-78.356686,39.245954],[-78.357757,39.244938],[-78.358157,39.244606],[-78.358758,39.244213],[-78.359607,39.243607],[-78.360086,39.243318],[-78.360518,39.243129],[-78.361467,39.242848],[-78.36203,39.242589],[-78.36242,39.242353],[-78.362675,39.242058],[-78.362792,39.24181],[-78.363012,39.240888],[-78.363176,39.240371],[-78.363339,39.240055],[-78.363678,39.239601],[-78.363872,39.239438],[-78.364425,39.239155],[-78.364674,39.239092],[-78.36554,39.23901],[-78.365995,39.238818],[-78.366291,39.238615],[-78.366517,39.238412],[-78.366758,39.238105],[-78.367062,39.237645],[-78.367386,39.23698],[-78.367565,39.236684],[-78.367847,39.236315],[-78.368094,39.23608],[-78.368526,39.2358],[-78.368684,39.235727],[-78.368946,39.235657],[-78.369446,39.235624],[-78.370071,39.235737],[-78.370689,39.235764],[-78.370974,39.235696],[-78.371265,39.235512],[-78.371355,39.235421],[-78.371777,39.2348],[-78.373006,39.232868],[-78.373131,39.232714],[-78.37341,39.232462],[-78.373591,39.232338],[-78.374573,39.23183],[-78.374795,39.231661],[-78.374918,39.231456],[-78.375001,39.231042],[-78.375118,39.230858],[-78.375294,39.230641],[-78.376388,39.229485],[-78.376818,39.228986],[-78.377309,39.228562],[-78.378425,39.227719],[-78.379033,39.227195],[-78.379323,39.226907],[-78.379723,39.226428],[-78.380724,39.225149],[-78.380971,39.22492],[-78.381689,39.224381],[-78.382406,39.223967],[-78.38275,39.223699],[-78.383234,39.223267],[-78.383396,39.223079],[-78.38352,39.222886],[-78.383628,39.222586],[-78.383691,39.222067],[-78.383813,39.221825],[-78.383992,39.221633],[-78.385179,39.220935],[-78.385527,39.220687],[-78.386482,39.219814],[-78.386866,39.219322],[-78.387727,39.218609],[-78.3883,39.217941],[-78.38869,39.217646],[-78.388893,39.217583],[-78.389059,39.217562],[-78.389211,39.217471],[-78.389343,39.217318],[-78.389604,39.216908],[-78.38975,39.216739],[-78.390417,39.21614],[-78.390568,39.216073],[-78.390738,39.216049],[-78.391526,39.216065],[-78.391876,39.215932],[-78.392077,39.215799],[-78.392159,39.215666],[-78.392172,39.215592],[-78.392043,39.214889],[-78.392053,39.214665],[-78.392119,39.214443],[-78.392287,39.214171],[-78.39269,39.213689],[-78.393163,39.21316],[-78.393375,39.212963],[-78.394427,39.212067],[-78.395201,39.211479],[-78.395626,39.211212],[-78.396272,39.210909],[-78.397077,39.210615],[-78.39825,39.210264],[-78.398831,39.210163],[-78.399111,39.210057],[-78.399238,39.209984],[-78.399394,39.209844],[-78.399464,39.20974],[-78.399951,39.208702],[-78.400223,39.208337],[-78.400446,39.208116],[-78.401656,39.207204],[-78.402616,39.206347],[-78.402872,39.206152],[-78.404352,39.205332],[-78.405672,39.204377],[-78.405894,39.204193],[-78.406142,39.204073],[-78.406425,39.20402],[-78.407524,39.204012],[-78.407938,39.203951],[-78.409913,39.203438],[-78.410068,39.203384],[-78.410297,39.203255],[-78.410499,39.203054],[-78.411124,39.202331],[-78.411313,39.202007],[-78.411328,39.201835],[-78.411283,39.201269],[-78.411227,39.201128],[-78.411,39.200828],[-78.410914,39.200647],[-78.410917,39.200514],[-78.410973,39.200348],[-78.411263,39.199979],[-78.411618,39.199603],[-78.412083,39.199175],[-78.412653,39.198704],[-78.41318,39.198075],[-78.413817,39.197374],[-78.414488,39.196843],[-78.416302,39.195918],[-78.416463,39.195821],[-78.416665,39.195656],[-78.417254,39.195046],[-78.418919,39.193185],[-78.419672,39.192477],[-78.42051,39.191512],[-78.420647,39.19139],[-78.421439,39.190818],[-78.421996,39.190353],[-78.423033,39.189378],[-78.424046,39.188306],[-78.424447,39.187937],[-78.425187,39.187187],[-78.425418,39.187015],[-78.425787,39.186829],[-78.426693,39.186634],[-78.42706,39.186506],[-78.427702,39.185978],[-78.427604,39.185893],[-78.427388,39.185782],[-78.427151,39.185733],[-78.426935,39.185571],[-78.42678,39.184967],[-78.427041,39.184179],[-78.4269,39.183736],[-78.426513,39.183011],[-78.426318,39.18277],[-78.426092,39.182713],[-78.425453,39.182711],[-78.424948,39.182863],[-78.424403,39.182741],[-78.423992,39.182499],[-78.423644,39.182039],[-78.423572,39.181508],[-78.423328,39.181355],[-78.422948,39.181057],[-78.421645,39.179814],[-78.42102,39.179153],[-78.42064,39.178935],[-78.419152,39.17774],[-78.419149,39.177584],[-78.418947,39.177362],[-78.418535,39.177377],[-78.416907,39.177622],[-78.414847,39.177843],[-78.41442,39.176327],[-78.413886,39.175346],[-78.413726,39.174425],[-78.413134,39.173646],[-78.411975,39.172742],[-78.410743,39.171991],[-78.409991,39.172005],[-78.409209,39.171818],[-78.408109,39.171469],[-78.406969,39.170911],[-78.406283,39.170096],[-78.405772,39.169234],[-78.405249,39.168637],[-78.40391,39.167746],[-78.403697,39.167451],[-78.403996,39.167355],[-78.404842,39.166858],[-78.406764,39.164891],[-78.407229,39.164378],[-78.408622,39.163528],[-78.409087,39.163135],[-78.409356,39.16283],[-78.409698,39.162171],[-78.410669,39.161385],[-78.411587,39.160759],[-78.41232,39.160198],[-78.412599,39.160038],[-78.412951,39.159443],[-78.413169,39.158929],[-78.413943,39.158415],[-78.416849,39.157618],[-78.41753,39.15733],[-78.417912,39.156993],[-78.418377,39.156656],[-78.419974,39.15604],[-78.420418,39.155792],[-78.424561,39.154096],[-78.427294,39.152726],[-78.42875,39.151313],[-78.430075,39.1492],[-78.432143,39.146678],[-78.432278,39.146316],[-78.432661,39.145746],[-78.433393,39.145305],[-78.434095,39.144695],[-78.434457,39.14418],[-78.434563,39.14336],[-78.434811,39.143047],[-78.436658,39.141691],[-78.43687,39.139873],[-78.437215,39.138402],[-78.437766,39.136729],[-78.437771,39.135426],[-78.438186,39.134413],[-78.438922,39.132998],[-78.439429,39.132146],[-78.440387,39.131609],[-78.441131,39.13071],[-78.441948,39.129577],[-78.443052,39.128606],[-78.44426,39.12761],[-78.445539,39.126639],[-78.44656,39.125764],[-78.447179,39.125105],[-78.448296,39.124051],[-78.44982,39.122913],[-78.451005,39.121802],[-78.452221,39.120715],[-78.453802,39.120004],[-78.454787,39.118443],[-78.456124,39.117161],[-78.45733,39.116163],[-78.457951,39.115281],[-78.459311,39.114273],[-78.459869,39.113351],[-78.463813,39.113286],[-78.465561,39.112969],[-78.466662,39.112858],[-78.468045,39.112035],[-78.46953,39.111204],[-78.470261,39.110063],[-78.471367,39.109315],[-78.473209,39.108143],[-78.474585,39.107675],[-78.475376,39.107469],[-78.476058,39.107754],[-78.476582,39.108629],[-78.47732,39.109398],[-78.478426,39.109843],[-78.479597,39.109505],[-78.482541,39.108205],[-78.484283,39.107372],[-78.486792,39.105849],[-78.48976,39.103856],[-78.493734,39.10159],[-78.49516,39.100992],[-78.495619,39.100125],[-78.495984,39.09898],[-78.497355,39.098037],[-78.498712,39.096795],[-78.499731,39.095933],[-78.501728,39.094549],[-78.503278,39.092973],[-78.504384,39.091398],[-78.507033,39.089416],[-78.508132,39.08863],[-78.509147,39.087362],[-78.509371,39.086757],[-78.51012,39.086166],[-78.510322,39.08555],[-78.510703,39.085205],[-78.512103,39.084878],[-78.513397,39.08402],[-78.514475,39.083025],[-78.515553,39.082304],[-78.516479,39.081802],[-78.516424,39.08103],[-78.515955,39.080046],[-78.516315,39.07961],[-78.516342,39.07882],[-78.516789,39.077569],[-78.517446,39.076906],[-78.518112,39.076122],[-78.520032,39.07473],[-78.520853,39.074107],[-78.521561,39.073452],[-78.522244,39.071854],[-78.522714,39.071062],[-78.524273,39.069711],[-78.526543,39.068221],[-78.529125,39.067559],[-78.531695,39.066519],[-78.532916,39.065451],[-78.53458,39.064406],[-78.535108,39.062905],[-78.537533,39.061696],[-78.540216,39.060631],[-78.541403,39.059119],[-78.542869,39.057623],[-78.54409,39.056652],[-78.53178,39.052828],[-78.529584,39.052051],[-78.524741,39.050515],[-78.513995,39.04692],[-78.508188,39.045076],[-78.499703,39.042331],[-78.495053,39.040862],[-78.494338,39.040659],[-78.490528,39.039475],[-78.487106,39.038316],[-78.484723,39.037591],[-78.482351,39.036838],[-78.477454,39.035242],[-78.474405,39.034331],[-78.466662,39.031758],[-78.458577,39.029183],[-78.454139,39.027805]]],[[[-78.420931,39.214634],[-78.42094,39.21463],[-78.421087,39.214481],[-78.420931,39.214634]]]]},"properties":{"UNIQUE_ID":"Frederick County-:-102 - Gore","COUNTYFP":"069","locality":"Frederick County","precinct":"102 - Gore","dem24":599,"rep24":1918}},
{"type":"Feature","geometry":{"type":"Polygon","coordinates":[[[-78.321975,39.081689],[-78.321434,39.081844],[-78.319659,39.082285],[-78.318553,39.082538],[-78.318183,39.082598],[-78.31745,39.082664],[-78.313022,39.082897],[-78.312438,39.082963],[-78.311807,39.083097],[-78.311231,39.083277],[-78.310961,39.083386],[-78.310423,39.083652],[-78.3081,39.085063],[-78.307506,39.085406],[-78.30715,39.085584],[-78.306676,39.085782],[-78.306092,39.085964],[-78.305008,39.086213],[-78.304416,39.086318],[-78.303459,39.086396],[-78.302522,39.086388],[-78.300887,39.086332],[-78.300199,39.086355],[-78.299474,39.086471],[-78.29828,39.086774],[-78.297705,39.08685],[-78.297181,39.086861],[-78.295507,39.086821],[-78.29525,39.086835],[-78.294612,39.086923],[-78.294656,39.086771],[-78.294876,39.086395],[-78.295712,39.085135],[-78.296134,39.084566],[-78.297803,39.082879],[-78.298378,39.082242],[-78.298697,39.081999],[-78.299539,39.081452],[-78.299946,39.081075],[-78.300038,39.080939],[-78.300059,39.080786],[-78.300042,39.080714],[-78.299991,39.080616],[-78.299844,39.08045],[-78.299575,39.080271],[-78.292991,39.076836],[-78.290255,39.075328],[-78.289618,39.074888],[-78.289107,39.074661],[-78.288217,39.074328],[-78.288097,39.074264],[-78.287897,39.074101],[-78.287336,39.073285],[-78.287186,39.073145],[-78.28703,39.073084],[-78.282859,39.072347],[-78.282716,39.072283],[-78.282607,39.072133],[-78.282493,39.071387],[-78.282435,39.070795],[-78.282404,39.070675],[-78.282265,39.070514],[-78.280173,39.069444],[-78.279041,39.068718],[-78.27828,39.068206],[-78.277739,39.067676],[-78.277608,39.067582],[-78.277332,39.067507],[-78.275361,39.067157],[-78.274654,39.070232],[-78.273782,39.073293],[-78.2735,39.074421],[-78.273408,39.07465],[-78.27333,39.074787],[-78.273126,39.075041],[-78.272564,39.075565],[-78.269304,39.078773],[-78.267902,39.080111],[-78.26743,39.080617],[-78.267213,39.080919],[-78.267107,39.081186],[-78.266576,39.083607],[-78.266359,39.084876],[-78.266227,39.085281],[-78.265848,39.085961],[-78.265722,39.086296],[-78.265723,39.086614],[-78.265798,39.086939],[-78.265805,39.086957],[-78.265806,39.08696],[-78.266051,39.087872],[-78.266254,39.088894],[-78.266479,39.090367],[-78.266464,39.090706],[-78.262278,39.090636],[-78.261258,39.090729],[-78.26024,39.090857],[-78.258955,39.091044],[-78.257066,39.09137],[-78.255492,39.091674],[-78.25453,39.091808],[-78.254176,39.091897],[-78.252261,39.092497],[-78.25196,39.092571],[-78.247608,39.093327],[-78.246861,39.093433],[-78.246275,39.093433],[-78.246,39.093406],[-78.245554,39.093302],[-78.244778,39.092983],[-78.244009,39.092587],[-78.243694,39.09245],[-78.243369,39.092422],[-78.242715,39.092507],[-78.24249,39.092511],[-78.242324,39.092489],[-78.238667,39.091621],[-78.235072,39.090802],[-78.234749,39.090752],[-78.233807,39.090671],[-78.229444,39.090332],[-78.22945,39.09034],[-78.232079,39.094088],[-78.234397,39.094056],[-78.235582,39.094046],[-78.24127,39.093958],[-78.241293,39.093957],[-78.237983,39.101246],[-78.231855,39.099593],[-78.228426,39.098642],[-78.226349,39.102326],[-78.2263,39.102502],[-78.226305,39.102616],[-78.226363,39.102786],[-78.226423,39.102871],[-78.223811,39.104753],[-78.218567,39.103017],[-78.217224,39.1052],[-78.215767,39.104686],[-78.212688,39.10362],[-78.212478,39.104034],[-78.211902,39.103814],[-78.212054,39.103382],[-78.212035,39.103376],[-78.21203,39.103374],[-78.212031,39.103372],[-78.208168,39.102015],[-78.205014,39.100418],[-78.204689,39.100253],[-78.203163,39.104296],[-78.202845,39.105046],[-78.202082,39.106625],[-78.201383,39.107883],[-78.200837,39.108778],[-78.200105,39.109873],[-78.199732,39.110396],[-78.198781,39.111623],[-78.185138,39.128249],[-78.184122,39.12945],[-78.182805,39.13093],[-78.183145,39.131065],[-78.183183,39.131027],[-78.183264,39.131119],[-78.183497,39.131247],[-78.183693,39.131313],[-78.183799,39.131425],[-78.183781,39.13158],[-78.183618,39.132142],[-78.183583,39.132421],[-78.183499,39.13256],[-78.183257,39.132793],[-78.18327,39.132959],[-78.183223,39.133059],[-78.18309,39.133194],[-78.182987,39.133258],[-78.182967,39.133318],[-78.183036,39.133409],[-78.183024,39.133466],[-78.182877,39.133634],[-78.182772,39.133863],[-78.182771,39.13409],[-78.182709,39.13417],[-78.182676,39.134275],[-78.182697,39.134357],[-78.182687,39.134765],[-78.182754,39.135339],[-78.18281,39.135455],[-78.182855,39.135751],[-78.182734,39.136074],[-78.182519,39.136374],[-78.18249,39.136695],[-78.182881,39.137127],[-78.183049,39.137275],[-78.183313,39.137249],[-78.183472,39.137307],[-78.183807,39.137774],[-78.183888,39.137818],[-78.184162,39.137819],[-78.184284,39.137865],[-78.184364,39.137933],[-78.184498,39.137994],[-78.184542,39.138123],[-78.184611,39.138204],[-78.18589,39.138785],[-78.186122,39.138912],[-78.186299,39.13908],[-78.186417,39.139214],[-78.186654,39.139408],[-78.187074,39.139686],[-78.187336,39.139793],[-78.187834,39.139837],[-78.188151,39.139997],[-78.188244,39.140015],[-78.188615,39.140171],[-78.189566,39.140429],[-78.189794,39.140598],[-78.190089,39.140764],[-78.190297,39.140944],[-78.190347,39.140966],[-78.190563,39.140976],[-78.190829,39.140942],[-78.19101,39.140969],[-78.191115,39.140913],[-78.1912,39.140896],[-78.191582,39.140939],[-78.191652,39.140893],[-78.191729,39.140735],[-78.19178,39.140709],[-78.191875,39.140708],[-78.192055,39.140757],[-78.192183,39.140842],[-78.192509,39.140881],[-78.192939,39.141011],[-78.193234,39.140998],[-78.193563,39.140944],[-78.19368,39.140951],[-78.194019,39.141073],[-78.194337,39.141271],[-78.195098,39.142152],[-78.195673,39.142307],[-78.19663,39.142154],[-78.197023,39.143075],[-78.198187,39.147112],[-78.198182,39.14731],[-78.198142,39.147456],[-78.197879,39.147971],[-78.197881,39.148503],[-78.197992,39.149119],[-78.198123,39.149432],[-78.199948,39.153141],[-78.195836,39.154929],[-78.193787,39.163096],[-78.194115,39.163029],[-78.195196,39.162652],[-78.195607,39.162459],[-78.196989,39.161723],[-78.197978,39.16124],[-78.198932,39.16088],[-78.199451,39.160722],[-78.200524,39.160476],[-78.201548,39.160299],[-78.208815,39.159091],[-78.210225,39.158879],[-78.210811,39.158811],[-78.211755,39.158727],[-78.212859,39.158675],[-78.213631,39.158665],[-78.215022,39.15871],[-78.224771,39.159353],[-78.225432,39.159445],[-78.226681,39.159739],[-78.22708,39.159774],[-78.227388,39.159737],[-78.230674,39.159009],[-78.23164,39.158834],[-78.232246,39.158826],[-78.235397,39.158878],[-78.235816,39.158842],[-78.236328,39.158744],[-78.237821,39.158377],[-78.238252,39.158229],[-78.239028,39.157855],[-78.239877,39.157499],[-78.240659,39.157004],[-78.24093,39.156889],[-78.241293,39.156805],[-78.244122,39.156365],[-78.244402,39.156379],[-78.246005,39.15709],[-78.246497,39.15724],[-78.246707,39.157252],[-78.24709,39.1571],[-78.247474,39.15689],[-78.249111,39.155716],[-78.251646,39.154231],[-78.253419,39.153131],[-78.254232,39.152573],[-78.254639,39.152328],[-78.255051,39.152152],[-78.255404,39.152038],[-78.256335,39.151782],[-78.263747,39.148811],[-78.266585,39.147557],[-78.267127,39.147268],[-78.270214,39.145186],[-78.271478,39.144249],[-78.274059,39.142138],[-78.282514,39.135329],[-78.284094,39.134156],[-78.285338,39.133375],[-78.285754,39.133203],[-78.286623,39.132918],[-78.288992,39.131615],[-78.290306,39.131031],[-78.290599,39.130918],[-78.290941,39.13084],[-78.291314,39.13082],[-78.291906,39.130874],[-78.292213,39.130864],[-78.292504,39.130812],[-78.292823,39.130681],[-78.295133,39.128928],[-78.297789,39.127106],[-78.298649,39.126348],[-78.299225,39.125719],[-78.299391,39.125476],[-78.299573,39.125132],[-78.299969,39.123907],[-78.300131,39.123554],[-78.30023,39.123411],[-78.300517,39.1231],[-78.301288,39.122379],[-78.301698,39.121958],[-78.303153,39.120628],[-78.303747,39.119983],[-78.303984,39.119659],[-78.305075,39.117308],[-78.305497,39.116501],[-78.306735,39.11452],[-78.307419,39.113471],[-78.307947,39.112721],[-78.308636,39.111838],[-78.309817,39.110575],[-78.310149,39.110255],[-78.310802,39.109725],[-78.311241,39.109317],[-78.312183,39.108067],[-78.313222,39.106594],[-78.313567,39.105987],[-78.315073,39.102938],[-78.31555,39.102094],[-78.315798,39.101821],[-78.316937,39.100973],[-78.317785,39.100297],[-78.319042,39.099178],[-78.319631,39.098608],[-78.321284,39.096851],[-78.321835,39.096305],[-78.322252,39.09581],[-78.322498,39.095448],[-78.322575,39.095215],[-78.322579,39.094847],[-78.322477,39.094092],[-78.322293,39.093068],[-78.32221,39.092844],[-78.321853,39.09221],[-78.321506,39.091366],[-78.321238,39.090554],[-78.321148,39.090053],[-78.321162,39.089776],[-78.321339,39.089398],[-78.321518,39.088896],[-78.321758,39.088406],[-78.321779,39.08833],[-78.321767,39.088175],[-78.321361,39.08713],[-78.321213,39.086952],[-78.320704,39.086471],[-78.320071,39.08581],[-78.319892,39.085501],[-78.319908,39.085364],[-78.319943,39.085301],[-78.320553,39.084697],[-78.32092,39.084167],[-78.321624,39.082818],[-78.322017,39.08213],[-78.322053,39.081952],[-78.321979,39.081696],[-78.321975,39.081689]]]},"properties":{"UNIQUE_ID":"Frederick County-:-103 - Kernstown","COUNTYFP":"069","locality":"Frederick County","precinct":"103 - Kernstown","dem24":892,"rep24":1571}},
{"type":"Feature","geometry":{"type":"Polygon","coordinates":[[[-78.325774,39.077805],[-78.325734,39.077764],[-78.325439,39.077612],[-78.324889,39.076952],[-78.324667,39.076786],[-78.324648,39.076772],[-78.324648,39.076751],[-78.324646,39.07659],[-78.32449,39.076383],[-78.324431,39.076305],[-78.324382,39.076117],[-78.324425,39.075994],[-78.32454,39.075667],[-78.324721,39.075512],[-78.325266,39.075227],[-78.326112,39.074877],[-78.326751,39.074787],[-78.327371,39.074586],[-78.328265,39.074424],[-78.329108,39.074194],[-78.329487,39.074091],[-78.329945,39.074157],[-78.329995,39.074202],[-78.331229,39.074358],[-78.33133,39.07432],[-78.331788,39.074386],[-78.332412,39.074258],[-78.332646,39.074182],[-78.332816,39.074073],[-78.333153,39.073856],[-78.333354,39.073812],[-78.333981,39.073865],[-78.334564,39.073914],[-78.334657,39.073904],[-78.335479,39.073916],[-78.335655,39.073907],[-78.33582,39.073866],[-78.335968,39.073762],[-78.336053,39.073621],[-78.336064,39.073494],[-78.336036,39.073349],[-78.335917,39.07309],[-78.334537,39.071444],[-78.333679,39.070625],[-78.333437,39.070313],[-78.333367,39.070152],[-78.333371,39.070016],[-78.333477,39.06986],[-78.333681,39.069708],[-78.333875,39.069602],[-78.334439,39.069367],[-78.335254,39.069146],[-78.335722,39.069069],[-78.336081,39.069035],[-78.336708,39.069043],[-78.337339,39.069144],[-78.337948,39.069304],[-78.339102,39.069828],[-78.339811,39.069921],[-78.340407,39.070278],[-78.340516,39.070316],[-78.340816,39.070277],[-78.341115,39.070176],[-78.341295,39.070086],[-78.341426,39.069997],[-78.341563,39.069861],[-78.341662,39.069705],[-78.341702,39.069562],[-78.34151,39.068752],[-78.341483,39.06824],[-78.341488,39.067275],[-78.341171,39.065941],[-78.341105,39.065418],[-78.341071,39.064958],[-78.341196,39.063986],[-78.341102,39.063727],[-78.340996,39.063606],[-78.340856,39.063504],[-78.340208,39.063208],[-78.336186,39.061813],[-78.335834,39.061678],[-78.335447,39.061491],[-78.335134,39.061271],[-78.335026,39.061075],[-78.335015,39.060974],[-78.335054,39.06083],[-78.335227,39.060582],[-78.335439,39.060379],[-78.335788,39.060134],[-78.336187,39.059937],[-78.336497,39.059842],[-78.336853,39.059796],[-78.337356,39.059787],[-78.338409,39.059868],[-78.339384,39.06003],[-78.341049,39.060455],[-78.341869,39.060705],[-78.34448,39.061739],[-78.345043,39.061834],[-78.345427,39.061851],[-78.345818,39.061813],[-78.346142,39.061735],[-78.34637,39.061638],[-78.346696,39.061431],[-78.346964,39.061158],[-78.347155,39.06084],[-78.34725,39.060601],[-78.34729,39.06028],[-78.347255,39.059928],[-78.34714,39.05964],[-78.346996,39.059454],[-78.34675,39.059269],[-78.346595,39.059231],[-78.345714,39.059248],[-78.345369,39.059154],[-78.344768,39.058948],[-78.344338,39.05876],[-78.343839,39.058502],[-78.343501,39.058268],[-78.34335,39.058114],[-78.343284,39.057979],[-78.343247,39.056982],[-78.343139,39.056432],[-78.34301,39.056097],[-78.342799,39.055833],[-78.342026,39.05511],[-78.341042,39.054297],[-78.339955,39.053767],[-78.338604,39.052929],[-78.338211,39.052616],[-78.337779,39.052195],[-78.337097,39.051608],[-78.337033,39.051575],[-78.336386,39.051435],[-78.336284,39.051386],[-78.336087,39.051199],[-78.335855,39.050907],[-78.335168,39.049516],[-78.334642,39.048687],[-78.333951,39.047869],[-78.333919,39.047854],[-78.333585,39.047772],[-78.333384,39.047816],[-78.333158,39.047934],[-78.332949,39.048044],[-78.332599,39.048502],[-78.332426,39.049203],[-78.332394,39.049525],[-78.332469,39.049609],[-78.332382,39.05054],[-78.331997,39.050772],[-78.331964,39.05077],[-78.331391,39.050661],[-78.330976,39.0506],[-78.33067,39.050484],[-78.330395,39.050345],[-78.330206,39.050192],[-78.330118,39.050073],[-78.330044,39.049819],[-78.330197,39.04939],[-78.330257,39.049145],[-78.330352,39.048946],[-78.330452,39.048737],[-78.330569,39.048263],[-78.33078,39.047405],[-78.331339,39.046287],[-78.331485,39.046086],[-78.331611,39.04582],[-78.331738,39.045436],[-78.331788,39.04541],[-78.331906,39.045121],[-78.332491,39.042567],[-78.332426,39.041868],[-78.332355,39.041622],[-78.332177,39.041457],[-78.331797,39.041248],[-78.331547,39.041153],[-78.331202,39.041087],[-78.330776,39.041098],[-78.329818,39.041201],[-78.329093,39.041292],[-78.328853,39.041347],[-78.328416,39.041737],[-78.326725,39.043488],[-78.326279,39.044601],[-78.326148,39.044843],[-78.326004,39.044941],[-78.325743,39.04502],[-78.325595,39.045013],[-78.325419,39.044967],[-78.325067,39.044801],[-78.324399,39.04436],[-78.32227,39.042795],[-78.322056,39.042285],[-78.321142,39.04178],[-78.320868,39.041564],[-78.320642,39.041312],[-78.320517,39.041024],[-78.320273,39.04024],[-78.319229,39.036742],[-78.319029,39.036314],[-78.318861,39.036151],[-78.318678,39.03608],[-78.318344,39.036026],[-78.316876,39.036034],[-78.316242,39.035963],[-78.314764,39.035742],[-78.313005,39.035413],[-78.312607,39.035299],[-78.311605,39.034754],[-78.310195,39.034363],[-78.309804,39.034212],[-78.309555,39.034066],[-78.309453,39.03388],[-78.30946,39.033773],[-78.309524,39.033657],[-78.31024,39.033205],[-78.310416,39.03304],[-78.31054,39.032964],[-78.312882,39.032506],[-78.313713,39.032293],[-78.314073,39.032179],[-78.314295,39.03209],[-78.314559,39.031947],[-78.315881,39.031089],[-78.316241,39.030904],[-78.31659,39.030774],[-78.316755,39.030751],[-78.316963,39.030783],[-78.317184,39.030867],[-78.317399,39.030981],[-78.318323,39.031606],[-78.319177,39.032338],[-78.319328,39.032439],[-78.319426,39.032464],[-78.31956,39.032475],[-78.319771,39.032454],[-78.320272,39.032273],[-78.320575,39.032093],[-78.320871,39.031787],[-78.321033,39.031471],[-78.321109,39.031108],[-78.321067,39.030773],[-78.32098,39.030622],[-78.320905,39.030551],[-78.320636,39.030356],[-78.320411,39.030227],[-78.319612,39.029848],[-78.31893,39.029489],[-78.316305,39.027773],[-78.315722,39.02733],[-78.315466,39.027095],[-78.314943,39.026273],[-78.314701,39.026133],[-78.314366,39.025758],[-78.314312,39.025621],[-78.314168,39.025463],[-78.31402,39.025233],[-78.313961,39.02507],[-78.313944,39.024919],[-78.314029,39.024767],[-78.314364,39.024368],[-78.31479,39.023627],[-78.315328,39.023009],[-78.315745,39.02246],[-78.315781,39.022329],[-78.315756,39.022216],[-78.315669,39.022094],[-78.315528,39.022004],[-78.315527,39.022003],[-78.315524,39.022002],[-78.315366,39.021957],[-78.314839,39.021904],[-78.314627,39.021973],[-78.314256,39.021813],[-78.313868,39.021708],[-78.313723,39.021629],[-78.313618,39.021506],[-78.313583,39.021418],[-78.313594,39.021293],[-78.313686,39.021154],[-78.313831,39.021019],[-78.314529,39.020561],[-78.314867,39.020391],[-78.315103,39.020305],[-78.315321,39.020251],[-78.315578,39.020228],[-78.316268,39.020229],[-78.316807,39.020081],[-78.317403,39.020167],[-78.317514,39.020292],[-78.318127,39.020308],[-78.319091,39.019804],[-78.319107,39.019796],[-78.319187,39.019726],[-78.319206,39.019709],[-78.319298,39.019628],[-78.31959,39.019312],[-78.319685,39.01915],[-78.319717,39.018964],[-78.319637,39.018786],[-78.319538,39.018685],[-78.319384,39.018581],[-78.318565,39.018247],[-78.317918,39.018014],[-78.3177,39.017908],[-78.31764,39.017829],[-78.317619,39.017739],[-78.317725,39.017508],[-78.317944,39.017195],[-78.318292,39.015974],[-78.318389,39.01577],[-78.318537,39.015621],[-78.318705,39.015452],[-78.318739,39.015251],[-78.318847,39.015027],[-78.318869,39.01492],[-78.318834,39.01475],[-78.318725,39.014538],[-78.318582,39.014355],[-78.31823,39.014013],[-78.317872,39.013717],[-78.317465,39.013433],[-78.316859,39.013117],[-78.316327,39.012967],[-78.315757,39.012195],[-78.314974,39.010557],[-78.31461,39.010149],[-78.314281,39.010063],[-78.313113,39.009973],[-78.312495,39.009873],[-78.31244,39.009865],[-78.312433,39.009858],[-78.312209,39.009771],[-78.312125,39.009697],[-78.312048,39.009573],[-78.312042,39.009348],[-78.312158,39.009094],[-78.31225,39.009005],[-78.312448,39.008889],[-78.314083,39.008002],[-78.314186,39.007982],[-78.314174,39.007976],[-78.31258,39.007884],[-78.302346,39.00857],[-78.302021,39.008814],[-78.301901,39.008907],[-78.301273,39.009432],[-78.298006,39.012492],[-78.297268,39.013118],[-78.296707,39.013549],[-78.295829,39.014144],[-78.294652,39.014864],[-78.293731,39.015358],[-78.292755,39.015815],[-78.28541,39.018941],[-78.283332,39.019948],[-78.274273,39.024888],[-78.27295,39.025694],[-78.271981,39.026365],[-78.270883,39.0272],[-78.269481,39.028405],[-78.246722,39.048603],[-78.245349,39.049867],[-78.244473,39.050774],[-78.24399,39.051328],[-78.235379,39.061748],[-78.239062,39.064123],[-78.235084,39.067286],[-78.232888,39.069159],[-78.233789,39.06958],[-78.237307,39.071107],[-78.237522,39.071225],[-78.239091,39.071903],[-78.239446,39.072083],[-78.238896,39.073062],[-78.238431,39.074066],[-78.236752,39.078577],[-78.236372,39.079408],[-78.235883,39.080309],[-78.235323,39.081185],[-78.234746,39.081969],[-78.233812,39.083056],[-78.232737,39.084143],[-78.232009,39.084721],[-78.231797,39.084943],[-78.231673,39.085026],[-78.229309,39.090141],[-78.229444,39.090332],[-78.233807,39.090671],[-78.234749,39.090752],[-78.235072,39.090802],[-78.238667,39.091621],[-78.242324,39.092489],[-78.24249,39.092511],[-78.242715,39.092507],[-78.243369,39.092422],[-78.243694,39.09245],[-78.244009,39.092587],[-78.244778,39.092983],[-78.245554,39.093302],[-78.246,39.093406],[-78.246275,39.093433],[-78.246861,39.093433],[-78.247608,39.093327],[-78.25196,39.092571],[-78.252261,39.092497],[-78.254176,39.091897],[-78.25453,39.091808],[-78.255492,39.091674],[-78.257066,39.09137],[-78.258955,39.091044],[-78.26024,39.090857],[-78.261258,39.090729],[-78.262278,39.090636],[-78.266464,39.090706],[-78.266479,39.090367],[-78.266254,39.088894],[-78.266051,39.087872],[-78.265806,39.08696],[-78.265805,39.086957],[-78.265798,39.086939],[-78.265723,39.086614],[-78.265722,39.086296],[-78.265848,39.085961],[-78.266227,39.085281],[-78.266359,39.084876],[-78.266576,39.083607],[-78.267107,39.081186],[-78.267213,39.080919],[-78.26743,39.080617],[-78.267902,39.080111],[-78.269304,39.078773],[-78.272564,39.075565],[-78.273126,39.075041],[-78.27333,39.074787],[-78.273408,39.07465],[-78.2735,39.074421],[-78.273782,39.073293],[-78.274654,39.070232],[-78.275361,39.067157],[-78.277332,39.067507],[-78.277608,39.067582],[-78.277739,39.067676],[-78.27828,39.068206],[-78.279041,39.068718],[-78.280173,39.069444],[-78.282265,39.070514],[-78.282404,39.070675],[-78.282435,39.070795],[-78.282493,39.071387],[-78.282607,39.072133],[-78.282716,39.072283],[-78.282859,39.072347],[-78.28703,39.073084],[-78.287186,39.073145],[-78.287336,39.073285],[-78.287897,39.074101],[-78.288097,39.074264],[-78.288217,39.074328],[-78.289107,39.074661],[-78.289618,39.074888],[-78.290255,39.075328],[-78.292991,39.076836],[-78.299575,39.080271],[-78.299844,39.08045],[-78.299991,39.080616],[-78.300042,39.080714],[-78.300059,39.080786],[-78.300038,39.080939],[-78.299946,39.081075],[-78.299539,39.081452],[-78.298697,39.081999],[-78.298378,39.082242],[-78.297803,39.082879],[-78.296134,39.084566],[-78.295712,39.085135],[-78.294876,39.086395],[-78.294656,39.086771],[-78.294612,39.086923],[-78.29525,39.086835],[-78.295507,39.086821],[-78.297181,39.086861],[-78.297705,39.08685],[-78.29828,39.086774],[-78.299474,39.086471],[-78.300199,39.086355],[-78.300887,39.086332],[-78.302522,39.086388],[-78.303459,39.086396],[-78.304416,39.086318],[-78.305008,39.086213],[-78.306092,39.085964],[-78.306676,39.085782],[-78.30715,39.085584],[-78.307506,39.085406],[-78.3081,39.085063],[-78.310423,39.083652],[-78.310961,39.083386],[-78.311231,39.083277],[-78.311807,39.083097],[-78.312438,39.082963],[-78.313022,39.082897],[-78.31745,39.082664],[-78.318183,39.082598],[-78.318553,39.082538],[-78.319659,39.082285],[-78.321434,39.081844],[-78.321975,39.081689],[-78.322319,39.08155],[-78.322705,39.081329],[-78.323539,39.080665],[-78.324081,39.080176],[-78.324301,39.079931],[-78.324526,39.079598],[-78.324848,39.078953],[-78.325106,39.078539],[-78.325348,39.078243],[-78.325687,39.077891],[-78.325774,39.077805]],[[-78.2727,39.037905],[-78.270091,39.035889],[-78.270002,39.035721],[-78.269533,39.035201],[-78.269386,39.034866],[-78.266444,39.031525],[-78.266525,39.031434],[-78.267385,39.03071],[-78.268618,39.029734],[-78.269224,39.029343],[-78.270116,39.028907],[-78.270532,39.028906],[-78.270918,39.029203],[-78.271126,39.029057],[-78.270762,39.028577],[-78.271441,39.027428],[-78.271752,39.026963],[-78.272395,39.026429],[-78.274017,39.025318],[-78.279133,39.022593],[-78.28108,39.021487],[-78.28458,39.019646],[-78.285638,39.019148],[-78.287946,39.02183],[-78.287297,39.022277],[-78.284439,39.024406],[-78.284749,39.024478],[-78.285338,39.024041],[-78.285885,39.024663],[-78.286718,39.024034],[-78.28898,39.026582],[-78.288825,39.02663],[-78.288508,39.026677],[-78.287663,39.026775],[-78.285653,39.02684],[-78.285653,39.026922],[-78.28815,39.028997],[-78.288428,39.028936],[-78.288744,39.029231],[-78.288035,39.029553],[-78.287006,39.02995],[-78.286033,39.03036],[-78.284451,39.031102],[-78.283545,39.031579],[-78.281362,39.03285],[-78.281137,39.03263],[-78.281042,39.032682],[-78.281147,39.032798],[-78.281055,39.032853],[-78.281154,39.032971],[-78.280476,39.033363],[-78.280304,39.03334],[-78.278858,39.03414],[-78.278942,39.034241],[-78.273864,39.037167],[-78.2727,39.037905]]]},"properties":{"UNIQUE_ID":"Frederick County-:-104 - Cedar Creek","COUNTYFP":"069","locality":"Frederick County","precinct":"104 - Cedar Creek","dem24":209,"rep24":684}},
{"type":"Feature","geometry":{"type":"Polygon","coordinates":[[[-78.2727,39.037905],[-78.273864,39.037167],[-78.278942,39.034241],[-78.278858,39.03414],[-78.280304,39.03334],[-78.280476,39.033363],[-78.281154,39.032971],[-78.281055,39.032853],[-78.281147,39.032798],[-78.281042,39.032682],[-78.281137,39.03263],[-78.281362,39.03285],[-78.283545,39.031579],[-78.284451,39.031102],[-78.286033,39.03036],[-78.287006,39.02995],[-78.288035,39.029553],[-78.288744,39.029231],[-78.288428,39.028936],[-78.28815,39.028997],[-78.285653,39.026922],[-78.285653,39.02684],[-78.287663,39.026775],[-78.288508,39.026677],[-78.288825,39.02663],[-78.28898,39.026582],[-78.286718,39.024034],[-78.285885,39.024663],[-78.285338,39.024041],[-78.284749,39.024478],[-78.284439,39.024406],[-78.287297,39.022277],[-78.287946,39.02183],[-78.285638,39.019148],[-78.28458,39.019646],[-78.28108,39.021487],[-78.279133,39.022593],[-78.274017,39.025318],[-78.272395,39.026429],[-78.271752,39.026963],[-78.271441,39.027428],[-78.270762,39.028577],[-78.271126,39.029057],[-78.270918,39.029203],[-78.270532,39.028906],[-78.270116,39.028907],[-78.269224,39.029343],[-78.268618,39.029734],[-78.267385,39.03071],[-78.266525,39.031434],[-78.266444,39.031525],[-78.269386,39.034866],[-78.269533,39.035201],[-78.270002,39.035721],[-78.270091,39.035889],[-78.2727,39.037905]]]},"properties":{"UNIQUE_ID":"Frederick County-:-105 - Middletown","COUNTYFP":"069","locality":"Frederick County","precinct":"105 - Middletown","dem24":350,"rep24":544}},
{"type":"Feature","geometry":{"type":"Polygon","coordinates":[[[-78.171331,39.352964],[-78.172034,39.353476],[-78.176461,39.356429],[-78.181309,39.359868],[-78.18737,39.363989],[-78.192672,39.367218],[-78.197586,39.370264],[-78.201856,39.37297],[-78.205401,39.375098],[-78.206412,39.37577],[-78.245363,39.402713],[-78.249727,39.405153],[-78.262785,39.414323],[-78.28798,39.428755],[-78.300158,39.436321],[-78.30745,39.440792],[-78.338222,39.460369],[-78.344392,39.464348],[-78.345452,39.464971],[-78.347087,39.466012],[-78.347425,39.465357],[-78.347695,39.464968],[-78.347922,39.46445],[-78.348915,39.463064],[-78.349476,39.462205],[-78.349794,39.461811],[-78.349571,39.461697],[-78.349097,39.461767],[-78.34733,39.460716],[-78.34637,39.460227],[-78.345455,39.459915],[-78.345143,39.459484],[-78.345081,39.458487],[-78.345843,39.455929],[-78.345584,39.454878],[-78.345823,39.453499],[-78.34664,39.451592],[-78.346962,39.450679],[-78.347046,39.450236],[-78.347333,39.447662],[-78.346744,39.446705],[-78.346226,39.445949],[-78.346061,39.445613],[-78.34636,39.444082],[-78.346546,39.442616],[-78.347773,39.440583],[-78.350121,39.438837],[-78.351078,39.438207],[-78.352357,39.437638],[-78.353101,39.437195],[-78.353226,39.436795],[-78.35288,39.436353],[-78.351305,39.4346],[-78.350391,39.433331],[-78.349063,39.432042],[-78.347945,39.430887],[-78.347702,39.428723],[-78.347397,39.428367],[-78.347039,39.428041],[-78.346718,39.427618],[-78.347023,39.426923],[-78.347587,39.426257],[-78.347899,39.425369],[-78.348354,39.424431],[-78.349335,39.423495],[-78.350111,39.422562],[-78.350594,39.421519],[-78.351236,39.420595],[-78.353381,39.419083],[-78.355183,39.417921],[-78.356544,39.417335],[-78.356938,39.416929],[-78.357023,39.41664],[-78.356771,39.416247],[-78.356452,39.41543],[-78.359352,39.412534],[-78.359851,39.410727],[-78.359918,39.409028],[-78.358796,39.405638],[-78.357952,39.4042],[-78.357199,39.403733],[-78.356251,39.403309],[-78.355791,39.402517],[-78.35434,39.401246],[-78.35295,39.40036],[-78.35106,39.398803],[-78.350596,39.398326],[-78.349887,39.397947],[-78.349439,39.39726],[-78.349298,39.39657],[-78.349613,39.393879],[-78.350014,39.392861],[-78.35077,39.392017],[-78.35121,39.391402],[-78.350927,39.390993],[-78.350033,39.390665],[-78.347884,39.390511],[-78.346678,39.390564],[-78.345879,39.390299],[-78.345221,39.389454],[-78.344678,39.389114],[-78.343214,39.388807],[-78.344305,39.387179],[-78.345593,39.385154],[-78.346875,39.383306],[-78.347999,39.381363],[-78.350108,39.379144],[-78.351098,39.377661],[-78.351669,39.376367],[-78.352097,39.375098],[-78.35308,39.373992],[-78.354552,39.372049],[-78.354837,39.371616],[-78.355362,39.370985],[-78.356293,39.370227],[-78.356653,39.369498],[-78.357712,39.368387],[-78.358367,39.368134],[-78.358787,39.367614],[-78.360545,39.365206],[-78.361647,39.363903],[-78.362632,39.362888],[-78.364045,39.36153],[-78.365673,39.360399],[-78.366469,39.359617],[-78.366861,39.359295],[-78.365539,39.358895],[-78.362407,39.357842],[-78.359419,39.357361],[-78.357962,39.357051],[-78.35562,39.356412],[-78.351823,39.355322],[-78.350629,39.355035],[-78.349906,39.354884],[-78.34893,39.354721],[-78.341797,39.353855],[-78.341012,39.353748],[-78.340415,39.353628],[-78.339359,39.353365],[-78.338403,39.353034],[-78.337594,39.352678],[-78.336364,39.352037],[-78.335961,39.351894],[-78.335697,39.351831],[-78.335025,39.351726],[-78.329377,39.351213],[-78.328728,39.3511],[-78.328424,39.351022],[-78.32784,39.35083],[-78.327373,39.350619],[-78.326897,39.350348],[-78.326511,39.350071],[-78.31912,39.34371],[-78.3177,39.342521],[-78.31749,39.342371],[-78.31703,39.342102],[-78.316499,39.341868],[-78.316079,39.341727],[-78.315547,39.341591],[-78.31498,39.341496],[-78.314423,39.341457],[-78.313724,39.341472],[-78.311023,39.341652],[-78.310347,39.341651],[-78.309612,39.341571],[-78.308975,39.341448],[-78.308361,39.34127],[-78.307602,39.34095],[-78.306435,39.340353],[-78.30616,39.340247],[-78.306834,39.33896],[-78.307146,39.338133],[-78.307361,39.337307],[-78.30747,39.336479],[-78.307491,39.3361],[-78.307477,39.335349],[-78.307441,39.334983],[-78.30725,39.333978],[-78.30687,39.332871],[-78.306457,39.332032],[-78.306043,39.331373],[-78.303296,39.327393],[-78.302838,39.326741],[-78.302169,39.325924],[-78.301094,39.324862],[-78.291486,39.31574],[-78.290973,39.315209],[-78.290521,39.314656],[-78.290251,39.314257],[-78.290018,39.31385],[-78.289629,39.313032],[-78.288913,39.310872],[-78.288522,39.309824],[-78.288019,39.308866],[-78.287588,39.308199],[-78.287247,39.307748],[-78.286556,39.306973],[-78.28603,39.306462],[-78.285292,39.305838],[-78.284914,39.305559],[-78.284357,39.305179],[-78.283781,39.304833],[-78.283109,39.304473],[-78.281915,39.30392],[-78.281172,39.303523],[-78.280584,39.303102],[-78.280061,39.302599],[-78.279668,39.302111],[-78.279404,39.30167],[-78.276342,39.295547],[-78.275967,39.294966],[-78.275368,39.294232],[-78.274679,39.293562],[-78.274283,39.293235],[-78.267536,39.288563],[-78.266633,39.287997],[-78.265791,39.287575],[-78.265091,39.287291],[-78.264337,39.287044],[-78.262745,39.286589],[-78.262186,39.286391],[-78.261529,39.286106],[-78.260562,39.285599],[-78.260255,39.285403],[-78.259554,39.2849],[-78.259067,39.284496],[-78.258331,39.283732],[-78.258025,39.283359],[-78.257698,39.282879],[-78.254112,39.276813],[-78.253666,39.276159],[-78.25314,39.275491],[-78.252278,39.274558],[-78.251937,39.274234],[-78.25119,39.273606],[-78.250804,39.2733],[-78.249812,39.272624],[-78.248886,39.272097],[-78.248519,39.271914],[-78.242761,39.269359],[-78.24127,39.268588],[-78.24026,39.267964],[-78.240167,39.268068],[-78.239723,39.268799],[-78.239271,39.26926],[-78.239053,39.26954],[-78.238961,39.269606],[-78.238728,39.269699],[-78.238643,39.269694],[-78.238311,39.269513],[-78.238198,39.269474],[-78.237979,39.269453],[-78.237923,39.269425],[-78.237703,39.269206],[-78.237555,39.269123],[-78.237244,39.269124],[-78.236955,39.269212],[-78.236517,39.269382],[-78.236376,39.269464],[-78.236066,39.269766],[-78.235564,39.270063],[-78.234936,39.270519],[-78.234675,39.270623],[-78.234477,39.270623],[-78.234399,39.270689],[-78.234202,39.270788],[-78.234011,39.271002],[-78.233771,39.271096],[-78.233665,39.271167],[-78.232931,39.271683],[-78.23243,39.272073],[-78.232275,39.272348],[-78.232219,39.27254],[-78.232226,39.272606],[-78.232494,39.272869],[-78.23265,39.272957],[-78.233038,39.273061],[-78.233497,39.273379],[-78.233646,39.273434],[-78.233971,39.273642],[-78.234275,39.273928],[-78.23448,39.274285],[-78.234487,39.274449],[-78.23436,39.274619],[-78.234381,39.274713],[-78.234544,39.27491],[-78.23525,39.275618],[-78.235378,39.275827],[-78.235448,39.276046],[-78.235095,39.276453],[-78.235011,39.276667],[-78.235032,39.276782],[-78.235138,39.276848],[-78.235152,39.276886],[-78.235053,39.277034],[-78.235032,39.277238],[-78.234877,39.277408],[-78.234764,39.277485],[-78.23463,39.277534],[-78.234425,39.277584],[-78.23398,39.277573],[-78.233761,39.277518],[-78.233648,39.277458],[-78.233408,39.277271],[-78.233373,39.277112],[-78.233132,39.276849],[-78.232935,39.276777],[-78.232659,39.276722],[-78.232588,39.276646],[-78.23256,39.276503],[-78.232454,39.276404],[-78.231783,39.27635],[-78.231296,39.27641],[-78.230957,39.276383],[-78.230222,39.276279],[-78.229756,39.276251],[-78.229636,39.276273],[-78.229424,39.276372],[-78.229107,39.276587],[-78.228542,39.276905],[-78.228146,39.277152],[-78.227857,39.277427],[-78.227659,39.277734],[-78.227596,39.277899],[-78.227561,39.278179],[-78.227603,39.278393],[-78.227667,39.278497],[-78.227865,39.278706],[-78.227872,39.278881],[-78.22759,39.279425],[-78.22759,39.279535],[-78.22742,39.279815],[-78.226912,39.280501],[-78.226849,39.280715],[-78.226856,39.280995],[-78.227054,39.281022],[-78.227308,39.281116],[-78.227449,39.281357],[-78.227478,39.281467],[-78.22745,39.281708],[-78.227535,39.281961],[-78.227485,39.282148],[-78.22732,39.282486],[-78.227252,39.282757],[-78.227147,39.282872],[-78.226949,39.282938],[-78.226497,39.282807],[-78.226384,39.282829],[-78.226257,39.282955],[-78.226109,39.283218],[-78.225862,39.283531],[-78.225367,39.284295],[-78.224781,39.284657],[-78.224174,39.284921],[-78.22392,39.285096],[-78.223616,39.285349],[-78.223398,39.285667],[-78.223348,39.285816],[-78.223334,39.28598],[-78.223363,39.286216],[-78.223984,39.287012],[-78.224105,39.287265],[-78.224119,39.287671],[-78.224247,39.2885],[-78.224204,39.288637],[-78.223639,39.289202],[-78.223435,39.289504],[-78.223364,39.289675],[-78.223153,39.290459],[-78.223026,39.290608],[-78.222983,39.2908],[-78.22292,39.290904],[-78.222553,39.291294],[-78.222433,39.291475],[-78.222341,39.291761],[-78.222115,39.292046],[-78.22191,39.292392],[-78.221473,39.292754],[-78.221317,39.293013],[-78.221084,39.293221],[-78.220985,39.293282],[-78.220653,39.293369],[-78.220025,39.293463],[-78.21953,39.2936],[-78.218866,39.293979],[-78.218605,39.294243],[-78.218407,39.29432],[-78.218012,39.294375],[-78.217941,39.294402],[-78.217871,39.294567],[-78.217807,39.294622],[-78.21756,39.294699],[-78.217327,39.294907],[-78.216839,39.295121],[-78.216705,39.295319],[-78.216395,39.29561],[-78.216275,39.295769],[-78.216303,39.295857],[-78.216614,39.296175],[-78.21655,39.296291],[-78.216487,39.296653],[-78.216254,39.296988],[-78.216098,39.297345],[-78.215837,39.297586],[-78.215802,39.297767],[-78.215823,39.297883],[-78.21588,39.297987],[-78.216035,39.29813],[-78.21636,39.298201],[-78.216537,39.298437],[-78.216692,39.298574],[-78.217816,39.299183],[-78.217929,39.299211],[-78.21812,39.299211],[-78.218438,39.299029],[-78.218536,39.298991],[-78.21872,39.298963],[-78.218925,39.298996],[-78.219151,39.299095],[-78.219222,39.299188],[-78.219215,39.299655],[-78.219314,39.299885],[-78.219483,39.299995],[-78.220056,39.300066],[-78.220126,39.300094],[-78.220324,39.300275],[-78.22077,39.30084],[-78.221116,39.301049],[-78.221243,39.301164],[-78.221378,39.301416],[-78.221646,39.302141],[-78.221745,39.30258],[-78.221753,39.302832],[-78.222304,39.303502],[-78.222354,39.303606],[-78.222304,39.303755],[-78.222142,39.303925],[-78.222036,39.304111],[-78.221944,39.30421],[-78.221005,39.304606],[-78.220821,39.304726],[-78.22056,39.304946],[-78.220355,39.305199],[-78.220305,39.305297],[-78.220263,39.305495],[-78.220291,39.305693],[-78.220553,39.306016],[-78.220567,39.306132],[-78.220447,39.306335],[-78.220094,39.306598],[-78.219889,39.306999],[-78.219685,39.307669],[-78.219056,39.308822],[-78.218837,39.309294],[-78.218654,39.309788],[-78.218541,39.310282],[-78.218513,39.311122],[-78.218436,39.311599],[-78.218358,39.311786],[-78.218266,39.311912],[-78.218104,39.312055],[-78.217892,39.312148],[-78.217673,39.312187],[-78.217122,39.312121],[-78.216987,39.312132],[-78.216832,39.312204],[-78.216698,39.312308],[-78.216535,39.312522],[-78.215991,39.312895],[-78.215836,39.313033],[-78.215779,39.313186],[-78.21578,39.313587],[-78.215808,39.313757],[-78.215921,39.314059],[-78.216055,39.314257],[-78.217151,39.315497],[-78.217307,39.315771],[-78.217462,39.316145],[-78.218035,39.316551],[-78.218169,39.316803],[-78.218268,39.317248],[-78.218177,39.317621],[-78.218276,39.318071],[-78.218262,39.318148],[-78.218177,39.318285],[-78.218071,39.318373],[-78.217894,39.318428],[-78.217548,39.318461],[-78.216339,39.318264],[-78.214742,39.317924],[-78.214135,39.31771],[-78.213145,39.317243],[-78.212587,39.317161],[-78.212262,39.317145],[-78.211096,39.317271],[-78.210594,39.31737],[-78.209527,39.317743],[-78.209223,39.317886],[-78.208813,39.318166],[-78.208496,39.318545],[-78.208376,39.318803],[-78.208326,39.319056],[-78.20834,39.319209],[-78.208432,39.319451],[-78.208772,39.320104],[-78.209012,39.320477],[-78.209507,39.321064],[-78.20979,39.321515],[-78.210412,39.32276],[-78.210525,39.323172],[-78.21049,39.323397],[-78.210235,39.323913],[-78.210179,39.324177],[-78.210116,39.324802],[-78.210137,39.324973],[-78.210285,39.325489],[-78.210703,39.326416],[-78.210745,39.326564],[-78.210745,39.326844],[-78.210675,39.327174],[-78.210201,39.327915],[-78.209664,39.328173],[-78.209572,39.32825],[-78.209537,39.328316],[-78.209523,39.32837],[-78.209565,39.328535],[-78.209707,39.328744],[-78.209721,39.328864],[-78.2097,39.328919],[-78.209184,39.329518],[-78.208421,39.330484],[-78.208089,39.330736],[-78.207841,39.330852],[-78.207679,39.330896],[-78.20734,39.330945],[-78.207022,39.330934],[-78.205714,39.330748],[-78.204979,39.330726],[-78.20464,39.330687],[-78.204569,39.33066],[-78.204463,39.330572],[-78.204399,39.330364],[-78.204364,39.330331],[-78.204187,39.33021],[-78.203961,39.330155],[-78.20348,39.330237],[-78.203106,39.330424],[-78.202477,39.330616],[-78.202187,39.330666],[-78.201607,39.330704],[-78.201176,39.330699],[-78.201077,39.330721],[-78.200604,39.330891],[-78.200399,39.331023],[-78.200236,39.33122],[-78.200194,39.331506],[-78.200258,39.331687],[-78.200491,39.331928],[-78.200519,39.331983],[-78.200512,39.332082],[-78.200201,39.332829],[-78.200032,39.333641],[-78.200025,39.334162],[-78.199905,39.334448],[-78.1997,39.334613],[-78.199452,39.334678],[-78.199092,39.334662],[-78.198653,39.33453],[-78.198505,39.334508],[-78.198123,39.334585],[-78.197749,39.33481],[-78.197417,39.335123],[-78.197056,39.335529],[-78.196943,39.335743],[-78.196992,39.336095],[-78.197212,39.336918],[-78.197247,39.33716],[-78.19724,39.337264],[-78.197198,39.337357],[-78.19688,39.337687],[-78.196547,39.337934],[-78.196286,39.338164],[-78.195954,39.338548],[-78.195798,39.338691],[-78.195254,39.338982],[-78.195063,39.339037],[-78.194745,39.339042],[-78.193932,39.338927],[-78.193543,39.33896],[-78.193374,39.338998],[-78.193176,39.339103],[-78.192942,39.339289],[-78.192766,39.339504],[-78.192384,39.340063],[-78.191621,39.34104],[-78.190907,39.342144],[-78.190348,39.342748],[-78.189846,39.34345],[-78.189012,39.344724],[-78.188616,39.345239],[-78.188213,39.345679],[-78.188107,39.345991],[-78.188022,39.346573],[-78.187895,39.347023],[-78.187753,39.347303],[-78.187541,39.347556],[-78.18723,39.348],[-78.186983,39.348577],[-78.186983,39.348719],[-78.187301,39.349444],[-78.187442,39.350042],[-78.187513,39.350218],[-78.187668,39.350421],[-78.188192,39.350756],[-78.190037,39.351535],[-78.190221,39.351601],[-78.190829,39.351733],[-78.191246,39.351854],[-78.191599,39.352057],[-78.191939,39.352331],[-78.192059,39.35265],[-78.192151,39.353643],[-78.192151,39.354165],[-78.192059,39.354582],[-78.192094,39.354889],[-78.192179,39.355048],[-78.192419,39.355328],[-78.192441,39.35552],[-78.192391,39.35585],[-78.19232,39.356031],[-78.192228,39.356207],[-78.192087,39.356388],[-78.191939,39.35653],[-78.191755,39.356657],[-78.191401,39.356745],[-78.190913,39.356926],[-78.190567,39.357101],[-78.190397,39.357107],[-78.189294,39.356915],[-78.188078,39.356788],[-78.187887,39.356673],[-78.187767,39.356541],[-78.187562,39.356377],[-78.187117,39.356102],[-78.186685,39.355894],[-78.186438,39.355723],[-78.186049,39.355328],[-78.185851,39.355185],[-78.185639,39.355125],[-78.185116,39.355076],[-78.183539,39.355026],[-78.18291,39.355097],[-78.181665,39.355476],[-78.181595,39.355547],[-78.181609,39.355679],[-78.181588,39.355734],[-78.181425,39.355838],[-78.180923,39.356052],[-78.180435,39.35614],[-78.180124,39.356118],[-78.179912,39.356074],[-78.179459,39.355909],[-78.179155,39.355728],[-78.179092,39.355569],[-78.179276,39.355306],[-78.179283,39.355251],[-78.179134,39.35507],[-78.178837,39.35491],[-78.178258,39.354718],[-78.177911,39.354548],[-78.176667,39.353615],[-78.175472,39.352967],[-78.175388,39.352884],[-78.174801,39.35205],[-78.174448,39.351671],[-78.174151,39.351501],[-78.173995,39.351452],[-78.173804,39.351451],[-78.17367,39.351501],[-78.172051,39.352351],[-78.171605,39.35267],[-78.171331,39.352964]]]},"properties":{"UNIQUE_ID":"Frederick County-:-201 - Gainesborough","COUNTYFP":"069","locality":"Frederick County","precinct":"201 - Gainesborough","dem24":333,"rep24":1276}},
{"type":"Feature","geometry":{"type":"Polygon","coordinates":[[[-78.171331,39.352964],[-78.171605,39.35267],[-78.172051,39.352351],[-78.17367,39.351501],[-78.173804,39.351451],[-78.173995,39.351452],[-78.174151,39.351501],[-78.174448,39.351671],[-78.174801,39.35205],[-78.175388,39.352884],[-78.175472,39.352967],[-78.176667,39.353615],[-78.177911,39.354548],[-78.178258,39.354718],[-78.178837,39.35491],[-78.179134,39.35507],[-78.179283,39.355251],[-78.179276,39.355306],[-78.179092,39.355569],[-78.179155,39.355728],[-78.179459,39.355909],[-78.179912,39.356074],[-78.180124,39.356118],[-78.180435,39.35614],[-78.180923,39.356052],[-78.181425,39.355838],[-78.181588,39.355734],[-78.181609,39.355679],[-78.181595,39.355547],[-78.181665,39.355476],[-78.18291,39.355097],[-78.183539,39.355026],[-78.185116,39.355076],[-78.185639,39.355125],[-78.185851,39.355185],[-78.186049,39.355328],[-78.186438,39.355723],[-78.186685,39.355894],[-78.187117,39.356102],[-78.187562,39.356377],[-78.187767,39.356541],[-78.187887,39.356673],[-78.188078,39.356788],[-78.189294,39.356915],[-78.190397,39.357107],[-78.190567,39.357101],[-78.190913,39.356926],[-78.191401,39.356745],[-78.191755,39.356657],[-78.191939,39.35653],[-78.192087,39.356388],[-78.192228,39.356207],[-78.19232,39.356031],[-78.192391,39.35585],[-78.192441,39.35552],[-78.192419,39.355328],[-78.192179,39.355048],[-78.192094,39.354889],[-78.192059,39.354582],[-78.192151,39.354165],[-78.192151,39.353643],[-78.192059,39.35265],[-78.191939,39.352331],[-78.191599,39.352057],[-78.191246,39.351854],[-78.190829,39.351733],[-78.190221,39.351601],[-78.190037,39.351535],[-78.188192,39.350756],[-78.187668,39.350421],[-78.187513,39.350218],[-78.187442,39.350042],[-78.187301,39.349444],[-78.186983,39.348719],[-78.186983,39.348577],[-78.18723,39.348],[-78.187541,39.347556],[-78.187753,39.347303],[-78.187895,39.347023],[-78.188022,39.346573],[-78.188107,39.345991],[-78.188213,39.345679],[-78.188616,39.345239],[-78.189012,39.344724],[-78.189846,39.34345],[-78.190348,39.342748],[-78.190907,39.342144],[-78.191621,39.34104],[-78.192384,39.340063],[-78.192766,39.339504],[-78.192942,39.339289],[-78.193176,39.339103],[-78.193374,39.338998],[-78.193543,39.33896],[-78.193932,39.338927],[-78.194745,39.339042],[-78.195063,39.339037],[-78.195254,39.338982],[-78.195798,39.338691],[-78.195954,39.338548],[-78.196286,39.338164],[-78.196547,39.337934],[-78.19688,39.337687],[-78.197198,39.337357],[-78.19724,39.337264],[-78.197247,39.33716],[-78.197212,39.336918],[-78.196992,39.336095],[-78.196943,39.335743],[-78.197056,39.335529],[-78.197417,39.335123],[-78.197749,39.33481],[-78.198123,39.334585],[-78.198505,39.334508],[-78.198653,39.33453],[-78.199092,39.334662],[-78.199452,39.334678],[-78.1997,39.334613],[-78.199905,39.334448],[-78.200025,39.334162],[-78.200032,39.333641],[-78.200201,39.332829],[-78.200512,39.332082],[-78.200519,39.331983],[-78.200491,39.331928],[-78.200258,39.331687],[-78.200194,39.331506],[-78.200236,39.33122],[-78.200399,39.331023],[-78.200604,39.330891],[-78.201077,39.330721],[-78.201176,39.330699],[-78.201607,39.330704],[-78.202187,39.330666],[-78.202477,39.330616],[-78.203106,39.330424],[-78.20348,39.330237],[-78.203961,39.330155],[-78.204187,39.33021],[-78.204364,39.330331],[-78.204399,39.330364],[-78.204463,39.330572],[-78.204569,39.33066],[-78.20464,39.330687],[-78.204979,39.330726],[-78.205714,39.330748],[-78.207022,39.330934],[-78.20734,39.330945],[-78.207679,39.330896],[-78.207841,39.330852],[-78.208089,39.330736],[-78.208421,39.330484],[-78.209184,39.329518],[-78.2097,39.328919],[-78.209721,39.328864],[-78.209707,39.328744],[-78.209565,39.328535],[-78.209523,39.32837],[-78.209537,39.328316],[-78.209572,39.32825],[-78.209664,39.328173],[-78.210201,39.327915],[-78.210675,39.327174],[-78.210745,39.326844],[-78.210745,39.326564],[-78.210703,39.326416],[-78.210285,39.325489],[-78.210137,39.324973],[-78.210116,39.324802],[-78.210179,39.324177],[-78.210235,39.323913],[-78.21049,39.323397],[-78.210525,39.323172],[-78.210412,39.32276],[-78.20979,39.321515],[-78.209507,39.321064],[-78.209012,39.320477],[-78.208772,39.320104],[-78.208432,39.319451],[-78.20834,39.319209],[-78.208326,39.319056],[-78.208376,39.318803],[-78.208496,39.318545],[-78.208813,39.318166],[-78.209223,39.317886],[-78.209527,39.317743],[-78.210594,39.31737],[-78.211096,39.317271],[-78.212262,39.317145],[-78.212587,39.317161],[-78.213145,39.317243],[-78.214135,39.31771],[-78.214742,39.317924],[-78.216339,39.318264],[-78.217548,39.318461],[-78.217894,39.318428],[-78.218071,39.318373],[-78.218177,39.318285],[-78.218262,39.318148],[-78.218276,39.318071],[-78.218177,39.317621],[-78.218268,39.317248],[-78.218169,39.316803],[-78.218035,39.316551],[-78.217462,39.316145],[-78.217307,39.315771],[-78.217151,39.315497],[-78.216055,39.314257],[-78.215921,39.314059],[-78.215808,39.313757],[-78.21578,39.313587],[-78.215779,39.313186],[-78.215836,39.313033],[-78.215991,39.312895],[-78.216535,39.312522],[-78.216698,39.312308],[-78.216832,39.312204],[-78.216987,39.312132],[-78.217122,39.312121],[-78.217673,39.312187],[-78.217892,39.312148],[-78.218104,39.312055],[-78.218266,39.311912],[-78.218358,39.311786],[-78.218436,39.311599],[-78.218513,39.311122],[-78.218541,39.310282],[-78.218654,39.309788],[-78.218837,39.309294],[-78.219056,39.308822],[-78.219685,39.307669],[-78.219889,39.306999],[-78.220094,39.306598],[-78.220447,39.306335],[-78.220567,39.306132],[-78.220553,39.306016],[-78.220291,39.305693],[-78.220263,39.305495],[-78.220305,39.305297],[-78.220355,39.305199],[-78.22056,39.304946],[-78.220821,39.304726],[-78.221005,39.304606],[-78.221944,39.30421],[-78.222036,39.304111],[-78.222142,39.303925],[-78.222304,39.303755],[-78.222354,39.303606],[-78.222304,39.303502],[-78.221753,39.302832],[-78.221745,39.30258],[-78.221646,39.302141],[-78.221378,39.301416],[-78.221243,39.301164],[-78.221116,39.301049],[-78.22077,39.30084],[-78.220324,39.300275],[-78.220126,39.300094],[-78.220056,39.300066],[-78.219483,39.299995],[-78.219314,39.299885],[-78.219215,39.299655],[-78.219222,39.299188],[-78.219151,39.299095],[-78.218925,39.298996],[-78.21872,39.298963],[-78.218536,39.298991],[-78.218438,39.299029],[-78.21812,39.299211],[-78.217929,39.299211],[-78.217816,39.299183],[-78.216692,39.298574],[-78.216537,39.298437],[-78.21636,39.298201],[-78.216035,39.29813],[-78.21588,39.297987],[-78.215823,39.297883],[-78.215802,39.297767],[-78.215837,39.297586],[-78.216098,39.297345],[-78.216254,39.296988],[-78.216487,39.296653],[-78.21655,39.296291],[-78.216614,39.296175],[-78.216303,39.295857],[-78.216275,39.295769],[-78.216395,39.29561],[-78.216705,39.295319],[-78.216839,39.295121],[-78.217327,39.294907],[-78.21756,39.294699],[-78.217807,39.294622],[-78.217871,39.294567],[-78.217941,39.294402],[-78.218012,39.294375],[-78.218407,39.29432],[-78.218605,39.294243],[-78.218866,39.293979],[-78.21953,39.2936],[-78.220025,39.293463],[-78.220653,39.293369],[-78.220985,39.293282],[-78.221084,39.293221],[-78.221317,39.293013],[-78.221473,39.292754],[-78.22191,39.292392],[-78.222115,39.292046],[-78.222341,39.291761],[-78.222433,39.291475],[-78.222553,39.291294],[-78.22292,39.290904],[-78.222983,39.2908],[-78.223026,39.290608],[-78.223153,39.290459],[-78.223364,39.289675],[-78.223435,39.289504],[-78.223639,39.289202],[-78.224204,39.288637],[-78.224247,39.2885],[-78.224119,39.287671],[-78.224105,39.287265],[-78.223984,39.287012],[-78.223363,39.286216],[-78.223334,39.28598],[-78.223348,39.285816],[-78.223398,39.285667],[-78.223616,39.285349],[-78.22392,39.285096],[-78.224174,39.284921],[-78.224781,39.284657],[-78.225367,39.284295],[-78.225862,39.283531],[-78.226109,39.283218],[-78.226257,39.282955],[-78.226384,39.282829],[-78.226497,39.282807],[-78.226949,39.282938],[-78.227147,39.282872],[-78.227252,39.282757],[-78.22732,39.282486],[-78.227485,39.282148],[-78.227535,39.281961],[-78.22745,39.281708],[-78.227478,39.281467],[-78.227449,39.281357],[-78.227308,39.281116],[-78.227054,39.281022],[-78.226856,39.280995],[-78.226849,39.280715],[-78.226912,39.280501],[-78.22742,39.279815],[-78.22759,39.279535],[-78.22759,39.279425],[-78.227872,39.278881],[-78.227865,39.278706],[-78.227667,39.278497],[-78.227603,39.278393],[-78.227561,39.278179],[-78.227596,39.277899],[-78.227659,39.277734],[-78.227857,39.277427],[-78.228146,39.277152],[-78.228542,39.276905],[-78.229107,39.276587],[-78.229424,39.276372],[-78.229636,39.276273],[-78.229756,39.276251],[-78.230222,39.276279],[-78.230957,39.276383],[-78.231296,39.27641],[-78.231783,39.27635],[-78.232454,39.276404],[-78.23256,39.276503],[-78.232588,39.276646],[-78.232659,39.276722],[-78.232935,39.276777],[-78.233132,39.276849],[-78.233373,39.277112],[-78.233408,39.277271],[-78.233648,39.277458],[-78.233761,39.277518],[-78.23398,39.277573],[-78.234425,39.277584],[-78.23463,39.277534],[-78.234764,39.277485],[-78.234877,39.277408],[-78.235032,39.277238],[-78.235053,39.277034],[-78.235152,39.276886],[-78.235138,39.276848],[-78.235032,39.276782],[-78.235011,39.276667],[-78.235095,39.276453],[-78.235448,39.276046],[-78.235378,39.275827],[-78.23525,39.275618],[-78.234544,39.27491],[-78.234381,39.274713],[-78.23436,39.274619],[-78.234487,39.274449],[-78.23448,39.274285],[-78.234275,39.273928],[-78.233971,39.273642],[-78.233646,39.273434],[-78.233497,39.273379],[-78.233038,39.273061],[-78.23265,39.272957],[-78.232494,39.272869],[-78.232226,39.272606],[-78.232219,39.27254],[-78.232275,39.272348],[-78.23243,39.272073],[-78.232931,39.271683],[-78.233665,39.271167],[-78.233771,39.271096],[-78.234011,39.271002],[-78.234202,39.270788],[-78.234399,39.270689],[-78.234477,39.270623],[-78.234675,39.270623],[-78.234936,39.270519],[-78.235564,39.270063],[-78.236066,39.269766],[-78.236376,39.269464],[-78.236517,39.269382],[-78.236955,39.269212],[-78.237244,39.269124],[-78.237555,39.269123],[-78.237703,39.269206],[-78.237923,39.269425],[-78.237979,39.269453],[-78.238198,39.269474],[-78.238311,39.269513],[-78.238643,39.269694],[-78.238728,39.269699],[-78.238961,39.269606],[-78.239053,39.26954],[-78.239271,39.26926],[-78.239723,39.268799],[-78.240167,39.268068],[-78.24026,39.267964],[-78.239313,39.267315],[-78.236835,39.265459],[-78.236235,39.264977],[-78.235668,39.264437],[-78.232822,39.261428],[-78.232481,39.261143],[-78.232069,39.260863],[-78.231317,39.260487],[-78.230521,39.26022],[-78.229938,39.260098],[-78.22934,39.260034],[-78.228736,39.260028],[-78.228249,39.260065],[-78.227649,39.26016],[-78.226304,39.260536],[-78.22558,39.260703],[-78.224962,39.260774],[-78.224255,39.260789],[-78.223801,39.260752],[-78.223233,39.260665],[-78.222653,39.26052],[-78.22211,39.260325],[-78.221353,39.259933],[-78.220971,39.259675],[-78.21834,39.257604],[-78.217834,39.257153],[-78.217107,39.256361],[-78.216728,39.255851],[-78.21623,39.255],[-78.215252,39.25267],[-78.215106,39.252375],[-78.214926,39.252085],[-78.214705,39.251818],[-78.214545,39.251654],[-78.214154,39.251338],[-78.213538,39.250912],[-78.21268,39.250385],[-78.212,39.250041],[-78.211157,39.249695],[-78.210538,39.249485],[-78.210011,39.249339],[-78.206484,39.248484],[-78.205727,39.248255],[-78.205363,39.248103],[-78.204895,39.247867],[-78.204274,39.247464],[-78.203714,39.247007],[-78.20324,39.246432],[-78.201874,39.244614],[-78.201562,39.244029],[-78.201419,39.243613],[-78.201352,39.24329],[-78.201258,39.241917],[-78.201217,39.241601],[-78.201074,39.24108],[-78.200749,39.240411],[-78.200135,39.239432],[-78.199914,39.238954],[-78.199814,39.23862],[-78.199758,39.238189],[-78.199755,39.237759],[-78.199843,39.23659],[-78.200047,39.231447],[-78.20007,39.230417],[-78.200052,39.229993],[-78.199992,39.22936],[-78.199874,39.228617],[-78.199562,39.227367],[-78.199349,39.226752],[-78.199119,39.226195],[-78.198585,39.225126],[-78.198074,39.22429],[-78.19754,39.223541],[-78.191425,39.215704],[-78.191032,39.215211],[-78.190605,39.214757],[-78.190265,39.214456],[-78.189773,39.21409],[-78.189227,39.213759],[-78.188835,39.213558],[-78.187202,39.212823],[-78.186497,39.212449],[-78.185899,39.212168],[-78.185074,39.211866],[-78.184705,39.211755],[-78.184576,39.211945],[-78.184466,39.212026],[-78.184295,39.212097],[-78.184163,39.212122],[-78.183894,39.212127],[-78.183247,39.212011],[-78.182768,39.211984],[-78.178989,39.212331],[-78.17872,39.212405],[-78.178506,39.212515],[-78.178306,39.212699],[-78.17819,39.212916],[-78.178136,39.213243],[-78.177611,39.21911],[-78.17722,39.221836],[-78.176703,39.226444],[-78.176673,39.226782],[-78.176687,39.227289],[-78.176766,39.227694],[-78.176847,39.227926],[-78.178223,39.231235],[-78.178667,39.232122],[-78.179776,39.234049],[-78.179932,39.234492],[-78.179985,39.23481],[-78.17999,39.235022],[-78.179926,39.23545],[-78.178094,39.240918],[-78.1773,39.242762],[-78.176792,39.243783],[-78.176095,39.24504],[-78.175672,39.245741],[-78.173489,39.249008],[-78.173061,39.249692],[-78.171781,39.251943],[-78.17118,39.25284],[-78.170394,39.2539],[-78.169915,39.254614],[-78.167561,39.25868],[-78.166978,39.259706],[-78.166836,39.260001],[-78.166643,39.260525],[-78.166514,39.260998],[-78.164803,39.267944],[-78.163888,39.271967],[-78.163673,39.272639],[-78.163467,39.273057],[-78.162175,39.274978],[-78.160428,39.277145],[-78.159143,39.27892],[-78.158791,39.279489],[-78.157572,39.281676],[-78.156843,39.282794],[-78.156197,39.283699],[-78.155941,39.283937],[-78.154888,39.284595],[-78.154289,39.285023],[-78.150408,39.288422],[-78.150214,39.288637],[-78.149021,39.29071],[-78.148624,39.291343],[-78.147343,39.293161],[-78.147088,39.293458],[-78.146377,39.294139],[-78.146083,39.294473],[-78.145208,39.295799],[-78.143915,39.297864],[-78.142816,39.299656],[-78.142411,39.300377],[-78.141639,39.301971],[-78.139666,39.306258],[-78.136606,39.310826],[-78.135614,39.312211],[-78.135213,39.312724],[-78.134554,39.313441],[-78.132347,39.315413],[-78.132017,39.315786],[-78.131258,39.316847],[-78.129761,39.318534],[-78.129247,39.319056],[-78.12742,39.320787],[-78.127035,39.321064],[-78.125266,39.322083],[-78.123808,39.322677],[-78.124723,39.323208],[-78.135923,39.330516],[-78.14092,39.333745],[-78.14812,39.337763],[-78.150694,39.339328],[-78.156101,39.34236],[-78.158193,39.343391],[-78.171331,39.352964]]]},"properties":{"UNIQUE_ID":"Frederick County-:-202 - Albin","COUNTYFP":"069","locality":"Frederick County","precinct":"202 - Albin","dem24":586,"rep24":1386}},
{"type":"Feature","geometry":{"type":"Polygon","coordinates":[[[-78.248886,39.272097],[-78.249812,39.272624],[-78.250804,39.2733],[-78.25119,39.273606],[-78.251937,39.274234],[-78.252278,39.274558],[-78.25314,39.275491],[-78.253666,39.276159],[-78.254112,39.276813],[-78.257698,39.282879],[-78.258025,39.283359],[-78.258331,39.283732],[-78.259067,39.284496],[-78.259554,39.2849],[-78.260255,39.285403],[-78.260562,39.285599],[-78.261529,39.286106],[-78.262186,39.286391],[-78.262745,39.286589],[-78.264337,39.287044],[-78.265091,39.287291],[-78.265791,39.287575],[-78.266633,39.287997],[-78.267536,39.288563],[-78.274283,39.293235],[-78.274679,39.293562],[-78.275368,39.294232],[-78.275967,39.294966],[-78.276342,39.295547],[-78.279404,39.30167],[-78.279668,39.302111],[-78.280061,39.302599],[-78.280584,39.303102],[-78.281172,39.303523],[-78.281915,39.30392],[-78.283109,39.304473],[-78.283781,39.304833],[-78.284357,39.305179],[-78.284914,39.305559],[-78.285292,39.305838],[-78.28603,39.306462],[-78.286556,39.306973],[-78.287247,39.307748],[-78.287588,39.308199],[-78.288019,39.308866],[-78.288522,39.309824],[-78.288913,39.310872],[-78.289629,39.313032],[-78.290018,39.31385],[-78.290251,39.314257],[-78.290521,39.314656],[-78.290973,39.315209],[-78.291486,39.31574],[-78.301094,39.324862],[-78.302169,39.325924],[-78.302838,39.326741],[-78.303296,39.327393],[-78.306043,39.331373],[-78.306457,39.332032],[-78.30687,39.332871],[-78.30725,39.333978],[-78.307441,39.334983],[-78.307477,39.335349],[-78.307491,39.3361],[-78.30747,39.336479],[-78.307361,39.337307],[-78.307146,39.338133],[-78.306834,39.33896],[-78.30616,39.340247],[-78.306435,39.340353],[-78.307602,39.34095],[-78.308361,39.34127],[-78.308975,39.341448],[-78.309612,39.341571],[-78.310347,39.341651],[-78.311023,39.341652],[-78.313724,39.341472],[-78.314423,39.341457],[-78.31498,39.341496],[-78.315547,39.341591],[-78.316079,39.341727],[-78.316499,39.341868],[-78.31703,39.342102],[-78.31749,39.342371],[-78.3177,39.342521],[-78.31912,39.34371],[-78.326511,39.350071],[-78.326897,39.350348],[-78.327373,39.350619],[-78.32784,39.35083],[-78.328424,39.351022],[-78.328728,39.3511],[-78.329377,39.351213],[-78.335025,39.351726],[-78.335697,39.351831],[-78.335961,39.351894],[-78.336364,39.352037],[-78.337594,39.352678],[-78.338403,39.353034],[-78.339359,39.353365],[-78.340415,39.353628],[-78.340626,39.353166],[-78.340871,39.352526],[-78.340713,39.352241],[-78.340022,39.352019],[-78.339526,39.351936],[-78.339154,39.351957],[-78.33905,39.351723],[-78.339526,39.350804],[-78.339163,39.350308],[-78.338958,39.349889],[-78.339284,39.348605],[-78.340192,39.347147],[-78.341308,39.345555],[-78.341546,39.34554],[-78.341728,39.345887],[-78.342186,39.346582],[-78.342514,39.346769],[-78.343114,39.34683],[-78.343685,39.346713],[-78.344539,39.346277],[-78.345156,39.345734],[-78.346777,39.344266],[-78.347409,39.343402],[-78.347633,39.342725],[-78.34693,39.342176],[-78.346116,39.341808],[-78.345644,39.341532],[-78.345548,39.341116],[-78.34546,39.341024],[-78.346301,39.339108],[-78.346933,39.338172],[-78.348326,39.33675],[-78.348958,39.335822],[-78.349512,39.335335],[-78.350172,39.334672],[-78.350147,39.334149],[-78.350512,39.33309],[-78.352321,39.330618],[-78.352739,39.330227],[-78.353086,39.329746],[-78.353478,39.329025],[-78.35385,39.328208],[-78.353915,39.327919],[-78.354986,39.327524],[-78.355432,39.327406],[-78.355714,39.327175],[-78.355557,39.326418],[-78.355576,39.325726],[-78.356427,39.323722],[-78.357112,39.322673],[-78.3578,39.321383],[-78.358393,39.320189],[-78.35894,39.319484],[-78.359285,39.319149],[-78.359862,39.318438],[-78.35998,39.318093],[-78.360035,39.317771],[-78.360249,39.317547],[-78.360571,39.317597],[-78.361922,39.318242],[-78.362864,39.318957],[-78.363421,39.319081],[-78.364074,39.31882],[-78.364654,39.31798],[-78.36474,39.317707],[-78.364685,39.317317],[-78.364402,39.316973],[-78.364064,39.316689],[-78.363874,39.316261],[-78.363962,39.315627],[-78.364203,39.315218],[-78.365454,39.314414],[-78.365842,39.313983],[-78.366228,39.312787],[-78.366715,39.311833],[-78.366871,39.310901],[-78.367242,39.310148],[-78.367891,39.309485],[-78.370541,39.308401],[-78.371604,39.307692],[-78.374728,39.305136],[-78.375945,39.303831],[-78.376716,39.302926],[-78.377881,39.301862],[-78.378477,39.300988],[-78.378968,39.300202],[-78.379988,39.299259],[-78.380871,39.298531],[-78.382196,39.297725],[-78.385052,39.295664],[-78.385884,39.294888],[-78.386395,39.294255],[-78.387238,39.29343],[-78.387276,39.293085],[-78.387149,39.292006],[-78.387194,39.291444],[-78.387603,39.290714],[-78.388082,39.290129],[-78.3885,39.289488],[-78.388658,39.289054],[-78.388785,39.288572],[-78.389099,39.288115],[-78.389609,39.287474],[-78.390933,39.285904],[-78.391318,39.28548],[-78.391754,39.28516],[-78.392128,39.285011],[-78.392406,39.284788],[-78.392533,39.284633],[-78.392836,39.284039],[-78.393099,39.283413],[-78.393371,39.282988],[-78.393703,39.282788],[-78.394552,39.282438],[-78.395163,39.282321],[-78.395948,39.282244],[-78.396559,39.282078],[-78.397026,39.28175],[-78.397539,39.280828],[-78.397685,39.280635],[-78.397896,39.280562],[-78.398057,39.280637],[-78.398333,39.281089],[-78.398682,39.281332],[-78.399228,39.281519],[-78.399891,39.281345],[-78.400546,39.280922],[-78.402886,39.278624],[-78.403157,39.278288],[-78.40324,39.278049],[-78.402999,39.277595],[-78.402705,39.277464],[-78.402051,39.277117],[-78.401897,39.277003],[-78.401813,39.276754],[-78.402783,39.275471],[-78.403709,39.274679],[-78.404926,39.273454],[-78.40656,39.271636],[-78.407465,39.270756],[-78.407828,39.2705],[-78.407799,39.270212],[-78.408237,39.269545],[-78.40889,39.269186],[-78.409712,39.268409],[-78.409975,39.267711],[-78.410338,39.267415],[-78.411147,39.266992],[-78.411501,39.266495],[-78.412188,39.265766],[-78.412883,39.265287],[-78.414204,39.26391],[-78.414561,39.263124],[-78.415028,39.262504],[-78.415808,39.261963],[-78.417013,39.260867],[-78.417795,39.259777],[-78.418163,39.258886],[-78.418413,39.258501],[-78.418974,39.258021],[-78.419421,39.257477],[-78.419169,39.257032],[-78.418677,39.256459],[-78.418586,39.256073],[-78.417597,39.255907],[-78.416753,39.255509],[-78.416123,39.255418],[-78.41544,39.255673],[-78.414634,39.255741],[-78.413151,39.254922],[-78.412504,39.254485],[-78.412176,39.254025],[-78.411661,39.253927],[-78.410785,39.253617],[-78.410035,39.253002],[-78.409593,39.252759],[-78.409119,39.252572],[-78.407663,39.251126],[-78.407231,39.250786],[-78.40682,39.250583],[-78.406399,39.25011],[-78.40571,39.249064],[-78.404323,39.247901],[-78.403923,39.247651],[-78.403462,39.246845],[-78.403011,39.246425],[-78.402438,39.246024],[-78.401716,39.245601],[-78.401222,39.245399],[-78.400555,39.244761],[-78.399856,39.244285],[-78.399669,39.243874],[-78.400816,39.243105],[-78.402107,39.242432],[-78.403347,39.241743],[-78.404214,39.241214],[-78.40462,39.24025],[-78.4045,39.239437],[-78.404553,39.239075],[-78.404668,39.238689],[-78.404865,39.238351],[-78.40498,39.238006],[-78.404982,39.237612],[-78.404811,39.2372],[-78.404515,39.236661],[-78.404331,39.236047],[-78.404225,39.235832],[-78.404248,39.23571],[-78.404239,39.235405],[-78.404569,39.235148],[-78.405076,39.234634],[-78.406031,39.232931],[-78.406114,39.232511],[-78.405728,39.232318],[-78.405459,39.231698],[-78.405585,39.231176],[-78.405937,39.230847],[-78.406701,39.23043],[-78.406979,39.230391],[-78.407114,39.230335],[-78.407351,39.23015],[-78.407766,39.229387],[-78.408243,39.228623],[-78.408678,39.228174],[-78.409103,39.227467],[-78.409868,39.226889],[-78.410457,39.226505],[-78.410591,39.226328],[-78.410572,39.226014],[-78.410645,39.225869],[-78.411482,39.225059],[-78.412114,39.224337],[-78.413046,39.223132],[-78.414421,39.221824],[-78.415279,39.221118],[-78.415641,39.220709],[-78.415787,39.220178],[-78.41789,39.217504],[-78.420548,39.214798],[-78.420931,39.214634],[-78.421087,39.214481],[-78.422161,39.213273],[-78.423018,39.212575],[-78.423762,39.212102],[-78.423968,39.212049],[-78.424459,39.211803],[-78.427876,39.208764],[-78.428041,39.207992],[-78.428734,39.207374],[-78.429476,39.207103],[-78.430363,39.206863],[-78.430818,39.206389],[-78.43117,39.205907],[-78.431168,39.2058],[-78.432188,39.204828],[-78.433293,39.202621],[-78.434027,39.202076],[-78.43568,39.200526],[-78.436506,39.200005],[-78.437173,39.199707],[-78.438693,39.198096],[-78.437632,39.196998],[-78.436665,39.196666],[-78.435213,39.196687],[-78.433782,39.196668],[-78.432882,39.19616],[-78.432364,39.195933],[-78.431271,39.196293],[-78.430849,39.196235],[-78.43043,39.195381],[-78.430093,39.194374],[-78.429623,39.193585],[-78.429172,39.193037],[-78.428679,39.192641],[-78.4271,39.193636],[-78.42644,39.194093],[-78.426027,39.194148],[-78.424908,39.193309],[-78.424334,39.192663],[-78.424292,39.192156],[-78.425864,39.190277],[-78.427198,39.188792],[-78.428459,39.18762],[-78.428694,39.187222],[-78.428392,39.187055],[-78.428115,39.186725],[-78.42786,39.186113],[-78.427702,39.185978],[-78.42706,39.186506],[-78.426693,39.186634],[-78.425787,39.186829],[-78.425418,39.187015],[-78.425187,39.187187],[-78.424447,39.187937],[-78.424046,39.188306],[-78.423033,39.189378],[-78.421996,39.190353],[-78.421439,39.190818],[-78.420647,39.19139],[-78.42051,39.191512],[-78.419672,39.192477],[-78.418919,39.193185],[-78.417254,39.195046],[-78.416665,39.195656],[-78.416463,39.195821],[-78.416302,39.195918],[-78.414488,39.196843],[-78.413817,39.197374],[-78.41318,39.198075],[-78.412653,39.198704],[-78.412083,39.199175],[-78.411618,39.199603],[-78.411263,39.199979],[-78.410973,39.200348],[-78.410917,39.200514],[-78.410914,39.200647],[-78.411,39.200828],[-78.411227,39.201128],[-78.411283,39.201269],[-78.411328,39.201835],[-78.411313,39.202007],[-78.411124,39.202331],[-78.410499,39.203054],[-78.410297,39.203255],[-78.410068,39.203384],[-78.409913,39.203438],[-78.407938,39.203951],[-78.407524,39.204012],[-78.406425,39.20402],[-78.406142,39.204073],[-78.405894,39.204193],[-78.405672,39.204377],[-78.404352,39.205332],[-78.402872,39.206152],[-78.402616,39.206347],[-78.401656,39.207204],[-78.400446,39.208116],[-78.400223,39.208337],[-78.399951,39.208702],[-78.399464,39.20974],[-78.399394,39.209844],[-78.399238,39.209984],[-78.399111,39.210057],[-78.398831,39.210163],[-78.39825,39.210264],[-78.397077,39.210615],[-78.396272,39.210909],[-78.395626,39.211212],[-78.395201,39.211479],[-78.394427,39.212067],[-78.393375,39.212963],[-78.393163,39.21316],[-78.39269,39.213689],[-78.392287,39.214171],[-78.392119,39.214443],[-78.392053,39.214665],[-78.392043,39.214889],[-78.392172,39.215592],[-78.392159,39.215666],[-78.392077,39.215799],[-78.391876,39.215932],[-78.391526,39.216065],[-78.390738,39.216049],[-78.390568,39.216073],[-78.390417,39.21614],[-78.38975,39.216739],[-78.389604,39.216908],[-78.389343,39.217318],[-78.389211,39.217471],[-78.389059,39.217562],[-78.388893,39.217583],[-78.38869,39.217646],[-78.3883,39.217941],[-78.387727,39.218609],[-78.386866,39.219322],[-78.386482,39.219814],[-78.385527,39.220687],[-78.385179,39.220935],[-78.383992,39.221633],[-78.383813,39.221825],[-78.383691,39.222067],[-78.383628,39.222586],[-78.38352,39.222886],[-78.383396,39.223079],[-78.383234,39.223267],[-78.38275,39.223699],[-78.382406,39.223967],[-78.381689,39.224381],[-78.380971,39.22492],[-78.380724,39.225149],[-78.379723,39.226428],[-78.379323,39.226907],[-78.379033,39.227195],[-78.378425,39.227719],[-78.377309,39.228562],[-78.376818,39.228986],[-78.376388,39.229485],[-78.375294,39.230641],[-78.375118,39.230858],[-78.375001,39.231042],[-78.374918,39.231456],[-78.374795,39.231661],[-78.374573,39.23183],[-78.373591,39.232338],[-78.37341,39.232462],[-78.373131,39.232714],[-78.373006,39.232868],[-78.371777,39.2348],[-78.371355,39.235421],[-78.371265,39.235512],[-78.370974,39.235696],[-78.370689,39.235764],[-78.370071,39.235737],[-78.369446,39.235624],[-78.368946,39.235657],[-78.368684,39.235727],[-78.368526,39.2358],[-78.368094,39.23608],[-78.367847,39.236315],[-78.367565,39.236684],[-78.367386,39.23698],[-78.367062,39.237645],[-78.366758,39.238105],[-78.366517,39.238412],[-78.366291,39.238615],[-78.365995,39.238818],[-78.36554,39.23901],[-78.364674,39.239092],[-78.364425,39.239155],[-78.363872,39.239438],[-78.363678,39.239601],[-78.363339,39.240055],[-78.363176,39.240371],[-78.363012,39.240888],[-78.362792,39.24181],[-78.362675,39.242058],[-78.36242,39.242353],[-78.36203,39.242589],[-78.361467,39.242848],[-78.360518,39.243129],[-78.360086,39.243318],[-78.359607,39.243607],[-78.358758,39.244213],[-78.358157,39.244606],[-78.357757,39.244938],[-78.356686,39.245954],[-78.355993,39.24665],[-78.355873,39.24679],[-78.355601,39.24722],[-78.354981,39.247881],[-78.354739,39.248082],[-78.354201,39.248395],[-78.354026,39.248565],[-78.353729,39.248926],[-78.353604,39.249022],[-78.353074,39.2493],[-78.352743,39.249536],[-78.351709,39.250545],[-78.351187,39.250922],[-78.350879,39.251079],[-78.350548,39.251195],[-78.3497,39.251447],[-78.349057,39.251602],[-78.348699,39.251735],[-78.347638,39.252311],[-78.346597,39.252815],[-78.346325,39.252989],[-78.345584,39.253787],[-78.345419,39.254016],[-78.345342,39.25417],[-78.34519,39.254624],[-78.345084,39.255056],[-78.344898,39.255321],[-78.343988,39.256262],[-78.343011,39.257077],[-78.341946,39.258036],[-78.340777,39.258723],[-78.340046,39.259058],[-78.339774,39.259153],[-78.339301,39.259257],[-78.339014,39.259297],[-78.33837,39.259314],[-78.338214,39.259343],[-78.337921,39.259442],[-78.337099,39.259945],[-78.336608,39.260153],[-78.336399,39.26027],[-78.335355,39.26124],[-78.334972,39.261507],[-78.334703,39.261649],[-78.334263,39.261748],[-78.333394,39.261822],[-78.333259,39.261852],[-78.333025,39.261946],[-78.332733,39.262137],[-78.332495,39.262347],[-78.332365,39.262488],[-78.332219,39.262714],[-78.332153,39.262969],[-78.332106,39.263586],[-78.331997,39.264038],[-78.331209,39.264117],[-78.330729,39.264195],[-78.32965,39.26454],[-78.329005,39.264799],[-78.328557,39.265008],[-78.327572,39.265549],[-78.326546,39.266252],[-78.326376,39.266345],[-78.326067,39.266461],[-78.325825,39.266521],[-78.325492,39.266559],[-78.325018,39.266574],[-78.324834,39.266643],[-78.324762,39.266695],[-78.324663,39.266825],[-78.324627,39.267074],[-78.324644,39.267182],[-78.323478,39.267375],[-78.311729,39.268786],[-78.310833,39.268849],[-78.310176,39.26881],[-78.309748,39.268727],[-78.309319,39.268601],[-78.308856,39.268395],[-78.308463,39.268155],[-78.308194,39.267943],[-78.307831,39.267586],[-78.307033,39.266631],[-78.306639,39.266232],[-78.306357,39.266002],[-78.305964,39.265754],[-78.305567,39.26557],[-78.305139,39.265411],[-78.301715,39.264228],[-78.301282,39.264003],[-78.301086,39.263876],[-78.300812,39.263664],[-78.300589,39.263453],[-78.300394,39.263245],[-78.300132,39.262889],[-78.299919,39.262472],[-78.299816,39.262175],[-78.298855,39.258096],[-78.298804,39.257743],[-78.298792,39.257121],[-78.298833,39.25669],[-78.29943,39.254014],[-78.299598,39.253088],[-78.299551,39.250805],[-78.299471,39.249877],[-78.299358,39.249015],[-78.29905,39.247385],[-78.298831,39.246405],[-78.298645,39.245832],[-78.2983,39.245065],[-78.296689,39.242166],[-78.296545,39.241827],[-78.296387,39.241328],[-78.296303,39.240788],[-78.296282,39.240218],[-78.296329,39.239698],[-78.296653,39.238345],[-78.296666,39.237966],[-78.296593,39.237595],[-78.29653,39.237431],[-78.29635,39.237138],[-78.296222,39.236982],[-78.295895,39.236676],[-78.295503,39.236428],[-78.293746,39.235439],[-78.292931,39.234938],[-78.292467,39.234581],[-78.290774,39.233122],[-78.290336,39.233599],[-78.289896,39.23423],[-78.289452,39.234801],[-78.288206,39.236154],[-78.287168,39.237434],[-78.286753,39.23786],[-78.286094,39.238448],[-78.285815,39.238784],[-78.285149,39.23978],[-78.284,39.241912],[-78.28365,39.242413],[-78.28335,39.242702],[-78.28168,39.243925],[-78.281456,39.244114],[-78.28117,39.244406],[-78.280916,39.244752],[-78.280789,39.244972],[-78.280401,39.245823],[-78.28022,39.246161],[-78.280075,39.246371],[-78.27982,39.246661],[-78.279416,39.247016],[-78.278441,39.247737],[-78.277875,39.248211],[-78.277556,39.248517],[-78.276108,39.250068],[-78.275673,39.250489],[-78.275133,39.250918],[-78.27363,39.251944],[-78.273149,39.252327],[-78.272014,39.253421],[-78.270873,39.254619],[-78.269712,39.255599],[-78.268759,39.256315],[-78.268414,39.256701],[-78.267684,39.257795],[-78.265765,39.261179],[-78.264915,39.262486],[-78.263719,39.263958],[-78.262247,39.265628],[-78.26183,39.266173],[-78.261526,39.266632],[-78.260779,39.268062],[-78.260417,39.268915],[-78.26026,39.269579],[-78.259969,39.271185],[-78.259737,39.272224],[-78.259603,39.272692],[-78.25926,39.273307],[-78.257709,39.275637],[-78.257503,39.27582],[-78.257027,39.275213],[-78.256657,39.274874],[-78.255991,39.274461],[-78.255487,39.274239],[-78.254917,39.274071],[-78.252446,39.273498],[-78.251713,39.273273],[-78.251563,39.273283],[-78.251317,39.273452],[-78.250143,39.272609],[-78.249082,39.271974],[-78.248886,39.272097]]]},"properties":{"UNIQUE_ID":"Frederick County-:-203 - Redland","COUNTYFP":"069","locality":"Frederick County","precinct":"203 - Redland","dem24":873,"rep24":2069}},
{"type":"Feature","geometry":{"type":"Polygon","coordinates":[[[-78.248886,39.272097],[-78.249082,39.271974],[-78.250143,39.272609],[-78.251317,39.273452],[-78.251563,39.273283],[-78.251713,39.273273],[-78.252446,39.273498],[-78.254917,39.274071],[-78.255487,39.274239],[-78.255991,39.274461],[-78.256657,39.274874],[-78.257027,39.275213],[-78.257503,39.27582],[-78.257709,39.275637],[-78.25926,39.273307],[-78.259603,39.272692],[-78.259737,39.272224],[-78.259969,39.271185],[-78.26026,39.269579],[-78.260417,39.268915],[-78.260779,39.268062],[-78.261526,39.266632],[-78.26183,39.266173],[-78.262247,39.265628],[-78.263719,39.263958],[-78.264915,39.262486],[-78.265765,39.261179],[-78.267684,39.257795],[-78.268414,39.256701],[-78.268759,39.256315],[-78.269712,39.255599],[-78.270873,39.254619],[-78.272014,39.253421],[-78.273149,39.252327],[-78.27363,39.251944],[-78.275133,39.250918],[-78.275673,39.250489],[-78.276108,39.250068],[-78.277556,39.248517],[-78.277875,39.248211],[-78.278441,39.247737],[-78.279416,39.247016],[-78.27982,39.246661],[-78.280075,39.246371],[-78.28022,39.246161],[-78.280401,39.245823],[-78.280789,39.244972],[-78.280916,39.244752],[-78.28117,39.244406],[-78.281456,39.244114],[-78.28168,39.243925],[-78.28335,39.242702],[-78.28365,39.242413],[-78.284,39.241912],[-78.285149,39.23978],[-78.285815,39.238784],[-78.286094,39.238448],[-78.286753,39.23786],[-78.287168,39.237434],[-78.288206,39.236154],[-78.289452,39.234801],[-78.289896,39.23423],[-78.290336,39.233599],[-78.290774,39.233122],[-78.290277,39.232742],[-78.286596,39.230182],[-78.282223,39.226946],[-78.278595,39.224186],[-78.278266,39.223908],[-78.277906,39.223538],[-78.276505,39.221755],[-78.276144,39.221396],[-78.275648,39.221033],[-78.272515,39.219037],[-78.271998,39.218629],[-78.271645,39.218284],[-78.270818,39.217345],[-78.27,39.216477],[-78.267751,39.214344],[-78.267177,39.213859],[-78.266672,39.213519],[-78.266339,39.213346],[-78.266082,39.213239],[-78.265082,39.2129],[-78.264615,39.212689],[-78.263988,39.212309],[-78.263603,39.212],[-78.263138,39.211517],[-78.262922,39.211224],[-78.26276,39.210959],[-78.262506,39.210387],[-78.262407,39.210008],[-78.262349,39.209561],[-78.262343,39.207874],[-78.262319,39.20754],[-78.262262,39.207265],[-78.262123,39.206856],[-78.261914,39.206455],[-78.261648,39.206102],[-78.261306,39.205764],[-78.260881,39.205445],[-78.2603,39.205099],[-78.259069,39.204442],[-78.258328,39.204111],[-78.257167,39.203688],[-78.253385,39.202504],[-78.252882,39.20232],[-78.252504,39.202136],[-78.251991,39.2018],[-78.25163,39.20148],[-78.251401,39.201237],[-78.250166,39.199508],[-78.249853,39.199143],[-78.24948,39.198775],[-78.249035,39.198411],[-78.248506,39.198059],[-78.247592,39.197589],[-78.242231,39.195226],[-78.241328,39.194914],[-78.240757,39.194777],[-78.239947,39.194649],[-78.239269,39.194604],[-78.238709,39.194596],[-78.227736,39.194522],[-78.22679,39.194472],[-78.225824,39.194369],[-78.224822,39.194203],[-78.216448,39.19226],[-78.215137,39.192031],[-78.213974,39.191887],[-78.204854,39.190974],[-78.202929,39.190806],[-78.201071,39.190798],[-78.198754,39.190832],[-78.198594,39.191049],[-78.197264,39.191138],[-78.197107,39.191434],[-78.196657,39.192624],[-78.196144,39.193665],[-78.194422,39.196132],[-78.194085,39.196694],[-78.193367,39.197754],[-78.192359,39.199152],[-78.191939,39.199674],[-78.191312,39.20067],[-78.190122,39.202295],[-78.189571,39.202907],[-78.18915,39.203505],[-78.187804,39.204859],[-78.187836,39.204868],[-78.187933,39.204767],[-78.188637,39.204951],[-78.188257,39.205462],[-78.187711,39.20612],[-78.187067,39.206815],[-78.186347,39.20751],[-78.185209,39.208467],[-78.183904,39.209391],[-78.182502,39.210228],[-78.181337,39.210816],[-78.184705,39.211755],[-78.185074,39.211866],[-78.185899,39.212168],[-78.186497,39.212449],[-78.187202,39.212823],[-78.188835,39.213558],[-78.189227,39.213759],[-78.189773,39.21409],[-78.190265,39.214456],[-78.190605,39.214757],[-78.191032,39.215211],[-78.191425,39.215704],[-78.19754,39.223541],[-78.198074,39.22429],[-78.198585,39.225126],[-78.199119,39.226195],[-78.199349,39.226752],[-78.199562,39.227367],[-78.199874,39.228617],[-78.199992,39.22936],[-78.200052,39.229993],[-78.20007,39.230417],[-78.200047,39.231447],[-78.199843,39.23659],[-78.199755,39.237759],[-78.199758,39.238189],[-78.199814,39.23862],[-78.199914,39.238954],[-78.200135,39.239432],[-78.200749,39.240411],[-78.201074,39.24108],[-78.201217,39.241601],[-78.201258,39.241917],[-78.201352,39.24329],[-78.201419,39.243613],[-78.201562,39.244029],[-78.201874,39.244614],[-78.20324,39.246432],[-78.203714,39.247007],[-78.204274,39.247464],[-78.204895,39.247867],[-78.205363,39.248103],[-78.205727,39.248255],[-78.206484,39.248484],[-78.210011,39.249339],[-78.210538,39.249485],[-78.211157,39.249695],[-78.212,39.250041],[-78.21268,39.250385],[-78.213538,39.250912],[-78.214154,39.251338],[-78.214545,39.251654],[-78.214705,39.251818],[-78.214926,39.252085],[-78.215106,39.252375],[-78.215252,39.25267],[-78.21623,39.255],[-78.216728,39.255851],[-78.217107,39.256361],[-78.217834,39.257153],[-78.21834,39.257604],[-78.220971,39.259675],[-78.221353,39.259933],[-78.22211,39.260325],[-78.222653,39.26052],[-78.223233,39.260665],[-78.223801,39.260752],[-78.224255,39.260789],[-78.224962,39.260774],[-78.22558,39.260703],[-78.226304,39.260536],[-78.227649,39.26016],[-78.228249,39.260065],[-78.228736,39.260028],[-78.22934,39.260034],[-78.229938,39.260098],[-78.230521,39.26022],[-78.231317,39.260487],[-78.232069,39.260863],[-78.232481,39.261143],[-78.232822,39.261428],[-78.235668,39.264437],[-78.236235,39.264977],[-78.236835,39.265459],[-78.239313,39.267315],[-78.24026,39.267964],[-78.24127,39.268588],[-78.242761,39.269359],[-78.248519,39.271914],[-78.248886,39.272097]]]},"properties":{"UNIQUE_ID":"Frederick County-:-204 - Nain","COUNTYFP":"069","locality":"Frederick County","precinct":"204 - Nain","dem24":524,"rep24":1155}},
{"type":"Feature","geometry":{"type":"Polygon","coordinates":[[[-78.08161,39.29541],[-78.093592,39.303093],[-78.108746,39.31246],[-78.123808,39.322677],[-78.125266,39.322083],[-78.127035,39.321064],[-78.12742,39.320787],[-78.129247,39.319056],[-78.129761,39.318534],[-78.131258,39.316847],[-78.132017,39.315786],[-78.132347,39.315413],[-78.134554,39.313441],[-78.135213,39.312724],[-78.135614,39.312211],[-78.136606,39.310826],[-78.139666,39.306258],[-78.141639,39.301971],[-78.142411,39.300377],[-78.142816,39.299656],[-78.143915,39.297864],[-78.145208,39.295799],[-78.146083,39.294473],[-78.146377,39.294139],[-78.147088,39.293458],[-78.147343,39.293161],[-78.148624,39.291343],[-78.149021,39.29071],[-78.150214,39.288637],[-78.150408,39.288422],[-78.154289,39.285023],[-78.154888,39.284595],[-78.155941,39.283937],[-78.156197,39.283699],[-78.156843,39.282794],[-78.157572,39.281676],[-78.158791,39.279489],[-78.159143,39.27892],[-78.160428,39.277145],[-78.162175,39.274978],[-78.163467,39.273057],[-78.163673,39.272639],[-78.163888,39.271967],[-78.164803,39.267944],[-78.166514,39.260998],[-78.166643,39.260525],[-78.166836,39.260001],[-78.166978,39.259706],[-78.167561,39.25868],[-78.169915,39.254614],[-78.170394,39.2539],[-78.17118,39.25284],[-78.171781,39.251943],[-78.173061,39.249692],[-78.173489,39.249008],[-78.175672,39.245741],[-78.176095,39.24504],[-78.176792,39.243783],[-78.1773,39.242762],[-78.178094,39.240918],[-78.179926,39.23545],[-78.17999,39.235022],[-78.179985,39.23481],[-78.179932,39.234492],[-78.179776,39.234049],[-78.178667,39.232122],[-78.178223,39.231235],[-78.176847,39.227926],[-78.176766,39.227694],[-78.176687,39.227289],[-78.176673,39.226782],[-78.176703,39.226444],[-78.17722,39.221836],[-78.177611,39.21911],[-78.178136,39.213243],[-78.17819,39.212916],[-78.178306,39.212699],[-78.178506,39.212515],[-78.17872,39.212405],[-78.178989,39.212331],[-78.182768,39.211984],[-78.183247,39.212011],[-78.183894,39.212127],[-78.184163,39.212122],[-78.184295,39.212097],[-78.184466,39.212026],[-78.184576,39.211945],[-78.184705,39.211755],[-78.181337,39.210816],[-78.180404,39.211225],[-78.179546,39.211557],[-78.178497,39.211916],[-78.177312,39.212257],[-78.17634,39.212491],[-78.175444,39.21267],[-78.174502,39.212823],[-78.173417,39.212954],[-78.172072,39.213055],[-78.170531,39.213085],[-78.15411,39.213018],[-78.149687,39.213021],[-78.149216,39.213056],[-78.148446,39.213164],[-78.147731,39.213317],[-78.14729,39.213438],[-78.146938,39.213547],[-78.146239,39.21382],[-78.144838,39.214424],[-78.141315,39.215943],[-78.141591,39.216359],[-78.141652,39.216576],[-78.141648,39.216817],[-78.140784,39.220117],[-78.139281,39.225551],[-78.139173,39.226194],[-78.139181,39.226619],[-78.139252,39.227082],[-78.139854,39.229328],[-78.139914,39.229688],[-78.140182,39.233111],[-78.140232,39.236181],[-78.140206,39.23676],[-78.140125,39.237099],[-78.139919,39.237556],[-78.138332,39.239709],[-78.138059,39.240142],[-78.137885,39.240526],[-78.137142,39.242542],[-78.136912,39.242874],[-78.136374,39.243443],[-78.136279,39.243575],[-78.136137,39.243844],[-78.136038,39.24415],[-78.135849,39.246185],[-78.135777,39.24666],[-78.134673,39.251326],[-78.134553,39.251751],[-78.134227,39.252613],[-78.134149,39.252967],[-78.133914,39.25593],[-78.133441,39.259258],[-78.133177,39.262309],[-78.133197,39.262604],[-78.133257,39.262836],[-78.133386,39.263132],[-78.133626,39.263566],[-78.133699,39.263788],[-78.133745,39.26414],[-78.133704,39.264474],[-78.132961,39.266713],[-78.130749,39.272871],[-78.130641,39.273093],[-78.130566,39.273182],[-78.130422,39.273284],[-78.129368,39.273787],[-78.129254,39.273879],[-78.128133,39.274264],[-78.127951,39.274368],[-78.126887,39.275574],[-78.12673,39.275804],[-78.126658,39.275962],[-78.126501,39.276495],[-78.126317,39.277438],[-78.12629,39.277693],[-78.126247,39.279493],[-78.125765,39.283208],[-78.125613,39.28381],[-78.125528,39.284035],[-78.124894,39.28542],[-78.124395,39.286295],[-78.124196,39.286475],[-78.123875,39.286628],[-78.121691,39.287363],[-78.11959,39.288037],[-78.119177,39.288039],[-78.117675,39.28777],[-78.117012,39.287803],[-78.115742,39.287776],[-78.114828,39.287702],[-78.112947,39.287465],[-78.112614,39.287471],[-78.112351,39.287511],[-78.111915,39.287628],[-78.104101,39.290197],[-78.100635,39.2913],[-78.098323,39.292082],[-78.097403,39.292349],[-78.096861,39.292445],[-78.096069,39.292546],[-78.095597,39.292557],[-78.095341,39.292533],[-78.090158,39.29174],[-78.087049,39.291295],[-78.084803,39.290909],[-78.083976,39.292137],[-78.08161,39.29541]]]},"properties":{"UNIQUE_ID":"Frederick County-:-205 - White Hall","COUNTYFP":"069","locality":"Frederick County","precinct":"205 - White Hall","dem24":367,"rep24":898}},
{"type":"Feature","geometry":{"type":"Polygon","coordinates":[[[-78.068943,39.204909],[-78.068424,39.204869],[-78.068294,39.204964],[-78.068133,39.204988],[-78.068009,39.205059],[-78.067888,39.205201],[-78.067811,39.205394],[-78.067758,39.205852],[-78.067643,39.206093],[-78.067389,39.206357],[-78.06714,39.206513],[-78.067125,39.20657],[-78.067068,39.206603],[-78.06701,39.206742],[-78.067052,39.206865],[-78.06749,39.207414],[-78.068129,39.20794],[-78.068193,39.208029],[-78.06825,39.208268],[-78.068251,39.208269],[-78.068506,39.208635],[-78.068843,39.208847],[-78.069047,39.209069],[-78.069271,39.209411],[-78.069818,39.210513],[-78.070084,39.210905],[-78.070097,39.211085],[-78.070015,39.211252],[-78.069844,39.211401],[-78.069653,39.21147],[-78.068565,39.211722],[-78.068184,39.211759],[-78.067883,39.211836],[-78.067566,39.211796],[-78.067217,39.211665],[-78.066851,39.211444],[-78.066387,39.211247],[-78.065872,39.211102],[-78.065072,39.210983],[-78.064472,39.21098],[-78.063993,39.210876],[-78.063542,39.210653],[-78.063178,39.210303],[-78.062897,39.210081],[-78.06253,39.210067],[-78.06213,39.21013],[-78.061829,39.210363],[-78.061763,39.210679],[-78.06191,39.211023],[-78.062007,39.211245],[-78.061879,39.211499],[-78.061806,39.211643],[-78.061793,39.211669],[-78.061772,39.211704],[-78.061443,39.212305],[-78.06141,39.212456],[-78.061411,39.21246],[-78.061442,39.212551],[-78.06155,39.21267],[-78.061691,39.212751],[-78.06199,39.212842],[-78.062305,39.21278],[-78.062464,39.212781],[-78.062576,39.212847],[-78.062618,39.212927],[-78.062649,39.213148],[-78.06263,39.213336],[-78.062657,39.213428],[-78.062783,39.213565],[-78.063082,39.213765],[-78.063531,39.214273],[-78.063787,39.214524],[-78.06417,39.214776],[-78.064628,39.214981],[-78.064734,39.215082],[-78.064753,39.215241],[-78.064736,39.215675],[-78.064762,39.215864],[-78.064787,39.216055],[-78.064737,39.216308],[-78.06458,39.216498],[-78.064401,39.216651],[-78.063874,39.216999],[-78.063495,39.217186],[-78.063145,39.217307],[-78.062495,39.217469],[-78.061505,39.217788],[-78.059908,39.217997],[-78.059593,39.21807],[-78.059462,39.218229],[-78.059312,39.218507],[-78.059261,39.218688],[-78.059253,39.218875],[-78.059398,39.220082],[-78.059402,39.220439],[-78.059605,39.221152],[-78.059745,39.221499],[-78.059747,39.221505],[-78.059825,39.221812],[-78.059827,39.221816],[-78.060258,39.222569],[-78.060604,39.223087],[-78.060621,39.223202],[-78.060624,39.22322],[-78.060641,39.223339],[-78.060627,39.223399],[-78.060625,39.22341],[-78.060625,39.22343],[-78.060627,39.223564],[-78.060554,39.223733],[-78.060544,39.223756],[-78.060427,39.224216],[-78.060424,39.224229],[-78.060313,39.224498],[-78.060309,39.224506],[-78.060309,39.224525],[-78.060302,39.224691],[-78.060155,39.224876],[-78.060082,39.224929],[-78.059981,39.225067],[-78.059782,39.225253],[-78.059584,39.225394],[-78.059307,39.225541],[-78.059074,39.225602],[-78.058873,39.225605],[-78.05871,39.225662],[-78.058533,39.225788],[-78.05843,39.225897],[-78.058405,39.226021],[-78.058873,39.226465],[-78.058863,39.226708],[-78.058729,39.226847],[-78.058702,39.22695],[-78.05851,39.227192],[-78.058183,39.227523],[-78.057917,39.227727],[-78.057591,39.227892],[-78.056774,39.228269],[-78.056686,39.228221],[-78.056012,39.228393],[-78.05587,39.22847],[-78.055243,39.228509],[-78.05482,39.22866],[-78.054438,39.22865],[-78.053669,39.228766],[-78.053561,39.228844],[-78.053353,39.228839],[-78.05332,39.228863],[-78.052493,39.228605],[-78.052154,39.228471],[-78.051491,39.228154],[-78.05061,39.228105],[-78.050635,39.228176],[-78.050275,39.228491],[-78.049981,39.228862],[-78.049637,39.22961],[-78.049529,39.229715],[-78.04952,39.229918],[-78.049515,39.230039],[-78.049608,39.230312],[-78.049636,39.231002],[-78.049531,39.23131],[-78.049461,39.232146],[-78.04923,39.23268],[-78.049159,39.232733],[-78.049117,39.232894],[-78.048931,39.233186],[-78.048774,39.233615],[-78.048589,39.23388],[-78.048392,39.234443],[-78.048129,39.234923],[-78.047414,39.235391],[-78.046553,39.236045],[-78.046195,39.236279],[-78.045877,39.236406],[-78.044865,39.236515],[-78.044513,39.236615],[-78.044061,39.23663],[-78.043885,39.23668],[-78.043329,39.236666],[-78.042881,39.236573],[-78.0425,39.236563],[-78.042143,39.236771],[-78.042024,39.236947],[-78.041864,39.237628],[-78.041941,39.238279],[-78.042226,39.238935],[-78.042394,39.239074],[-78.042391,39.239155],[-78.042785,39.239706],[-78.042815,39.239814],[-78.043017,39.239955],[-78.043363,39.239991],[-78.0436,39.240159],[-78.04425,39.240391],[-78.044555,39.240588],[-78.044856,39.240866],[-78.045186,39.24128],[-78.04541,39.241745],[-78.045356,39.242203],[-78.045316,39.242255],[-78.045172,39.242442],[-78.044993,39.242572],[-78.044852,39.242623],[-78.044574,39.242616],[-78.044269,39.242419],[-78.043923,39.242383],[-78.043639,39.242538],[-78.043486,39.242708],[-78.043165,39.243066],[-78.042625,39.243512],[-78.042543,39.243807],[-78.042398,39.243939],[-78.042278,39.243982],[-78.041975,39.24409],[-78.041487,39.244105],[-78.041206,39.244179],[-78.04099,39.244362],[-78.04086,39.244562],[-78.040755,39.245005],[-78.040451,39.245619],[-78.039937,39.246254],[-78.039919,39.247346],[-78.039853,39.247441],[-78.039839,39.248307],[-78.039837,39.248521],[-78.039801,39.248656],[-78.039775,39.248933],[-78.039738,39.24933],[-78.039544,39.249813],[-78.039529,39.250106],[-78.039571,39.250655],[-78.039514,39.250783],[-78.039417,39.251002],[-78.039413,39.251099],[-78.039409,39.251191],[-78.039304,39.251344],[-78.038905,39.251611],[-78.038831,39.251717],[-78.038833,39.251871],[-78.038838,39.252366],[-78.038791,39.252481],[-78.038374,39.253489],[-78.038367,39.253648],[-78.038355,39.253948],[-78.038477,39.254539],[-78.038456,39.254842],[-78.038228,39.255296],[-78.037873,39.256314],[-78.037682,39.256714],[-78.037518,39.257305],[-78.037528,39.257512],[-78.037493,39.257665],[-78.0375,39.258042],[-78.037571,39.258246],[-78.037967,39.258658],[-78.038045,39.258827],[-78.038037,39.259021],[-78.037961,39.259154],[-78.037951,39.259397],[-78.0378,39.25969],[-78.037638,39.260227],[-78.03749,39.260435],[-78.037376,39.260679],[-78.03691,39.261019],[-78.036767,39.261096],[-78.035959,39.261292],[-78.035637,39.261527],[-78.035618,39.261558],[-78.035522,39.261619],[-78.035451,39.261695],[-78.035372,39.261812],[-78.035282,39.262086],[-78.035214,39.2622],[-78.035115,39.262286],[-78.034969,39.262362],[-78.033952,39.262727],[-78.033942,39.262741],[-78.033893,39.262812],[-78.033683,39.263342],[-78.033384,39.263821],[-78.033388,39.263892],[-78.033244,39.26421],[-78.03324,39.26444],[-78.033195,39.264614],[-78.033315,39.264659],[-78.054769,39.278061],[-78.057614,39.279866],[-78.078994,39.293756],[-78.08161,39.29541],[-78.083976,39.292137],[-78.084803,39.290909],[-78.087049,39.291295],[-78.090158,39.29174],[-78.095341,39.292533],[-78.095597,39.292557],[-78.096069,39.292546],[-78.096861,39.292445],[-78.097403,39.292349],[-78.098323,39.292082],[-78.100635,39.2913],[-78.104101,39.290197],[-78.111915,39.287628],[-78.112351,39.287511],[-78.112614,39.287471],[-78.112947,39.287465],[-78.114828,39.287702],[-78.115742,39.287776],[-78.117012,39.287803],[-78.117675,39.28777],[-78.119177,39.288039],[-78.11959,39.288037],[-78.121691,39.287363],[-78.123875,39.286628],[-78.124196,39.286475],[-78.124395,39.286295],[-78.124894,39.28542],[-78.125528,39.284035],[-78.125613,39.28381],[-78.125765,39.283208],[-78.126247,39.279493],[-78.12629,39.277693],[-78.126317,39.277438],[-78.126501,39.276495],[-78.126658,39.275962],[-78.12673,39.275804],[-78.126887,39.275574],[-78.127951,39.274368],[-78.128133,39.274264],[-78.129254,39.273879],[-78.129368,39.273787],[-78.130422,39.273284],[-78.130566,39.273182],[-78.130641,39.273093],[-78.130749,39.272871],[-78.132961,39.266713],[-78.133704,39.264474],[-78.133745,39.26414],[-78.133699,39.263788],[-78.133626,39.263566],[-78.133386,39.263132],[-78.133257,39.262836],[-78.133197,39.262604],[-78.133177,39.262309],[-78.133441,39.259258],[-78.133914,39.25593],[-78.134149,39.252967],[-78.134227,39.252613],[-78.134553,39.251751],[-78.134673,39.251326],[-78.135777,39.24666],[-78.135849,39.246185],[-78.136038,39.24415],[-78.136137,39.243844],[-78.136279,39.243575],[-78.136374,39.243443],[-78.136912,39.242874],[-78.137142,39.242542],[-78.137885,39.240526],[-78.138059,39.240142],[-78.138332,39.239709],[-78.139919,39.237556],[-78.140125,39.237099],[-78.140206,39.23676],[-78.140232,39.236181],[-78.140182,39.233111],[-78.139914,39.229688],[-78.139854,39.229328],[-78.139252,39.227082],[-78.139181,39.226619],[-78.139173,39.226194],[-78.139281,39.225551],[-78.140784,39.220117],[-78.141648,39.216817],[-78.141652,39.216576],[-78.141591,39.216359],[-78.141315,39.215943],[-78.138053,39.217348],[-78.135216,39.218563],[-78.134403,39.218876],[-78.133659,39.219209],[-78.133102,39.219435],[-78.132884,39.219465],[-78.131785,39.220007],[-78.13073,39.220625],[-78.13003,39.22127],[-78.126787,39.224472],[-78.121011,39.229612],[-78.120141,39.230255],[-78.119733,39.230497],[-78.116539,39.232115],[-78.115993,39.231858],[-78.11564,39.231737],[-78.114741,39.231481],[-78.114015,39.231304],[-78.109437,39.230506],[-78.108988,39.230438],[-78.1083,39.230402],[-78.106424,39.23053],[-78.105924,39.230542],[-78.10287,39.230402],[-78.102323,39.230349],[-78.101632,39.230209],[-78.096791,39.228943],[-78.096337,39.228797],[-78.095931,39.228596],[-78.088283,39.222951],[-78.086825,39.22183],[-78.086567,39.221569],[-78.085247,39.22004],[-78.084626,39.219262],[-78.084431,39.218916],[-78.084356,39.218618],[-78.084342,39.218249],[-78.084434,39.217736],[-78.08441,39.217397],[-78.084007,39.215474],[-78.083682,39.212599],[-78.083415,39.211507],[-78.083221,39.210984],[-78.082095,39.209173],[-78.081925,39.208814],[-78.079555,39.207984],[-78.079221,39.207822],[-78.077734,39.206855],[-78.077525,39.206762],[-78.077119,39.206642],[-78.076778,39.206578],[-78.075593,39.206456],[-78.074537,39.206295],[-78.07107,39.205902],[-78.070626,39.205795],[-78.069701,39.205417],[-78.069155,39.205274],[-78.069041,39.20518],[-78.068986,39.205049],[-78.068943,39.204909]]]},"properties":{"UNIQUE_ID":"Frederick County-:-301 - Clear Brook","COUNTYFP":"069","locality":"Frederick County","precinct":"301 - Clear Brook","dem24":440,"rep24":1520}},
{"type":"Feature","geometry":{"type":"Polygon","coordinates":[[[-78.109437,39.230506],[-78.114015,39.231304],[-78.114741,39.231481],[-78.11564,39.231737],[-78.115993,39.231858],[-78.116539,39.232115],[-78.119733,39.230497],[-78.120141,39.230255],[-78.121011,39.229612],[-78.126787,39.224472],[-78.13003,39.22127],[-78.13073,39.220625],[-78.131785,39.220007],[-78.132884,39.219465],[-78.133102,39.219435],[-78.133659,39.219209],[-78.134403,39.218876],[-78.135216,39.218563],[-78.138053,39.217348],[-78.134227,39.196403],[-78.134121,39.195685],[-78.134049,39.194764],[-78.134052,39.193726],[-78.134191,39.192318],[-78.134477,39.190992],[-78.134795,39.1899],[-78.135391,39.188351],[-78.135839,39.187412],[-78.136503,39.186214],[-78.137382,39.184885],[-78.136216,39.184801],[-78.135055,39.184773],[-78.13449,39.184795],[-78.133726,39.184886],[-78.133322,39.184964],[-78.132732,39.185117],[-78.129453,39.18631],[-78.128695,39.186542],[-78.12811,39.186678],[-78.12741,39.186793],[-78.126779,39.186859],[-78.121407,39.187126],[-78.120459,39.187205],[-78.119749,39.1873],[-78.118235,39.187547],[-78.117562,39.187715],[-78.116408,39.188109],[-78.11572,39.188308],[-78.115207,39.188415],[-78.114448,39.188512],[-78.113619,39.188542],[-78.113206,39.18853],[-78.112266,39.188429],[-78.111813,39.188342],[-78.111199,39.188184],[-78.109288,39.187522],[-78.108878,39.188793],[-78.108785,39.188982],[-78.108576,39.189199],[-78.108055,39.189523],[-78.107887,39.189712],[-78.107841,39.189799],[-78.10762,39.190388],[-78.107463,39.190922],[-78.107455,39.191122],[-78.107594,39.191426],[-78.10762,39.191598],[-78.107506,39.19186],[-78.107431,39.19195],[-78.107234,39.1921],[-78.106957,39.192181],[-78.106307,39.192307],[-78.106119,39.192393],[-78.105939,39.192546],[-78.105586,39.193045],[-78.105542,39.1932],[-78.105545,39.193288],[-78.105711,39.193706],[-78.105691,39.193918],[-78.105109,39.195019],[-78.10504,39.195117],[-78.104889,39.195211],[-78.104209,39.195348],[-78.103941,39.195484],[-78.104537,39.196126],[-78.10491,39.196662],[-78.105,39.196835],[-78.10533,39.19775],[-78.105631,39.198446],[-78.105904,39.19888],[-78.106223,39.199206],[-78.106551,39.199431],[-78.10717,39.199762],[-78.107686,39.200005],[-78.10924,39.200637],[-78.111321,39.201322],[-78.111565,39.201448],[-78.111802,39.201653],[-78.11317,39.20316],[-78.113576,39.20348],[-78.113951,39.203677],[-78.117062,39.204984],[-78.117282,39.205096],[-78.117534,39.205313],[-78.117662,39.205537],[-78.117744,39.206329],[-78.117878,39.206687],[-78.118037,39.206875],[-78.120046,39.208568],[-78.120305,39.208743],[-78.120639,39.208872],[-78.121648,39.209027],[-78.121126,39.21194],[-78.12106,39.212246],[-78.121015,39.212338],[-78.119238,39.214007],[-78.119098,39.214181],[-78.118188,39.215796],[-78.116835,39.218305],[-78.116733,39.218525],[-78.11659,39.218987],[-78.116055,39.219906],[-78.115682,39.220636],[-78.115499,39.220913],[-78.114982,39.221499],[-78.11311,39.224379],[-78.110896,39.227984],[-78.109721,39.229981],[-78.109437,39.230506]]]},"properties":{"UNIQUE_ID":"Frederick County-:-302 - Neffs Town","COUNTYFP":"069","locality":"Frederick County","precinct":"302 - Neff's Town","dem24":220,"rep24":358}},
{"type":"Feature","geometry":{"type":"Polygon","coordinates":[[[-78.072954,39.178411],[-78.072892,39.179126],[-78.073013,39.180006],[-78.073019,39.180016],[-78.073105,39.180151],[-78.073232,39.180306],[-78.073758,39.18074],[-78.07411,39.180922],[-78.07419,39.180985],[-78.074235,39.180983],[-78.074295,39.181033],[-78.074282,39.181157],[-78.07427,39.181268],[-78.074492,39.181465],[-78.074781,39.181815],[-78.074785,39.18182],[-78.074785,39.181822],[-78.074747,39.182916],[-78.074751,39.182929],[-78.074805,39.183106],[-78.074807,39.183113],[-78.074859,39.183283],[-78.074891,39.183466],[-78.074948,39.183762],[-78.07495,39.183768],[-78.075107,39.184174],[-78.075393,39.184916],[-78.075526,39.185272],[-78.075528,39.185277],[-78.075626,39.185658],[-78.075638,39.185871],[-78.075527,39.186049],[-78.07552,39.186211],[-78.075545,39.186372],[-78.075557,39.186433],[-78.075584,39.186489],[-78.075712,39.18675],[-78.075985,39.187324],[-78.075947,39.187762],[-78.075828,39.188002],[-78.075823,39.188115],[-78.075795,39.188158],[-78.075794,39.188308],[-78.075838,39.188539],[-78.075833,39.188725],[-78.075531,39.189292],[-78.075099,39.189659],[-78.075079,39.189934],[-78.07509,39.190087],[-78.07519,39.1902],[-78.075362,39.190325],[-78.076199,39.190845],[-78.077196,39.191627],[-78.077332,39.191777],[-78.077368,39.191902],[-78.077371,39.191912],[-78.077388,39.191974],[-78.077365,39.192035],[-78.077259,39.192292],[-78.076859,39.192617],[-78.076273,39.193175],[-78.075881,39.193409],[-78.075636,39.193457],[-78.075289,39.193448],[-78.075183,39.193499],[-78.074628,39.193485],[-78.073764,39.193382],[-78.073352,39.193264],[-78.073041,39.193229],[-78.072104,39.193206],[-78.071684,39.193276],[-78.071227,39.193427],[-78.071174,39.193473],[-78.071026,39.193598],[-78.071011,39.193611],[-78.071012,39.193618],[-78.071035,39.193854],[-78.071354,39.194538],[-78.071505,39.195082],[-78.071841,39.195361],[-78.07208,39.195448],[-78.072555,39.19573],[-78.0735,39.196403],[-78.074112,39.196715],[-78.074591,39.19689],[-78.075025,39.197124],[-78.075243,39.197269],[-78.07538,39.197422],[-78.075485,39.197622],[-78.075492,39.197648],[-78.075494,39.197653],[-78.07556,39.197806],[-78.075549,39.198076],[-78.07548,39.198175],[-78.075475,39.198182],[-78.075471,39.198202],[-78.075388,39.198612],[-78.075239,39.198852],[-78.075089,39.198998],[-78.074736,39.199245],[-78.074319,39.199261],[-78.073493,39.199078],[-78.072728,39.199086],[-78.072418,39.199024],[-78.072012,39.198771],[-78.071671,39.198627],[-78.070729,39.198607],[-78.07045,39.198656],[-78.070208,39.198725],[-78.069874,39.198882],[-78.069757,39.199002],[-78.069707,39.199136],[-78.069681,39.19933],[-78.069681,39.199716],[-78.06973,39.19985],[-78.069732,39.199855],[-78.069807,39.200283],[-78.069791,39.200797],[-78.069847,39.200939],[-78.069963,39.201067],[-78.070311,39.201331],[-78.070799,39.20163],[-78.071288,39.201977],[-78.07191,39.202361],[-78.072477,39.2026],[-78.072719,39.20278],[-78.072783,39.202917],[-78.072827,39.203094],[-78.072855,39.203199],[-78.072945,39.203364],[-78.073114,39.20352],[-78.073434,39.203674],[-78.074407,39.204465],[-78.074575,39.204631],[-78.074667,39.204791],[-78.074694,39.204942],[-78.074486,39.205265],[-78.074201,39.205447],[-78.073573,39.205512],[-78.073501,39.205565],[-78.072077,39.205556],[-78.071767,39.205494],[-78.071005,39.205448],[-78.070387,39.20527],[-78.070041,39.205234],[-78.068943,39.204909],[-78.068986,39.205049],[-78.069041,39.20518],[-78.069155,39.205274],[-78.069701,39.205417],[-78.070626,39.205795],[-78.07107,39.205902],[-78.074537,39.206295],[-78.075593,39.206456],[-78.076778,39.206578],[-78.077119,39.206642],[-78.077525,39.206762],[-78.077734,39.206855],[-78.079221,39.207822],[-78.079555,39.207984],[-78.081925,39.208814],[-78.082095,39.209173],[-78.083221,39.210984],[-78.083415,39.211507],[-78.083682,39.212599],[-78.084007,39.215474],[-78.08441,39.217397],[-78.084434,39.217736],[-78.084342,39.218249],[-78.084356,39.218618],[-78.084431,39.218916],[-78.084626,39.219262],[-78.085247,39.22004],[-78.086567,39.221569],[-78.086825,39.22183],[-78.088283,39.222951],[-78.095931,39.228596],[-78.096337,39.228797],[-78.096791,39.228943],[-78.101632,39.230209],[-78.102323,39.230349],[-78.10287,39.230402],[-78.105924,39.230542],[-78.106424,39.23053],[-78.1083,39.230402],[-78.108988,39.230438],[-78.109437,39.230506],[-78.109721,39.229981],[-78.110896,39.227984],[-78.11311,39.224379],[-78.114982,39.221499],[-78.115499,39.220913],[-78.115682,39.220636],[-78.116055,39.219906],[-78.11659,39.218987],[-78.116733,39.218525],[-78.116835,39.218305],[-78.118188,39.215796],[-78.119098,39.214181],[-78.119238,39.214007],[-78.121015,39.212338],[-78.12106,39.212246],[-78.121126,39.21194],[-78.121648,39.209027],[-78.120639,39.208872],[-78.120305,39.208743],[-78.120046,39.208568],[-78.118037,39.206875],[-78.117878,39.206687],[-78.117744,39.206329],[-78.117662,39.205537],[-78.117534,39.205313],[-78.117282,39.205096],[-78.117062,39.204984],[-78.113951,39.203677],[-78.113576,39.20348],[-78.11317,39.20316],[-78.111802,39.201653],[-78.111565,39.201448],[-78.111321,39.201322],[-78.10924,39.200637],[-78.107686,39.200005],[-78.10717,39.199762],[-78.106551,39.199431],[-78.106223,39.199206],[-78.105904,39.19888],[-78.105631,39.198446],[-78.10533,39.19775],[-78.105,39.196835],[-78.10491,39.196662],[-78.104537,39.196126],[-78.103941,39.195484],[-78.104209,39.195348],[-78.104889,39.195211],[-78.10504,39.195117],[-78.105109,39.195019],[-78.105691,39.193918],[-78.105711,39.193706],[-78.105545,39.193288],[-78.105542,39.1932],[-78.105586,39.193045],[-78.105939,39.192546],[-78.106119,39.192393],[-78.106307,39.192307],[-78.106957,39.192181],[-78.107234,39.1921],[-78.107431,39.19195],[-78.107506,39.19186],[-78.10762,39.191598],[-78.107594,39.191426],[-78.107455,39.191122],[-78.107463,39.190922],[-78.10762,39.190388],[-78.107841,39.189799],[-78.107887,39.189712],[-78.108055,39.189523],[-78.108576,39.189199],[-78.108785,39.188982],[-78.108878,39.188793],[-78.109288,39.187522],[-78.108085,39.187192],[-78.10662,39.186899],[-78.097086,39.185169],[-78.095994,39.185036],[-78.09447,39.184926],[-78.091219,39.184845],[-78.090479,39.184747],[-78.089638,39.184568],[-78.088107,39.184165],[-78.087591,39.184004],[-78.087064,39.183794],[-78.086336,39.183427],[-78.08387,39.181978],[-78.083291,39.181672],[-78.082808,39.181465],[-78.082232,39.181273],[-78.081614,39.18111],[-78.07943,39.180699],[-78.07832,39.180384],[-78.073349,39.178457],[-78.072959,39.178412],[-78.072954,39.178411]]]},"properties":{"UNIQUE_ID":"Frederick County-:-303 - Jordan Springs","COUNTYFP":"069","locality":"Frederick County","precinct":"303 - Jordan Springs","dem24":1258,"rep24":1423}},
{"type":"Feature","geometry":{"type":"Polygon","coordinates":[[[-78.137382,39.184885],[-78.136503,39.186214],[-78.135839,39.187412],[-78.135391,39.188351],[-78.134795,39.1899],[-78.134477,39.190992],[-78.134191,39.192318],[-78.134052,39.193726],[-78.134049,39.194764],[-78.134121,39.195685],[-78.134227,39.196403],[-78.138053,39.217348],[-78.141315,39.215943],[-78.144838,39.214424],[-78.145441,39.214114],[-78.145712,39.213939],[-78.146201,39.213569],[-78.146665,39.213117],[-78.147539,39.212055],[-78.147934,39.211696],[-78.148751,39.211081],[-78.149407,39.21052],[-78.149798,39.21014],[-78.150186,39.209673],[-78.153654,39.204863],[-78.154109,39.204025],[-78.154661,39.202316],[-78.154757,39.202109],[-78.155419,39.20097],[-78.155145,39.200841],[-78.157476,39.196828],[-78.15667,39.196031],[-78.149076,39.191633],[-78.148511,39.191364],[-78.147303,39.190618],[-78.146222,39.190009],[-78.137606,39.184895],[-78.137382,39.184885]]]},"properties":{"UNIQUE_ID":"Frederick County-:-304 - Gibson School","COUNTYFP":"069","locality":"Frederick County","precinct":"304 - Gibson School","dem24":316,"rep24":354}},
{"type":"Feature","geometry":{"type":"Polygon","coordinates":[[[-78.155419,39.20097],[-78.154757,39.202109],[-78.154661,39.202316],[-78.154109,39.204025],[-78.153654,39.204863],[-78.150186,39.209673],[-78.149798,39.21014],[-78.149407,39.21052],[-78.148751,39.211081],[-78.147934,39.211696],[-78.147539,39.212055],[-78.146665,39.213117],[-78.146201,39.213569],[-78.145712,39.213939],[-78.145441,39.214114],[-78.144838,39.214424],[-78.146239,39.21382],[-78.146938,39.213547],[-78.14729,39.213438],[-78.147731,39.213317],[-78.148446,39.213164],[-78.149216,39.213056],[-78.149687,39.213021],[-78.15411,39.213018],[-78.170531,39.213085],[-78.172072,39.213055],[-78.173417,39.212954],[-78.174502,39.212823],[-78.175444,39.21267],[-78.17634,39.212491],[-78.177312,39.212257],[-78.178497,39.211916],[-78.179546,39.211557],[-78.180404,39.211225],[-78.181337,39.210816],[-78.182502,39.210228],[-78.183904,39.209391],[-78.185209,39.208467],[-78.186347,39.20751],[-78.187067,39.206815],[-78.187711,39.20612],[-78.188257,39.205462],[-78.188637,39.204951],[-78.187933,39.204767],[-78.187836,39.204868],[-78.187804,39.204859],[-78.175241,39.201558],[-78.164376,39.198749],[-78.164126,39.198713],[-78.163718,39.19943],[-78.163071,39.200287],[-78.162549,39.200816],[-78.161828,39.201477],[-78.159931,39.203099],[-78.155419,39.20097]]]},"properties":{"UNIQUE_ID":"Frederick County-:-305 - Sunnyside","COUNTYFP":"069","locality":"Frederick County","precinct":"305 - Sunnyside","dem24":511,"rep24":575}},
{"type":"Feature","geometry":{"type":"Polygon","coordinates":[[[-78.11606,39.108534],[-78.118059,39.107774],[-78.121126,39.106531],[-78.121543,39.106415],[-78.121725,39.106385],[-78.122072,39.106369],[-78.122406,39.106421],[-78.122722,39.106524],[-78.123734,39.106915],[-78.124617,39.107213],[-78.126196,39.107672],[-78.127166,39.107896],[-78.128871,39.1081],[-78.12984,39.108174],[-78.130256,39.108184],[-78.132365,39.108096],[-78.13363,39.10791],[-78.134157,39.107902],[-78.134533,39.107978],[-78.136391,39.108462],[-78.137267,39.108721],[-78.139092,39.109316],[-78.139524,39.109423],[-78.14799,39.110268],[-78.148319,39.110283],[-78.149005,39.11027],[-78.149386,39.11023],[-78.149698,39.110149],[-78.150479,39.109812],[-78.151447,39.109347],[-78.151962,39.109035],[-78.15275,39.108487],[-78.15288,39.108426],[-78.153062,39.108383],[-78.153344,39.108387],[-78.153561,39.108431],[-78.15445,39.108667],[-78.155409,39.108957],[-78.155983,39.109085],[-78.156019,39.108739],[-78.156073,39.108527],[-78.156154,39.108324],[-78.156439,39.107834],[-78.15677,39.10747],[-78.156967,39.1073],[-78.157742,39.106716],[-78.158118,39.106302],[-78.158359,39.106327],[-78.158445,39.10636],[-78.158598,39.106186],[-78.158834,39.106185],[-78.159418,39.10599],[-78.161086,39.105662],[-78.161623,39.105622],[-78.162119,39.105675],[-78.162564,39.105669],[-78.163516,39.105553],[-78.163929,39.105415],[-78.164201,39.105286],[-78.164612,39.105045],[-78.164938,39.104804],[-78.165061,39.104756],[-78.165193,39.10457],[-78.165894,39.103807],[-78.167901,39.1023],[-78.168487,39.101817],[-78.16912,39.102063],[-78.169972,39.1023],[-78.170086,39.102053],[-78.170278,39.101778],[-78.172077,39.099916],[-78.172374,39.09957],[-78.172572,39.099277],[-78.173343,39.097976],[-78.17366,39.097534],[-78.17395,39.097252],[-78.174389,39.096919],[-78.174863,39.09651],[-78.175814,39.095823],[-78.176208,39.095432],[-78.176365,39.095201],[-78.176688,39.094559],[-78.17714,39.093814],[-78.175408,39.093398],[-78.17503,39.093329],[-78.172897,39.093105],[-78.172256,39.093067],[-78.171703,39.093091],[-78.171112,39.093174],[-78.17017,39.093352],[-78.169472,39.093373],[-78.168712,39.093293],[-78.16427,39.092727],[-78.164453,39.092234],[-78.167702,39.088144],[-78.173465,39.081022],[-78.173823,39.080701],[-78.174581,39.080204],[-78.175153,39.079762],[-78.175314,39.079706],[-78.175466,39.079706],[-78.17571,39.079791],[-78.175854,39.079813],[-78.175969,39.079791],[-78.176095,39.079712],[-78.17722,39.078363],[-78.178922,39.076243],[-78.174566,39.075167],[-78.174044,39.075057],[-78.173513,39.07498],[-78.172667,39.074923],[-78.167256,39.074869],[-78.166645,39.074831],[-78.165991,39.074739],[-78.165335,39.074587],[-78.164832,39.074439],[-78.160756,39.072977],[-78.16008,39.072699],[-78.159566,39.072432],[-78.159155,39.072174],[-78.158731,39.071863],[-78.15816,39.071337],[-78.155665,39.068708],[-78.154867,39.067962],[-78.15442,39.067611],[-78.153443,39.066936],[-78.151747,39.065829],[-78.1512,39.065532],[-78.150576,39.06527],[-78.145029,39.063372],[-78.144341,39.063114],[-78.144021,39.06297],[-78.143399,39.062639],[-78.142073,39.061735],[-78.14204,39.061817],[-78.136987,39.07437],[-78.136997,39.07446],[-78.136923,39.074629],[-78.136743,39.074652],[-78.136514,39.074646],[-78.13632,39.074582],[-78.136094,39.074662],[-78.135644,39.074611],[-78.135429,39.074664],[-78.135347,39.074814],[-78.135216,39.074876],[-78.135007,39.075116],[-78.134834,39.075209],[-78.134512,39.075504],[-78.134484,39.07557],[-78.134547,39.07574],[-78.13454,39.0758],[-78.134484,39.075872],[-78.134336,39.075954],[-78.134181,39.075998],[-78.133964,39.076017],[-78.133774,39.075952],[-78.133492,39.075967],[-78.133213,39.076107],[-78.133142,39.076166],[-78.133085,39.076281],[-78.133143,39.076419],[-78.133137,39.076476],[-78.13308,39.076546],[-78.132992,39.076588],[-78.132805,39.076603],[-78.132484,39.076742],[-78.132317,39.076918],[-78.132304,39.077104],[-78.132229,39.077226],[-78.131799,39.077528],[-78.131489,39.077819],[-78.131446,39.077938],[-78.131465,39.078224],[-78.131416,39.078295],[-78.131379,39.078498],[-78.131463,39.078691],[-78.13142,39.078809],[-78.131265,39.079017],[-78.131213,39.079142],[-78.131136,39.079542],[-78.131044,39.079674],[-78.130945,39.079734],[-78.130633,39.079812],[-78.130386,39.079917],[-78.1303,39.080131],[-78.130142,39.08031],[-78.129656,39.080667],[-78.129543,39.080826],[-78.12952,39.080927],[-78.129433,39.081002],[-78.129436,39.081039],[-78.129511,39.081112],[-78.129507,39.081276],[-78.12943,39.081459],[-78.129363,39.08153],[-78.129298,39.081858],[-78.129205,39.082014],[-78.129187,39.082095],[-78.129257,39.082294],[-78.129273,39.082456],[-78.129361,39.082605],[-78.12949,39.082734],[-78.129644,39.082996],[-78.129637,39.083075],[-78.129506,39.083197],[-78.129259,39.083206],[-78.129026,39.083301],[-78.128969,39.083368],[-78.128908,39.08361],[-78.128837,39.083721],[-78.128523,39.083872],[-78.12835,39.083987],[-78.128052,39.084328],[-78.12803,39.084571],[-78.127933,39.084849],[-78.12773,39.085181],[-78.127829,39.085618],[-78.127792,39.085699],[-78.127503,39.086078],[-78.127298,39.086484],[-78.127094,39.086626],[-78.127051,39.086698],[-78.127058,39.086807],[-78.127262,39.087011],[-78.127262,39.08706],[-78.127199,39.08711],[-78.126868,39.087241],[-78.126339,39.08757],[-78.12624,39.087685],[-78.12605,39.088036],[-78.125909,39.088454],[-78.125683,39.088766],[-78.12519,39.089035],[-78.124943,39.089282],[-78.124602,39.089429],[-78.124496,39.089533],[-78.12437,39.08972],[-78.124095,39.089885],[-78.123863,39.090132],[-78.123687,39.090263],[-78.123539,39.090412],[-78.123356,39.090527],[-78.123131,39.090599],[-78.122602,39.090456],[-78.12244,39.090484],[-78.121581,39.090857],[-78.121469,39.090951],[-78.121377,39.091077],[-78.121222,39.091434],[-78.121145,39.091533],[-78.120497,39.091988],[-78.120075,39.09234],[-78.119955,39.092411],[-78.119603,39.09273],[-78.119498,39.092779],[-78.119357,39.092944],[-78.119132,39.093054],[-78.11892,39.093246],[-78.118801,39.093246],[-78.118653,39.093213],[-78.118251,39.093224],[-78.117822,39.093318],[-78.117473,39.0932],[-78.116955,39.09316],[-78.116155,39.092357],[-78.116097,39.092085],[-78.115963,39.091973],[-78.115113,39.091547],[-78.114942,39.091489],[-78.114492,39.091478],[-78.11414,39.091604],[-78.113724,39.091594],[-78.113618,39.091645],[-78.113305,39.091664],[-78.113128,39.091741],[-78.112981,39.091954],[-78.112697,39.092109],[-78.11262,39.092296],[-78.112605,39.092674],[-78.112305,39.093207],[-78.112182,39.093691],[-78.11142,39.09451],[-78.110907,39.095172],[-78.110815,39.095738],[-78.110672,39.095842],[-78.10984,39.095822],[-78.109626,39.095979],[-78.109472,39.096353],[-78.109292,39.096511],[-78.109206,39.096914],[-78.108784,39.097325],[-78.110045,39.097977],[-78.110791,39.098467],[-78.111047,39.098668],[-78.111558,39.09915],[-78.11193,39.099582],[-78.112129,39.099862],[-78.112359,39.100248],[-78.112553,39.10064],[-78.11606,39.108534]]]},"properties":{"UNIQUE_ID":"Frederick County-:-401 - Armel","COUNTYFP":"069","locality":"Frederick County","precinct":"401 - Armel","dem24":667,"rep24":1115}},
{"type":"Feature","geometry":{"type":"Polygon","coordinates":[[[-78.122225,39.16741],[-78.122429,39.167439],[-78.122792,39.167451],[-78.130053,39.167549],[-78.130567,39.167606],[-78.138162,39.169563],[-78.139001,39.169734],[-78.139894,39.169879],[-78.140286,39.169974],[-78.140458,39.170038],[-78.140772,39.170202],[-78.141084,39.170448],[-78.141373,39.170851],[-78.141518,39.171213],[-78.141608,39.171489],[-78.141683,39.171719],[-78.141828,39.172055],[-78.141948,39.172242],[-78.142141,39.172465],[-78.142423,39.17269],[-78.143927,39.173614],[-78.145752,39.174632],[-78.146483,39.175076],[-78.148035,39.175901],[-78.148153,39.175962],[-78.149232,39.175115],[-78.149826,39.174588],[-78.150359,39.174069],[-78.150745,39.173671],[-78.151899,39.172292],[-78.152593,39.171286],[-78.153422,39.16979],[-78.153828,39.168914],[-78.154741,39.166754],[-78.155301,39.165747],[-78.155892,39.164844],[-78.156773,39.163727],[-78.157776,39.162626],[-78.157986,39.162444],[-78.157972,39.162436],[-78.157362,39.162057],[-78.155533,39.161176],[-78.155413,39.161093],[-78.156191,39.159927],[-78.156361,39.159697],[-78.156606,39.159433],[-78.156847,39.159233],[-78.159478,39.157288],[-78.159685,39.157128],[-78.160021,39.156812],[-78.160259,39.15654],[-78.160545,39.156123],[-78.16073,39.15575],[-78.160847,39.155402],[-78.160943,39.154942],[-78.160943,39.154302],[-78.160478,39.151142],[-78.160424,39.1505],[-78.160415,39.149934],[-78.160533,39.14614],[-78.160762,39.144238],[-78.160774,39.143624],[-78.160756,39.143237],[-78.15992,39.137129],[-78.158889,39.128978],[-78.15871,39.12695],[-78.157944,39.120479],[-78.15796,39.120136],[-78.157867,39.119332],[-78.157114,39.117246],[-78.156871,39.116388],[-78.156751,39.115847],[-78.156583,39.114756],[-78.15599,39.109389],[-78.155983,39.109085],[-78.155409,39.108957],[-78.15445,39.108667],[-78.153561,39.108431],[-78.153344,39.108387],[-78.153062,39.108383],[-78.15288,39.108426],[-78.15275,39.108487],[-78.151962,39.109035],[-78.151447,39.109347],[-78.150479,39.109812],[-78.149698,39.110149],[-78.149386,39.11023],[-78.149005,39.11027],[-78.148319,39.110283],[-78.14799,39.110268],[-78.139524,39.109423],[-78.139092,39.109316],[-78.137267,39.108721],[-78.136391,39.108462],[-78.134533,39.107978],[-78.134157,39.107902],[-78.13363,39.10791],[-78.132365,39.108096],[-78.130256,39.108184],[-78.12984,39.108174],[-78.128871,39.1081],[-78.127166,39.107896],[-78.126196,39.107672],[-78.124617,39.107213],[-78.123734,39.106915],[-78.122722,39.106524],[-78.122406,39.106421],[-78.122072,39.106369],[-78.121725,39.106385],[-78.121543,39.106415],[-78.121126,39.106531],[-78.118059,39.107774],[-78.11606,39.108534],[-78.116549,39.109638],[-78.116866,39.110437],[-78.117209,39.111558],[-78.117365,39.112246],[-78.117839,39.112155],[-78.118487,39.112072],[-78.118855,39.112108],[-78.119171,39.112217],[-78.119988,39.112659],[-78.120639,39.113142],[-78.120886,39.113271],[-78.12144,39.11347],[-78.122158,39.113851],[-78.122425,39.113968],[-78.122816,39.114077],[-78.123389,39.114194],[-78.124367,39.114617],[-78.124795,39.114838],[-78.125207,39.115117],[-78.126088,39.115802],[-78.126361,39.11609],[-78.126495,39.116277],[-78.126631,39.116537],[-78.127323,39.118413],[-78.128449,39.120911],[-78.128666,39.121521],[-78.128994,39.122307],[-78.129015,39.122472],[-78.12897,39.122673],[-78.128919,39.122768],[-78.128555,39.123251],[-78.128349,39.123678],[-78.128233,39.12385],[-78.127735,39.124257],[-78.127287,39.124665],[-78.127119,39.124881],[-78.126939,39.125248],[-78.126768,39.12585],[-78.126693,39.125992],[-78.126618,39.126064],[-78.126452,39.126147],[-78.125984,39.126222],[-78.125857,39.126285],[-78.125773,39.126394],[-78.125786,39.126569],[-78.126342,39.12716],[-78.126902,39.127821],[-78.127255,39.12829],[-78.128328,39.13047],[-78.128634,39.130866],[-78.129988,39.132159],[-78.131129,39.133199],[-78.131872,39.133731],[-78.132539,39.134141],[-78.133944,39.134847],[-78.134568,39.135126],[-78.13431,39.135469],[-78.134177,39.135692],[-78.134046,39.13602],[-78.134012,39.136179],[-78.134002,39.136497],[-78.134181,39.137325],[-78.134181,39.137631],[-78.134011,39.138251],[-78.133802,39.138547],[-78.128945,39.142459],[-78.127255,39.143776],[-78.127603,39.144199],[-78.128098,39.144941],[-78.12975,39.148048],[-78.130214,39.148681],[-78.130697,39.149174],[-78.130954,39.149393],[-78.130886,39.149678],[-78.131322,39.149986],[-78.131013,39.150163],[-78.130613,39.150289],[-78.130394,39.150329],[-78.130032,39.150343],[-78.128228,39.150279],[-78.127739,39.150252],[-78.12701,39.150165],[-78.124887,39.149785],[-78.123999,39.149642],[-78.123359,39.149564],[-78.120926,39.149427],[-78.118077,39.149338],[-78.116891,39.149334],[-78.116952,39.149429],[-78.117091,39.149532],[-78.117915,39.149847],[-78.118086,39.149937],[-78.118219,39.15006],[-78.118295,39.150229],[-78.118345,39.150952],[-78.118391,39.15126],[-78.118523,39.151587],[-78.118955,39.152276],[-78.119278,39.152667],[-78.119531,39.152862],[-78.11963,39.152911],[-78.119873,39.152972],[-78.121043,39.152959],[-78.12117,39.152997],[-78.121222,39.15303],[-78.1213,39.153128],[-78.12161,39.159745],[-78.122198,39.167341],[-78.122225,39.16741]]]},"properties":{"UNIQUE_ID":"Frederick County-:-402 - Shenandoah","COUNTYFP":"069","locality":"Frederick County","precinct":"402 - Shenandoah","dem24":1172,"rep24":1605}},
{"type":"Feature","geometry":{"type":"Polygon","coordinates":[[[-78.165061,39.104756],[-78.164938,39.104804],[-78.164612,39.105045],[-78.164201,39.105286],[-78.163929,39.105415],[-78.163516,39.105553],[-78.162564,39.105669],[-78.162119,39.105675],[-78.161623,39.105622],[-78.161086,39.105662],[-78.159418,39.10599],[-78.158834,39.106185],[-78.158598,39.106186],[-78.158445,39.10636],[-78.158359,39.106327],[-78.158118,39.106302],[-78.157742,39.106716],[-78.156967,39.1073],[-78.15677,39.10747],[-78.156439,39.107834],[-78.156154,39.108324],[-78.156073,39.108527],[-78.156019,39.108739],[-78.155983,39.109085],[-78.15599,39.109389],[-78.156583,39.114756],[-78.156751,39.115847],[-78.156871,39.116388],[-78.157114,39.117246],[-78.157867,39.119332],[-78.15796,39.120136],[-78.157944,39.120479],[-78.15871,39.12695],[-78.158889,39.128978],[-78.15992,39.137129],[-78.160756,39.143237],[-78.160774,39.143624],[-78.160762,39.144238],[-78.160533,39.14614],[-78.160415,39.149934],[-78.160424,39.1505],[-78.160478,39.151142],[-78.160943,39.154302],[-78.160943,39.154942],[-78.160847,39.155402],[-78.16073,39.15575],[-78.160545,39.156123],[-78.160259,39.15654],[-78.160021,39.156812],[-78.159685,39.157128],[-78.159478,39.157288],[-78.156847,39.159233],[-78.156606,39.159433],[-78.156361,39.159697],[-78.156191,39.159927],[-78.155413,39.161093],[-78.155533,39.161176],[-78.157362,39.162057],[-78.157972,39.162436],[-78.157986,39.162444],[-78.158452,39.162039],[-78.161146,39.160047],[-78.161507,39.159607],[-78.162858,39.158369],[-78.163348,39.157852],[-78.163941,39.157156],[-78.164348,39.156588],[-78.165329,39.154995],[-78.167324,39.151151],[-78.170483,39.145265],[-78.171662,39.143171],[-78.172533,39.141894],[-78.173202,39.141032],[-78.174282,39.139841],[-78.181794,39.132447],[-78.183174,39.131076],[-78.183145,39.131065],[-78.182805,39.13093],[-78.184122,39.12945],[-78.185138,39.128249],[-78.198781,39.111623],[-78.199732,39.110396],[-78.200105,39.109873],[-78.200837,39.108778],[-78.201383,39.107883],[-78.200889,39.107707],[-78.200339,39.107427],[-78.20024,39.10729],[-78.200121,39.107015],[-78.199994,39.106856],[-78.199881,39.106763],[-78.199184,39.106472],[-78.198972,39.106417],[-78.198676,39.106379],[-78.19843,39.106401],[-78.198197,39.106455],[-78.197958,39.10662],[-78.197788,39.106801],[-78.197634,39.107043],[-78.197478,39.107506],[-78.197069,39.107058],[-78.196779,39.106794],[-78.195322,39.105789],[-78.195085,39.105565],[-78.19489,39.105319],[-78.19456,39.104769],[-78.194454,39.104483],[-78.194217,39.103367],[-78.194066,39.102813],[-78.19335,39.101159],[-78.193064,39.100684],[-78.192481,39.100001],[-78.192211,39.099759],[-78.192006,39.099621],[-78.191646,39.099456],[-78.191141,39.099291],[-78.187826,39.098446],[-78.18608,39.097933],[-78.185963,39.098073],[-78.185269,39.098715],[-78.185064,39.098935],[-78.184702,39.099524],[-78.18447,39.099994],[-78.183817,39.101497],[-78.183756,39.101762],[-78.183769,39.101947],[-78.183019,39.102007],[-78.182601,39.102115],[-78.182019,39.102327],[-78.181048,39.102755],[-78.180711,39.102845],[-78.180074,39.102915],[-78.179033,39.102916],[-78.178471,39.102947],[-78.177691,39.103111],[-78.176951,39.103232],[-78.176301,39.103251],[-78.175923,39.103343],[-78.175698,39.10349],[-78.175622,39.103629],[-78.175558,39.103933],[-78.175556,39.104256],[-78.17549,39.104404],[-78.175244,39.104563],[-78.174501,39.104843],[-78.174101,39.104853],[-78.173417,39.104615],[-78.173076,39.104442],[-78.172582,39.104442],[-78.170999,39.104279],[-78.170415,39.10425],[-78.170119,39.104276],[-78.169957,39.104313],[-78.169342,39.104544],[-78.166611,39.104859],[-78.166162,39.104873],[-78.165363,39.104771],[-78.165061,39.104756]]]},"properties":{"UNIQUE_ID":"Frederick County-:-403 - Parkins Mill","COUNTYFP":"069","locality":"Frederick County","precinct":"403 - Parkin's Mill","dem24":842,"rep24":1346}},
{"type":"Feature","geometry":{"type":"Polygon","coordinates":[[[-78.165061,39.104756],[-78.165363,39.104771],[-78.166162,39.104873],[-78.166611,39.104859],[-78.169342,39.104544],[-78.169957,39.104313],[-78.170119,39.104276],[-78.170415,39.10425],[-78.170999,39.104279],[-78.172582,39.104442],[-78.173076,39.104442],[-78.173417,39.104615],[-78.174101,39.104853],[-78.174501,39.104843],[-78.175244,39.104563],[-78.17549,39.104404],[-78.175556,39.104256],[-78.175558,39.103933],[-78.175622,39.103629],[-78.175698,39.10349],[-78.175923,39.103343],[-78.176301,39.103251],[-78.176951,39.103232],[-78.177691,39.103111],[-78.178471,39.102947],[-78.179033,39.102916],[-78.180074,39.102915],[-78.180711,39.102845],[-78.181048,39.102755],[-78.182019,39.102327],[-78.182601,39.102115],[-78.183019,39.102007],[-78.183769,39.101947],[-78.183756,39.101762],[-78.183817,39.101497],[-78.18447,39.099994],[-78.184702,39.099524],[-78.185064,39.098935],[-78.185269,39.098715],[-78.185963,39.098073],[-78.18608,39.097933],[-78.186287,39.097662],[-78.186554,39.097408],[-78.187101,39.097072],[-78.193915,39.093899],[-78.194603,39.093606],[-78.19476,39.093563],[-78.195,39.093538],[-78.194979,39.093385],[-78.194899,39.093237],[-78.19453,39.092889],[-78.194401,39.092707],[-78.194336,39.092426],[-78.194371,39.09218],[-78.194604,39.091706],[-78.194727,39.091513],[-78.195381,39.090619],[-78.195589,39.090404],[-78.195746,39.090284],[-78.196074,39.090099],[-78.195829,39.089768],[-78.195723,39.08957],[-78.195629,39.089225],[-78.195643,39.088773],[-78.195742,39.088459],[-78.195819,39.088308],[-78.195915,39.088163],[-78.196155,39.087896],[-78.19706,39.08714],[-78.19534,39.085878],[-78.194967,39.085655],[-78.194797,39.085586],[-78.188951,39.084023],[-78.188499,39.083932],[-78.187905,39.08385],[-78.187773,39.083873],[-78.187682,39.083937],[-78.187694,39.083836],[-78.187655,39.083645],[-78.187484,39.083423],[-78.187025,39.083738],[-78.18677,39.084006],[-78.183472,39.088204],[-78.182959,39.08878],[-78.181421,39.090078],[-78.181422,39.090176],[-78.178901,39.092404],[-78.178734,39.09252],[-78.178168,39.092833],[-78.177788,39.093139],[-78.177356,39.093679],[-78.177305,39.093634],[-78.17714,39.093814],[-78.176688,39.094559],[-78.176365,39.095201],[-78.176208,39.095432],[-78.175814,39.095823],[-78.174863,39.09651],[-78.174389,39.096919],[-78.17395,39.097252],[-78.17366,39.097534],[-78.173343,39.097976],[-78.172572,39.099277],[-78.172374,39.09957],[-78.172077,39.099916],[-78.170278,39.101778],[-78.170086,39.102053],[-78.169972,39.1023],[-78.16912,39.102063],[-78.168487,39.101817],[-78.167901,39.1023],[-78.165894,39.103807],[-78.165193,39.10457],[-78.165061,39.104756]]]},"properties":{"UNIQUE_ID":"Frederick County-:-404 - White Oak School","COUNTYFP":"069","locality":"Frederick County","precinct":"404 - White Oak School","dem24":805,"rep24":1217}},
{"type":"Feature","geometry":{"type":"Polygon","coordinates":[[[-78.205014,39.100418],[-78.208168,39.102015],[-78.212031,39.103372],[-78.21203,39.103374],[-78.212035,39.103376],[-78.212054,39.103382],[-78.211902,39.103814],[-78.212478,39.104034],[-78.212688,39.10362],[-78.215767,39.104686],[-78.217224,39.1052],[-78.218567,39.103017],[-78.223811,39.104753],[-78.226423,39.102871],[-78.226363,39.102786],[-78.226305,39.102616],[-78.2263,39.102502],[-78.226349,39.102326],[-78.228426,39.098642],[-78.231855,39.099593],[-78.237983,39.101246],[-78.241293,39.093957],[-78.24127,39.093958],[-78.235582,39.094046],[-78.234397,39.094056],[-78.232079,39.094088],[-78.22945,39.09034],[-78.229444,39.090332],[-78.229309,39.090141],[-78.231673,39.085026],[-78.231797,39.084943],[-78.232009,39.084721],[-78.232737,39.084143],[-78.233812,39.083056],[-78.234746,39.081969],[-78.235323,39.081185],[-78.235883,39.080309],[-78.236372,39.079408],[-78.236752,39.078577],[-78.238431,39.074066],[-78.238896,39.073062],[-78.239446,39.072083],[-78.239091,39.071903],[-78.237522,39.071225],[-78.23741,39.071178],[-78.236393,39.072845],[-78.233952,39.071737],[-78.232912,39.071217],[-78.232006,39.072266],[-78.230481,39.071334],[-78.226011,39.075173],[-78.226974,39.075653],[-78.226656,39.075932],[-78.225829,39.076653],[-78.224873,39.076162],[-78.224286,39.076705],[-78.223879,39.077124],[-78.224821,39.077632],[-78.224142,39.078365],[-78.224606,39.078598],[-78.222926,39.080333],[-78.221813,39.079508],[-78.221764,39.079468],[-78.22176,39.079432],[-78.221437,39.079235],[-78.221276,39.079044],[-78.221027,39.07882],[-78.220731,39.078605],[-78.220395,39.078279],[-78.220363,39.078303],[-78.220334,39.078472],[-78.219677,39.078903],[-78.219066,39.079385],[-78.216693,39.081791],[-78.216326,39.082022],[-78.216255,39.082066],[-78.215813,39.082529],[-78.214251,39.083537],[-78.213534,39.08415],[-78.212968,39.084796],[-78.210794,39.087488],[-78.210085,39.088619],[-78.209254,39.090003],[-78.20924,39.090157],[-78.208928,39.09068],[-78.209075,39.090782],[-78.208676,39.09114],[-78.207797,39.093109],[-78.207021,39.095088],[-78.205014,39.100418]]]},"properties":{"UNIQUE_ID":"Frederick County-:-501 - Stephens City","COUNTYFP":"069","locality":"Frederick County","precinct":"501 - Stephens City","dem24":500,"rep24":773}},
{"type":"Feature","geometry":{"type":"Polygon","coordinates":[[[-78.18608,39.097933],[-78.187826,39.098446],[-78.191141,39.099291],[-78.191646,39.099456],[-78.192006,39.099621],[-78.192211,39.099759],[-78.192481,39.100001],[-78.193064,39.100684],[-78.19335,39.101159],[-78.194066,39.102813],[-78.194217,39.103367],[-78.194454,39.104483],[-78.19456,39.104769],[-78.19489,39.105319],[-78.195085,39.105565],[-78.195322,39.105789],[-78.196779,39.106794],[-78.197069,39.107058],[-78.197478,39.107506],[-78.197634,39.107043],[-78.197788,39.106801],[-78.197958,39.10662],[-78.198197,39.106455],[-78.19843,39.106401],[-78.198676,39.106379],[-78.198972,39.106417],[-78.199184,39.106472],[-78.199881,39.106763],[-78.199994,39.106856],[-78.200121,39.107015],[-78.20024,39.10729],[-78.200339,39.107427],[-78.200889,39.107707],[-78.201383,39.107883],[-78.202082,39.106625],[-78.202845,39.105046],[-78.203163,39.104296],[-78.204689,39.100253],[-78.205014,39.100418],[-78.207021,39.095088],[-78.207797,39.093109],[-78.208676,39.09114],[-78.209075,39.090782],[-78.208928,39.09068],[-78.20924,39.090157],[-78.209254,39.090003],[-78.210085,39.088619],[-78.210794,39.087488],[-78.212968,39.084796],[-78.213534,39.08415],[-78.214251,39.083537],[-78.215813,39.082529],[-78.216255,39.082066],[-78.216326,39.082022],[-78.214561,39.081096],[-78.213894,39.080887],[-78.213437,39.080808],[-78.212605,39.080773],[-78.207492,39.080732],[-78.203372,39.080807],[-78.20235,39.080776],[-78.201811,39.080727],[-78.193353,39.079403],[-78.192958,39.080152],[-78.192778,39.080721],[-78.19263,39.080958],[-78.191818,39.081722],[-78.191394,39.082014],[-78.190377,39.082507],[-78.189845,39.08268],[-78.189074,39.08282],[-78.188597,39.082958],[-78.188169,39.083112],[-78.187484,39.083423],[-78.187655,39.083645],[-78.187694,39.083836],[-78.187682,39.083937],[-78.187773,39.083873],[-78.187905,39.08385],[-78.188499,39.083932],[-78.188951,39.084023],[-78.194797,39.085586],[-78.194967,39.085655],[-78.19534,39.085878],[-78.19706,39.08714],[-78.196155,39.087896],[-78.195915,39.088163],[-78.195819,39.088308],[-78.195742,39.088459],[-78.195643,39.088773],[-78.195629,39.089225],[-78.195723,39.08957],[-78.195829,39.089768],[-78.196074,39.090099],[-78.195746,39.090284],[-78.195589,39.090404],[-78.195381,39.090619],[-78.194727,39.091513],[-78.194604,39.091706],[-78.194371,39.09218],[-78.194336,39.092426],[-78.194401,39.092707],[-78.19453,39.092889],[-78.194899,39.093237],[-78.194979,39.093385],[-78.195,39.093538],[-78.19476,39.093563],[-78.194603,39.093606],[-78.193915,39.093899],[-78.187101,39.097072],[-78.186554,39.097408],[-78.186287,39.097662],[-78.18608,39.097933]]]},"properties":{"UNIQUE_ID":"Frederick County-:-502 - Bass-Hoover","COUNTYFP":"069","locality":"Frederick County","precinct":"502 - Bass-Hoover","dem24":651,"rep24":1141}},
{"type":"Feature","geometry":{"type":"Polygon","coordinates":[[[-78.168709,39.017664],[-78.168708,39.017659],[-78.168283,39.017671],[-78.163948,39.017961],[-78.163936,39.017985],[-78.162885,39.020099],[-78.162427,39.021708],[-78.162157,39.02211],[-78.161911,39.022362],[-78.161375,39.02307],[-78.15616,39.029627],[-78.153994,39.031297],[-78.153637,39.031634],[-78.153183,39.033995],[-78.151743,39.036502],[-78.15162,39.036632],[-78.151652,39.036782],[-78.1424,39.061063],[-78.142152,39.061555],[-78.142112,39.061635],[-78.14204,39.061817],[-78.142073,39.061735],[-78.143399,39.062639],[-78.144021,39.06297],[-78.144341,39.063114],[-78.145029,39.063372],[-78.150576,39.06527],[-78.1512,39.065532],[-78.151747,39.065829],[-78.153443,39.066936],[-78.15442,39.067611],[-78.154867,39.067962],[-78.155665,39.068708],[-78.15816,39.071337],[-78.158731,39.071863],[-78.159155,39.072174],[-78.159566,39.072432],[-78.16008,39.072699],[-78.160756,39.072977],[-78.164832,39.074439],[-78.165335,39.074587],[-78.165991,39.074739],[-78.166645,39.074831],[-78.167256,39.074869],[-78.172667,39.074923],[-78.173513,39.07498],[-78.174044,39.075057],[-78.174566,39.075167],[-78.178922,39.076243],[-78.187966,39.07849],[-78.189631,39.078809],[-78.193353,39.079403],[-78.201811,39.080727],[-78.20235,39.080776],[-78.203372,39.080807],[-78.202982,39.075362],[-78.203098,39.074328],[-78.203113,39.073671],[-78.202847,39.07192],[-78.202706,39.070545],[-78.2025,39.069746],[-78.202271,39.069159],[-78.202049,39.068708],[-78.201581,39.067879],[-78.200998,39.066484],[-78.200693,39.065992],[-78.199869,39.064909],[-78.198465,39.062974],[-78.197742,39.062073],[-78.197374,39.061666],[-78.19637,39.060672],[-78.19611,39.060444],[-78.193289,39.058233],[-78.192388,39.057477],[-78.192022,39.057113],[-78.186757,39.050789],[-78.185654,39.04889],[-78.184329,39.0471],[-78.183917,39.046473],[-78.183538,39.046004],[-78.183427,39.045776],[-78.183394,39.045621],[-78.183356,39.043863],[-78.183238,39.043272],[-78.183162,39.043059],[-78.182947,39.042773],[-78.18172,39.041686],[-78.180873,39.040767],[-78.180561,39.040319],[-78.180341,39.039746],[-78.180225,39.039275],[-78.180192,39.039028],[-78.180229,39.038511],[-78.180367,39.038219],[-78.180985,39.037594],[-78.181084,39.037333],[-78.181054,39.037079],[-78.180813,39.036283],[-78.180681,39.035936],[-78.180477,39.035538],[-78.179675,39.034148],[-78.179447,39.033895],[-78.178861,39.033521],[-78.178698,39.033295],[-78.178629,39.033126],[-78.17855,39.032777],[-78.178597,39.031948],[-78.178484,39.03157],[-78.178352,39.031371],[-78.178085,39.03113],[-78.176353,39.029994],[-78.176016,39.029793],[-78.17548,39.029524],[-78.173794,39.028783],[-78.173424,39.028559],[-78.173127,39.028268],[-78.172997,39.02803],[-78.172938,39.027776],[-78.172954,39.027301],[-78.173099,39.026232],[-78.173057,39.025805],[-78.172894,39.025323],[-78.172504,39.024531],[-78.172214,39.023707],[-78.172049,39.023409],[-78.171724,39.023079],[-78.17154,39.022928],[-78.170987,39.022586],[-78.170526,39.022399],[-78.169157,39.021947],[-78.168948,39.021842],[-78.168833,39.021762],[-78.168724,39.021645],[-78.168569,39.021414],[-78.168488,39.021237],[-78.168362,39.020743],[-78.168361,39.020409],[-78.168737,39.018002],[-78.168709,39.017664]]]},"properties":{"UNIQUE_ID":"Frederick County-:-503 - Canterburg","COUNTYFP":"069","locality":"Frederick County","precinct":"503 - Canterburg","dem24":1222,"rep24":1521}},
{"type":"Feature","geometry":{"type":"Polygon","coordinates":[[[-78.234479,39.013222],[-78.220233,39.014183],[-78.213012,39.01481],[-78.207907,39.015209],[-78.20422,39.015531],[-78.202358,39.015578],[-78.199583,39.015647],[-78.187478,39.016507],[-78.185856,39.016605],[-78.185878,39.016816],[-78.185671,39.017426],[-78.185572,39.01769],[-78.185377,39.017999],[-78.185313,39.018178],[-78.18559,39.018345],[-78.186237,39.018563],[-78.186324,39.01862],[-78.186137,39.019146],[-78.18563,39.020119],[-78.183645,39.019429],[-78.183229,39.019365],[-78.179963,39.018174],[-78.177139,39.017179],[-78.177149,39.017152],[-78.170646,39.017548],[-78.16898,39.017646],[-78.168708,39.017659],[-78.168709,39.017664],[-78.168737,39.018002],[-78.168361,39.020409],[-78.168362,39.020743],[-78.168488,39.021237],[-78.168569,39.021414],[-78.168724,39.021645],[-78.168833,39.021762],[-78.168948,39.021842],[-78.169157,39.021947],[-78.170526,39.022399],[-78.170987,39.022586],[-78.17154,39.022928],[-78.171724,39.023079],[-78.172049,39.023409],[-78.172214,39.023707],[-78.172504,39.024531],[-78.172894,39.025323],[-78.173057,39.025805],[-78.173099,39.026232],[-78.172954,39.027301],[-78.172938,39.027776],[-78.172997,39.02803],[-78.173127,39.028268],[-78.173424,39.028559],[-78.173794,39.028783],[-78.17548,39.029524],[-78.176016,39.029793],[-78.176353,39.029994],[-78.178085,39.03113],[-78.178352,39.031371],[-78.178484,39.03157],[-78.178597,39.031948],[-78.17855,39.032777],[-78.178629,39.033126],[-78.178698,39.033295],[-78.178861,39.033521],[-78.179447,39.033895],[-78.179675,39.034148],[-78.180477,39.035538],[-78.180681,39.035936],[-78.180813,39.036283],[-78.181054,39.037079],[-78.181084,39.037333],[-78.180985,39.037594],[-78.180367,39.038219],[-78.180229,39.038511],[-78.180192,39.039028],[-78.180225,39.039275],[-78.180341,39.039746],[-78.180561,39.040319],[-78.180873,39.040767],[-78.18172,39.041686],[-78.182947,39.042773],[-78.183162,39.043059],[-78.183238,39.043272],[-78.183356,39.043863],[-78.183394,39.045621],[-78.183427,39.045776],[-78.183538,39.046004],[-78.183917,39.046473],[-78.184329,39.0471],[-78.185654,39.04889],[-78.186757,39.050789],[-78.192022,39.057113],[-78.192388,39.057477],[-78.193289,39.058233],[-78.19611,39.060444],[-78.19637,39.060672],[-78.197374,39.061666],[-78.197742,39.062073],[-78.198465,39.062974],[-78.199869,39.064909],[-78.200693,39.065992],[-78.200998,39.066484],[-78.201581,39.067879],[-78.202049,39.068708],[-78.202271,39.069159],[-78.2025,39.069746],[-78.202706,39.070545],[-78.202847,39.07192],[-78.203113,39.073671],[-78.203098,39.074328],[-78.202982,39.075362],[-78.203372,39.080807],[-78.207492,39.080732],[-78.212605,39.080773],[-78.213437,39.080808],[-78.213894,39.080887],[-78.214561,39.081096],[-78.216326,39.082022],[-78.216693,39.081791],[-78.219066,39.079385],[-78.219677,39.078903],[-78.220334,39.078472],[-78.220363,39.078303],[-78.220395,39.078279],[-78.220731,39.078605],[-78.221027,39.07882],[-78.221276,39.079044],[-78.221437,39.079235],[-78.22176,39.079432],[-78.221764,39.079468],[-78.221813,39.079508],[-78.222926,39.080333],[-78.224606,39.078598],[-78.224142,39.078365],[-78.224821,39.077632],[-78.223879,39.077124],[-78.224286,39.076705],[-78.224873,39.076162],[-78.225829,39.076653],[-78.226656,39.075932],[-78.226974,39.075653],[-78.226011,39.075173],[-78.230481,39.071334],[-78.232006,39.072266],[-78.232912,39.071217],[-78.233952,39.071737],[-78.236393,39.072845],[-78.23741,39.071178],[-78.237522,39.071225],[-78.237307,39.071107],[-78.233789,39.06958],[-78.232888,39.069159],[-78.235084,39.067286],[-78.239062,39.064123],[-78.235379,39.061748],[-78.24399,39.051328],[-78.244473,39.050774],[-78.245349,39.049867],[-78.246722,39.048603],[-78.269481,39.028405],[-78.270883,39.0272],[-78.271981,39.026365],[-78.27295,39.025694],[-78.274273,39.024888],[-78.283332,39.019948],[-78.28541,39.018941],[-78.292755,39.015815],[-78.293731,39.015358],[-78.294652,39.014864],[-78.295829,39.014144],[-78.296707,39.013549],[-78.297268,39.013118],[-78.298006,39.012492],[-78.301273,39.009432],[-78.301901,39.008907],[-78.249497,39.012207],[-78.234479,39.013222]]]},"properties":{"UNIQUE_ID":"Frederick County-:-504 - Vaucluse Spring","COUNTYFP":"069","locality":"Frederick County","precinct":"504 - Vaucluse Spring","dem24":780,"rep24":1453}},
{"type":"Feature","geometry":{"type":"Polygon","coordinates":[[[-78.178922,39.076243],[-78.17722,39.078363],[-78.176095,39.079712],[-78.175969,39.079791],[-78.175854,39.079813],[-78.17571,39.079791],[-78.175466,39.079706],[-78.175314,39.079706],[-78.175153,39.079762],[-78.174581,39.080204],[-78.173823,39.080701],[-78.173465,39.081022],[-78.167702,39.088144],[-78.164453,39.092234],[-78.16427,39.092727],[-78.168712,39.093293],[-78.169472,39.093373],[-78.17017,39.093352],[-78.171112,39.093174],[-78.171703,39.093091],[-78.172256,39.093067],[-78.172897,39.093105],[-78.17503,39.093329],[-78.175408,39.093398],[-78.17714,39.093814],[-78.177305,39.093634],[-78.177356,39.093679],[-78.177788,39.093139],[-78.178168,39.092833],[-78.178734,39.09252],[-78.178901,39.092404],[-78.181422,39.090176],[-78.181421,39.090078],[-78.182959,39.08878],[-78.183472,39.088204],[-78.18677,39.084006],[-78.187025,39.083738],[-78.187484,39.083423],[-78.188169,39.083112],[-78.188597,39.082958],[-78.189074,39.08282],[-78.189845,39.08268],[-78.190377,39.082507],[-78.191394,39.082014],[-78.191818,39.081722],[-78.19263,39.080958],[-78.192778,39.080721],[-78.192958,39.080152],[-78.193353,39.079403],[-78.189631,39.078809],[-78.187966,39.07849],[-78.178922,39.076243]]]},"properties":{"UNIQUE_ID":"Frederick County-:-505 - Aylor","COUNTYFP":"069","locality":"Frederick County","precinct":"505 - Aylor","dem24":496,"rep24":766}},
{"type":"Feature","geometry":{"type":"Polygon","coordinates":[[[-78.109288,39.187522],[-78.111199,39.188184],[-78.111813,39.188342],[-78.112266,39.188429],[-78.113206,39.18853],[-78.113619,39.188542],[-78.114448,39.188512],[-78.115207,39.188415],[-78.11572,39.188308],[-78.116408,39.188109],[-78.117562,39.187715],[-78.118235,39.187547],[-78.119749,39.1873],[-78.120459,39.187205],[-78.121407,39.187126],[-78.126779,39.186859],[-78.12741,39.186793],[-78.12811,39.186678],[-78.128695,39.186542],[-78.129453,39.18631],[-78.132732,39.185117],[-78.133322,39.184964],[-78.133726,39.184886],[-78.13449,39.184795],[-78.134438,39.184548],[-78.134218,39.184131],[-78.134015,39.183846],[-78.133899,39.183728],[-78.133736,39.183594],[-78.133408,39.183399],[-78.132908,39.183232],[-78.129514,39.182679],[-78.127168,39.182197],[-78.123589,39.181425],[-78.11941,39.180579],[-78.11899,39.180542],[-78.118611,39.180568],[-78.118102,39.180642],[-78.117647,39.180662],[-78.116962,39.180611],[-78.115964,39.180463],[-78.116081,39.179738],[-78.116205,39.179456],[-78.116398,39.179163],[-78.116774,39.178737],[-78.117003,39.178378],[-78.117129,39.178105],[-78.117246,39.17772],[-78.117332,39.176898],[-78.117382,39.176736],[-78.116631,39.176553],[-78.11607,39.176354],[-78.114101,39.175492],[-78.113712,39.175297],[-78.113566,39.175196],[-78.113424,39.175038],[-78.113299,39.174803],[-78.113178,39.174422],[-78.11305,39.174139],[-78.112971,39.174035],[-78.112746,39.173839],[-78.109392,39.172052],[-78.106555,39.174379],[-78.106456,39.174485],[-78.106362,39.174677],[-78.106321,39.175019],[-78.106093,39.175004],[-78.105485,39.174855],[-78.105212,39.174811],[-78.104825,39.174792],[-78.101984,39.174045],[-78.101657,39.173977],[-78.101165,39.173939],[-78.101223,39.175202],[-78.1013,39.175583],[-78.101526,39.176065],[-78.102307,39.17722],[-78.102153,39.177283],[-78.102013,39.177321],[-78.101743,39.177326],[-78.101086,39.177125],[-78.100595,39.177037],[-78.100318,39.177012],[-78.099346,39.176984],[-78.0986,39.177002],[-78.098151,39.177044],[-78.097964,39.177086],[-78.096886,39.177537],[-78.096271,39.177687],[-78.095711,39.17777],[-78.094618,39.177812],[-78.094221,39.177808],[-78.09253,39.17762],[-78.092007,39.177605],[-78.091703,39.177612],[-78.09094,39.17768],[-78.089717,39.177828],[-78.088794,39.178046],[-78.087072,39.178559],[-78.086338,39.178734],[-78.085632,39.179038],[-78.085377,39.179192],[-78.084984,39.17961],[-78.084754,39.180179],[-78.084426,39.180569],[-78.084229,39.180727],[-78.083975,39.180843],[-78.083641,39.180923],[-78.083503,39.180935],[-78.082772,39.18091],[-78.082548,39.180936],[-78.082444,39.181001],[-78.082232,39.181273],[-78.082808,39.181465],[-78.083291,39.181672],[-78.08387,39.181978],[-78.086336,39.183427],[-78.087064,39.183794],[-78.087591,39.184004],[-78.088107,39.184165],[-78.089638,39.184568],[-78.090479,39.184747],[-78.091219,39.184845],[-78.09447,39.184926],[-78.095994,39.185036],[-78.097086,39.185169],[-78.10662,39.186899],[-78.108085,39.187192],[-78.109288,39.187522]]]},"properties":{"UNIQUE_ID":"Frederick County-:-601 - Millbrook","COUNTYFP":"069","locality":"Frederick County","precinct":"601 - Millbrook","dem24":757,"rep24":1254}},
{"type":"Feature","geometry":{"type":"Polygon","coordinates":[[[-78.122225,39.16741],[-78.122231,39.167418],[-78.12229,39.167526],[-78.122688,39.170331],[-78.122676,39.170629],[-78.122554,39.170993],[-78.122383,39.171258],[-78.121518,39.172259],[-78.117689,39.176228],[-78.117496,39.17648],[-78.117382,39.176736],[-78.117332,39.176898],[-78.117246,39.17772],[-78.117129,39.178105],[-78.117003,39.178378],[-78.116774,39.178737],[-78.116398,39.179163],[-78.116205,39.179456],[-78.116081,39.179738],[-78.115964,39.180463],[-78.116962,39.180611],[-78.117647,39.180662],[-78.118102,39.180642],[-78.118611,39.180568],[-78.11899,39.180542],[-78.11941,39.180579],[-78.123589,39.181425],[-78.127168,39.182197],[-78.129514,39.182679],[-78.132908,39.183232],[-78.133408,39.183399],[-78.133736,39.183594],[-78.133899,39.183728],[-78.134015,39.183846],[-78.134218,39.184131],[-78.134438,39.184548],[-78.13449,39.184795],[-78.135055,39.184773],[-78.136216,39.184801],[-78.137382,39.184885],[-78.137606,39.184895],[-78.136725,39.184371],[-78.139283,39.182964],[-78.140615,39.181587],[-78.14091,39.181432],[-78.142554,39.180114],[-78.142591,39.180116],[-78.147491,39.176481],[-78.148153,39.175962],[-78.148035,39.175901],[-78.146483,39.175076],[-78.145752,39.174632],[-78.143927,39.173614],[-78.142423,39.17269],[-78.142141,39.172465],[-78.141948,39.172242],[-78.141828,39.172055],[-78.141683,39.171719],[-78.141608,39.171489],[-78.141518,39.171213],[-78.141373,39.170851],[-78.141084,39.170448],[-78.140772,39.170202],[-78.140458,39.170038],[-78.140286,39.169974],[-78.139894,39.169879],[-78.139001,39.169734],[-78.138162,39.169563],[-78.130567,39.167606],[-78.130053,39.167549],[-78.122792,39.167451],[-78.122429,39.167439],[-78.122225,39.16741]]]},"properties":{"UNIQUE_ID":"Frederick County-:-602 - Ash Hollow","COUNTYFP":"069","locality":"Frederick County","precinct":"602 - Ash Hollow","dem24":906,"rep24":1206}},
{"type":"Feature","geometry":{"type":"Polygon","coordinates":[[[-78.122225,39.16741],[-78.122224,39.16741],[-78.118208,39.166546],[-78.115489,39.165836],[-78.114007,39.165585],[-78.109165,39.164491],[-78.106531,39.164005],[-78.104576,39.163589],[-78.102806,39.163197],[-78.100489,39.162608],[-78.099092,39.162287],[-78.091785,39.160667],[-78.09001,39.160314],[-78.086864,39.159642],[-78.086223,39.159419],[-78.085741,39.159146],[-78.085467,39.15894],[-78.0851,39.158544],[-78.085038,39.15846],[-78.084982,39.158452],[-78.08476,39.158416],[-78.084274,39.158431],[-78.083306,39.158326],[-78.082653,39.158174],[-78.082374,39.158194],[-78.082281,39.158263],[-78.082221,39.158277],[-78.082083,39.158354],[-78.082023,39.158437],[-78.082004,39.158703],[-78.081925,39.158833],[-78.081884,39.159175],[-78.081912,39.159247],[-78.081923,39.159275],[-78.081923,39.159276],[-78.08201,39.159397],[-78.08227,39.159588],[-78.082476,39.159872],[-78.082701,39.160047],[-78.08301,39.160209],[-78.083625,39.160606],[-78.084016,39.160669],[-78.085191,39.160627],[-78.085476,39.160713],[-78.086008,39.161452],[-78.086442,39.161945],[-78.086468,39.162028],[-78.08655,39.16229],[-78.086541,39.162537],[-78.086716,39.162786],[-78.086891,39.163116],[-78.086987,39.16353],[-78.087016,39.163899],[-78.08693,39.164153],[-78.086274,39.164643],[-78.086125,39.164883],[-78.08584,39.165065],[-78.084428,39.165624],[-78.083155,39.166187],[-78.082703,39.166202],[-78.082091,39.16589],[-78.081397,39.165872],[-78.081167,39.165955],[-78.080803,39.16602],[-78.080073,39.166001],[-78.079849,39.166146],[-78.079692,39.166175],[-78.079586,39.166256],[-78.079465,39.166461],[-78.079183,39.16652],[-78.078921,39.166711],[-78.07872,39.166805],[-78.078565,39.167059],[-78.078504,39.167231],[-78.078504,39.167565],[-78.078656,39.167897],[-78.079241,39.168436],[-78.080003,39.169052],[-78.080235,39.169192],[-78.080823,39.169453],[-78.081033,39.169611],[-78.081131,39.169758],[-78.081209,39.169951],[-78.081297,39.170281],[-78.081298,39.170283],[-78.08144,39.170646],[-78.08153,39.170815],[-78.081625,39.170992],[-78.081636,39.171011],[-78.081779,39.171252],[-78.08189,39.171555],[-78.081852,39.17173],[-78.081849,39.171738],[-78.081848,39.171755],[-78.081844,39.171856],[-78.081795,39.171881],[-78.081596,39.171985],[-78.080867,39.171967],[-78.08076,39.172045],[-78.08053,39.172604],[-78.08056,39.173527],[-78.080513,39.173579],[-78.080342,39.173765],[-78.079823,39.174137],[-78.078225,39.174576],[-78.076337,39.17488],[-78.076055,39.174981],[-78.076004,39.175018],[-78.075876,39.175112],[-78.075371,39.175502],[-78.075233,39.17561],[-78.074692,39.176028],[-78.07361,39.177182],[-78.073602,39.17719],[-78.073597,39.177198],[-78.073227,39.177735],[-78.073079,39.177951],[-78.073001,39.178085],[-78.072954,39.178411],[-78.072959,39.178412],[-78.073349,39.178457],[-78.07832,39.180384],[-78.07943,39.180699],[-78.081614,39.18111],[-78.082232,39.181273],[-78.082444,39.181001],[-78.082548,39.180936],[-78.082772,39.18091],[-78.083503,39.180935],[-78.083641,39.180923],[-78.083975,39.180843],[-78.084229,39.180727],[-78.084426,39.180569],[-78.084754,39.180179],[-78.084984,39.17961],[-78.085377,39.179192],[-78.085632,39.179038],[-78.086338,39.178734],[-78.087072,39.178559],[-78.088794,39.178046],[-78.089717,39.177828],[-78.09094,39.17768],[-78.091703,39.177612],[-78.092007,39.177605],[-78.09253,39.17762],[-78.094221,39.177808],[-78.094618,39.177812],[-78.095711,39.17777],[-78.096271,39.177687],[-78.096886,39.177537],[-78.097964,39.177086],[-78.098151,39.177044],[-78.0986,39.177002],[-78.099346,39.176984],[-78.100318,39.177012],[-78.100595,39.177037],[-78.101086,39.177125],[-78.101743,39.177326],[-78.102013,39.177321],[-78.102153,39.177283],[-78.102307,39.17722],[-78.101526,39.176065],[-78.1013,39.175583],[-78.101223,39.175202],[-78.101165,39.173939],[-78.101657,39.173977],[-78.101984,39.174045],[-78.104825,39.174792],[-78.105212,39.174811],[-78.105485,39.174855],[-78.106093,39.175004],[-78.106321,39.175019],[-78.106362,39.174677],[-78.106456,39.174485],[-78.106555,39.174379],[-78.109392,39.172052],[-78.112746,39.173839],[-78.112971,39.174035],[-78.11305,39.174139],[-78.113178,39.174422],[-78.113299,39.174803],[-78.113424,39.175038],[-78.113566,39.175196],[-78.113712,39.175297],[-78.114101,39.175492],[-78.11607,39.176354],[-78.116631,39.176553],[-78.117382,39.176736],[-78.117496,39.17648],[-78.117689,39.176228],[-78.121518,39.172259],[-78.122383,39.171258],[-78.122554,39.170993],[-78.122676,39.170629],[-78.122688,39.170331],[-78.12229,39.167526],[-78.122231,39.167418],[-78.122225,39.16741]]]},"properties":{"UNIQUE_ID":"Frederick County-:-603 - Greenwood","COUNTYFP":"069","locality":"Frederick County","precinct":"603 - Greenwood","dem24":1136,"rep24":1521}},
{"type":"Feature","geometry":{"type":"Polygon","coordinates":[[[-78.090238,39.147638],[-78.090082,39.147644],[-78.089783,39.147863],[-78.089447,39.148318],[-78.089268,39.148448],[-78.089128,39.148472],[-78.08905,39.148528],[-78.088698,39.148785],[-78.088666,39.148815],[-78.088554,39.148917],[-78.088441,39.14913],[-78.08842,39.149643],[-78.088333,39.150074],[-78.088459,39.150374],[-78.088794,39.15068],[-78.088722,39.15157],[-78.088674,39.151605],[-78.088579,39.151674],[-78.088229,39.151747],[-78.087328,39.151724],[-78.087191,39.151667],[-78.086672,39.151627],[-78.085943,39.151635],[-78.08564,39.151834],[-78.085499,39.151975],[-78.085391,39.152273],[-78.085248,39.152483],[-78.085148,39.152708],[-78.085197,39.152821],[-78.085656,39.153353],[-78.085972,39.153644],[-78.086274,39.153874],[-78.086703,39.154084],[-78.087073,39.154151],[-78.08727,39.154266],[-78.087291,39.154302],[-78.087273,39.154904],[-78.087311,39.155039],[-78.087806,39.155419],[-78.088193,39.15565],[-78.0886,39.155954],[-78.088789,39.156118],[-78.088841,39.15628],[-78.088839,39.156329],[-78.088765,39.156435],[-78.088407,39.156697],[-78.088402,39.156822],[-78.088376,39.156853],[-78.088386,39.156934],[-78.088424,39.157066],[-78.088455,39.157201],[-78.088441,39.157551],[-78.088303,39.15791],[-78.088103,39.158176],[-78.087924,39.158306],[-78.087416,39.158494],[-78.087259,39.158531],[-78.087128,39.158706],[-78.087065,39.158933],[-78.086957,39.159012],[-78.08661,39.15903],[-78.086507,39.159001],[-78.086235,39.158859],[-78.085798,39.158496],[-78.085174,39.158481],[-78.085038,39.15846],[-78.0851,39.158544],[-78.085467,39.15894],[-78.085741,39.159146],[-78.086223,39.159419],[-78.086864,39.159642],[-78.09001,39.160314],[-78.091785,39.160667],[-78.099092,39.162287],[-78.100489,39.162608],[-78.102806,39.163197],[-78.104576,39.163589],[-78.106531,39.164005],[-78.109165,39.164491],[-78.114007,39.165585],[-78.115489,39.165836],[-78.118208,39.166546],[-78.122224,39.16741],[-78.122225,39.16741],[-78.122198,39.167341],[-78.12161,39.159745],[-78.1213,39.153128],[-78.121222,39.15303],[-78.12117,39.152997],[-78.121043,39.152959],[-78.119873,39.152972],[-78.11963,39.152911],[-78.119531,39.152862],[-78.119278,39.152667],[-78.118955,39.152276],[-78.118523,39.151587],[-78.118391,39.15126],[-78.118345,39.150952],[-78.118295,39.150229],[-78.118219,39.15006],[-78.118086,39.149937],[-78.117915,39.149847],[-78.117091,39.149532],[-78.116952,39.149429],[-78.116891,39.149334],[-78.116508,39.149329],[-78.115698,39.149262],[-78.114463,39.149116],[-78.112696,39.148807],[-78.108477,39.148481],[-78.107604,39.148391],[-78.106968,39.148317],[-78.106728,39.148302],[-78.106207,39.148291],[-78.105022,39.148292],[-78.10273,39.148361],[-78.102461,39.148347],[-78.101769,39.148254],[-78.101221,39.148209],[-78.100428,39.148175],[-78.09917,39.148047],[-78.098317,39.14801],[-78.0978,39.148034],[-78.097539,39.148085],[-78.096878,39.148259],[-78.09645,39.148385],[-78.096066,39.148462],[-78.09559,39.148481],[-78.094603,39.148426],[-78.091787,39.148187],[-78.09132,39.148122],[-78.090948,39.148021],[-78.090725,39.147927],[-78.090238,39.147638]]]},"properties":{"UNIQUE_ID":"Frederick County-:-604 - Carpers Valley","COUNTYFP":"069","locality":"Frederick County","precinct":"604 - Carpers Valley","dem24":216,"rep24":459}},
{"type":"Feature","geometry":{"type":"Polygon","coordinates":[[[-78.116891,39.149334],[-78.118077,39.149338],[-78.120926,39.149427],[-78.123359,39.149564],[-78.123999,39.149642],[-78.124887,39.149785],[-78.12701,39.150165],[-78.127739,39.150252],[-78.128228,39.150279],[-78.130032,39.150343],[-78.130394,39.150329],[-78.130613,39.150289],[-78.131013,39.150163],[-78.131322,39.149986],[-78.130886,39.149678],[-78.130954,39.149393],[-78.130697,39.149174],[-78.130214,39.148681],[-78.12975,39.148048],[-78.128098,39.144941],[-78.127603,39.144199],[-78.127255,39.143776],[-78.128945,39.142459],[-78.133802,39.138547],[-78.134011,39.138251],[-78.134181,39.137631],[-78.134181,39.137325],[-78.134002,39.136497],[-78.134012,39.136179],[-78.134046,39.13602],[-78.134177,39.135692],[-78.13431,39.135469],[-78.134568,39.135126],[-78.133944,39.134847],[-78.132539,39.134141],[-78.131872,39.133731],[-78.131129,39.133199],[-78.129988,39.132159],[-78.128634,39.130866],[-78.128328,39.13047],[-78.127255,39.12829],[-78.126902,39.127821],[-78.126342,39.12716],[-78.125786,39.126569],[-78.125773,39.126394],[-78.125857,39.126285],[-78.125984,39.126222],[-78.126452,39.126147],[-78.126618,39.126064],[-78.126693,39.125992],[-78.126768,39.12585],[-78.126939,39.125248],[-78.127119,39.124881],[-78.127287,39.124665],[-78.127735,39.124257],[-78.128233,39.12385],[-78.128349,39.123678],[-78.128555,39.123251],[-78.128919,39.122768],[-78.12897,39.122673],[-78.129015,39.122472],[-78.128994,39.122307],[-78.128666,39.121521],[-78.128449,39.120911],[-78.127323,39.118413],[-78.126631,39.116537],[-78.126495,39.116277],[-78.126361,39.11609],[-78.126088,39.115802],[-78.125207,39.115117],[-78.124795,39.114838],[-78.124367,39.114617],[-78.123389,39.114194],[-78.122816,39.114077],[-78.122425,39.113968],[-78.122158,39.113851],[-78.12144,39.11347],[-78.120886,39.113271],[-78.120639,39.113142],[-78.119988,39.112659],[-78.119171,39.112217],[-78.118855,39.112108],[-78.118487,39.112072],[-78.117839,39.112155],[-78.117365,39.112246],[-78.117209,39.111558],[-78.116866,39.110437],[-78.116549,39.109638],[-78.11606,39.108534],[-78.112553,39.10064],[-78.112359,39.100248],[-78.112129,39.099862],[-78.11193,39.099582],[-78.111558,39.09915],[-78.111047,39.098668],[-78.110791,39.098467],[-78.110045,39.097977],[-78.108784,39.097325],[-78.108436,39.097922],[-78.107931,39.098228],[-78.107814,39.098447],[-78.107717,39.098553],[-78.107647,39.098711],[-78.107579,39.098779],[-78.107522,39.098892],[-78.107531,39.098971],[-78.107318,39.099514],[-78.107281,39.099793],[-78.107316,39.09986],[-78.107301,39.100023],[-78.107255,39.100097],[-78.107113,39.100212],[-78.107056,39.100312],[-78.1071,39.100596],[-78.107146,39.1007],[-78.107251,39.100827],[-78.107657,39.10117],[-78.108586,39.101547],[-78.10899,39.101761],[-78.109855,39.102045],[-78.110572,39.102229],[-78.110605,39.102161],[-78.110659,39.102164],[-78.111144,39.102298],[-78.111354,39.102394],[-78.111337,39.10248],[-78.111536,39.102701],[-78.111528,39.10289],[-78.111478,39.10295],[-78.111372,39.102966],[-78.111322,39.103081],[-78.111205,39.103217],[-78.111194,39.103297],[-78.111055,39.103565],[-78.111041,39.103687],[-78.110877,39.103944],[-78.110813,39.104101],[-78.11057,39.104247],[-78.110574,39.104206],[-78.110544,39.104178],[-78.110303,39.104022],[-78.110061,39.103989],[-78.109743,39.104143],[-78.10957,39.104139],[-78.109393,39.104216],[-78.109081,39.104208],[-78.108705,39.104091],[-78.107285,39.104028],[-78.107188,39.104067],[-78.107105,39.104144],[-78.106865,39.104221],[-78.106641,39.104261],[-78.106545,39.104307],[-78.106429,39.104283],[-78.105957,39.104266],[-78.105561,39.104309],[-78.105433,39.104361],[-78.105311,39.104343],[-78.105156,39.104354],[-78.104388,39.10447],[-78.103691,39.104692],[-78.103312,39.105035],[-78.10314,39.105137],[-78.102923,39.105226],[-78.10283,39.105242],[-78.102621,39.105449],[-78.102283,39.105699],[-78.102031,39.106091],[-78.101984,39.10625],[-78.102147,39.106842],[-78.102238,39.106926],[-78.102485,39.107044],[-78.102611,39.107181],[-78.102604,39.107612],[-78.102642,39.107673],[-78.102688,39.107694],[-78.10316,39.107706],[-78.10353,39.107775],[-78.104337,39.108402],[-78.104459,39.108612],[-78.10445,39.108975],[-78.104478,39.109081],[-78.104768,39.109386],[-78.104967,39.109737],[-78.105043,39.110141],[-78.105041,39.110403],[-78.104914,39.110689],[-78.10468,39.110882],[-78.10447,39.110931],[-78.104114,39.111166],[-78.104033,39.111434],[-78.103666,39.111938],[-78.103619,39.112234],[-78.103545,39.112341],[-78.103556,39.112909],[-78.104073,39.11384],[-78.103914,39.115483],[-78.104097,39.115814],[-78.104331,39.116009],[-78.10457,39.116123],[-78.104914,39.116185],[-78.105596,39.116473],[-78.105906,39.116534],[-78.106825,39.116963],[-78.107509,39.117196],[-78.107644,39.117307],[-78.107802,39.117663],[-78.108101,39.117994],[-78.108126,39.118238],[-78.108287,39.118539],[-78.10828,39.118701],[-78.108312,39.118745],[-78.108289,39.11935],[-78.107749,39.119823],[-78.107553,39.120359],[-78.107053,39.120725],[-78.106705,39.120743],[-78.106534,39.120685],[-78.106013,39.120699],[-78.105601,39.120581],[-78.105532,39.120579],[-78.104953,39.120321],[-78.10402,39.120217],[-78.103642,39.120127],[-78.102914,39.120109],[-78.102599,39.120182],[-78.101772,39.120891],[-78.101721,39.121295],[-78.101882,39.121596],[-78.101878,39.121704],[-78.101977,39.121815],[-78.102134,39.122224],[-78.10267,39.122697],[-78.102682,39.122774],[-78.102727,39.122818],[-78.102754,39.123058],[-78.102814,39.123266],[-78.10304,39.123814],[-78.103034,39.123976],[-78.102812,39.124295],[-78.102308,39.124742],[-78.102031,39.12511],[-78.101987,39.125226],[-78.10179,39.125369],[-78.101562,39.125431],[-78.101075,39.125473],[-78.100967,39.125552],[-78.100927,39.125686],[-78.100711,39.125966],[-78.100767,39.126195],[-78.10076,39.126384],[-78.100575,39.12665],[-78.10007,39.127124],[-78.099975,39.127267],[-78.100116,39.127692],[-78.100056,39.128313],[-78.099964,39.128404],[-78.099557,39.128624],[-78.09934,39.128835],[-78.099199,39.12913],[-78.098866,39.129442],[-78.098731,39.129527],[-78.098339,39.129693],[-78.098226,39.1298],[-78.098045,39.130064],[-78.097549,39.130504],[-78.097357,39.130791],[-78.097159,39.130863],[-78.096107,39.131013],[-78.095818,39.131016],[-78.09535,39.130944],[-78.094968,39.130972],[-78.0948,39.131236],[-78.094568,39.131824],[-78.094562,39.131959],[-78.094628,39.132042],[-78.094615,39.132366],[-78.094543,39.132418],[-78.09454,39.132499],[-78.094486,39.132539],[-78.094156,39.133409],[-78.09425,39.133654],[-78.094481,39.13393],[-78.094952,39.134293],[-78.095049,39.134458],[-78.095035,39.134883],[-78.094968,39.134976],[-78.094248,39.13539],[-78.094241,39.135546],[-78.094372,39.135738],[-78.094338,39.136575],[-78.094154,39.136814],[-78.093449,39.137473],[-78.093075,39.137884],[-78.092843,39.138322],[-78.092831,39.138619],[-78.092932,39.138702],[-78.094053,39.139271],[-78.094467,39.139335],[-78.09474,39.13945],[-78.095245,39.139841],[-78.095377,39.140006],[-78.095368,39.140222],[-78.095344,39.140248],[-78.095381,39.140352],[-78.095377,39.14048],[-78.095317,39.140573],[-78.094902,39.14096],[-78.094817,39.141091],[-78.094784,39.141197],[-78.094699,39.141271],[-78.09454,39.141338],[-78.094022,39.14136],[-78.093838,39.141405],[-78.093506,39.141571],[-78.093251,39.141759],[-78.092874,39.14177],[-78.092602,39.141703],[-78.092437,39.141613],[-78.092335,39.141592],[-78.09224,39.141621],[-78.092158,39.141763],[-78.092034,39.141808],[-78.091809,39.141815],[-78.091196,39.142265],[-78.091093,39.142379],[-78.091015,39.142533],[-78.090915,39.142657],[-78.090472,39.143052],[-78.090046,39.143391],[-78.089846,39.143679],[-78.089791,39.144164],[-78.089837,39.144733],[-78.090202,39.145147],[-78.090262,39.145365],[-78.090732,39.145755],[-78.090863,39.145948],[-78.090845,39.146272],[-78.090668,39.146483],[-78.090654,39.146807],[-78.090767,39.147034],[-78.090595,39.1474],[-78.090273,39.147636],[-78.090238,39.147638],[-78.090725,39.147927],[-78.090948,39.148021],[-78.09132,39.148122],[-78.091787,39.148187],[-78.094603,39.148426],[-78.09559,39.148481],[-78.096066,39.148462],[-78.09645,39.148385],[-78.096878,39.148259],[-78.097539,39.148085],[-78.0978,39.148034],[-78.098317,39.14801],[-78.09917,39.148047],[-78.100428,39.148175],[-78.101221,39.148209],[-78.101769,39.148254],[-78.102461,39.148347],[-78.10273,39.148361],[-78.105022,39.148292],[-78.106207,39.148291],[-78.106728,39.148302],[-78.106968,39.148317],[-78.107604,39.148391],[-78.108477,39.148481],[-78.112696,39.148807],[-78.114463,39.149116],[-78.115698,39.149262],[-78.116508,39.149329],[-78.116891,39.149334]]]},"properties":{"UNIQUE_ID":"Frederick County-:-605 - Sulphur Spring","COUNTYFP":"069","locality":"Frederick County","precinct":"605 - Sulphur Spring","dem24":61,"rep24":160}},
{"type":"Feature","geometry":{"type":"Polygon","coordinates":[[[-78.796215,38.711499],[-78.794736,38.710468],[-78.79428,38.710178],[-78.7942,38.710127],[-78.791892,38.71142],[-78.79104,38.711915],[-78.790721,38.712142],[-78.785869,38.716084],[-78.785523,38.716406],[-78.785179,38.716868],[-78.783705,38.71959],[-78.782891,38.72057],[-78.782464,38.721035],[-78.781468,38.72175],[-78.780947,38.722314],[-78.780856,38.722485],[-78.78061,38.723196],[-78.780489,38.723416],[-78.779431,38.724956],[-78.778934,38.725808],[-78.778346,38.726921],[-78.777631,38.728149],[-78.776522,38.729813],[-78.775971,38.730583],[-78.775074,38.731671],[-78.772359,38.734795],[-78.771656,38.735507],[-78.770543,38.73655],[-78.769784,38.737207],[-78.769171,38.737665],[-78.765993,38.739729],[-78.765568,38.740064],[-78.763858,38.741599],[-78.763069,38.742477],[-78.762548,38.743217],[-78.762347,38.74343],[-78.762697,38.74386],[-78.763747,38.744807],[-78.763856,38.744982],[-78.763894,38.74512],[-78.763914,38.745397],[-78.763836,38.745607],[-78.76369,38.745808],[-78.760246,38.74936],[-78.75954,38.749984],[-78.758957,38.750354],[-78.757689,38.751099],[-78.754786,38.752594],[-78.754277,38.752897],[-78.753879,38.753183],[-78.752197,38.754757],[-78.749974,38.756993],[-78.748863,38.758222],[-78.748679,38.758521],[-78.748525,38.759066],[-78.748544,38.759454],[-78.748927,38.760584],[-78.74903,38.7611],[-78.749004,38.761647],[-78.748944,38.762019],[-78.748819,38.762413],[-78.748647,38.762842],[-78.74852,38.763084],[-78.747059,38.764867],[-78.74547,38.766141],[-78.745087,38.766575],[-78.744906,38.766923],[-78.744822,38.767181],[-78.74478,38.767515],[-78.74476,38.770152],[-78.745054,38.770169],[-78.745489,38.770136],[-78.74687,38.769899],[-78.7472,38.769795],[-78.747487,38.769635],[-78.747705,38.769701],[-78.748364,38.770156],[-78.748673,38.770321],[-78.74887,38.77048],[-78.748886,38.770521],[-78.748416,38.770661],[-78.748627,38.770941],[-78.749104,38.77186],[-78.749475,38.772161],[-78.749965,38.772465],[-78.751358,38.77314],[-78.7539,38.774582],[-78.754726,38.775016],[-78.755077,38.775166],[-78.755505,38.775241],[-78.755693,38.775302],[-78.756004,38.775458],[-78.756659,38.775851],[-78.757183,38.776095],[-78.757665,38.776245],[-78.759027,38.776538],[-78.75919,38.776588],[-78.759385,38.776694],[-78.759865,38.77712],[-78.760033,38.777232],[-78.760769,38.777587],[-78.762465,38.77857],[-78.762674,38.778762],[-78.762968,38.779156],[-78.763286,38.779515],[-78.763819,38.779984],[-78.764243,38.780285],[-78.76435,38.780514],[-78.764419,38.780953],[-78.764383,38.782006],[-78.764489,38.782735],[-78.764546,38.783383],[-78.764626,38.783583],[-78.7647,38.783688],[-78.765385,38.784468],[-78.7656,38.785065],[-78.76575,38.785792],[-78.765756,38.786177],[-78.76565,38.78762],[-78.764894,38.789121],[-78.764642,38.790151],[-78.764357,38.790844],[-78.764338,38.79113],[-78.764424,38.791486],[-78.764757,38.792089],[-78.764787,38.79223],[-78.764885,38.79358],[-78.764858,38.794369],[-78.764501,38.795893],[-78.76454,38.796307],[-78.764928,38.798652],[-78.765036,38.799159],[-78.765,38.79931],[-78.764781,38.799641],[-78.764534,38.799952],[-78.764361,38.800273],[-78.764358,38.800405],[-78.7644,38.800567],[-78.764499,38.800789],[-78.764223,38.800601],[-78.763998,38.800486],[-78.763297,38.800343],[-78.763184,38.800343],[-78.761725,38.800545],[-78.76136,38.800666],[-78.761163,38.800759],[-78.759899,38.801588],[-78.75971,38.801676],[-78.759555,38.801818],[-78.759492,38.801857],[-78.759366,38.801884],[-78.759015,38.801752],[-78.758756,38.801714],[-78.758531,38.801554],[-78.757935,38.801433],[-78.757409,38.801389],[-78.7571,38.8014],[-78.756707,38.801427],[-78.756033,38.801537],[-78.75571,38.801657],[-78.755205,38.801948],[-78.754425,38.802661],[-78.7538,38.803095],[-78.753526,38.803254],[-78.75168,38.803945],[-78.751266,38.80417],[-78.750887,38.804477],[-78.750346,38.804773],[-78.750143,38.804762],[-78.749743,38.804938],[-78.749635,38.805018],[-78.749116,38.805172],[-78.748695,38.805386],[-78.748485,38.805392],[-78.748246,38.80543],[-78.747867,38.805628],[-78.74772,38.805595],[-78.747474,38.805497],[-78.747313,38.805469],[-78.746962,38.805453],[-78.74652,38.805662],[-78.746337,38.805832],[-78.746288,38.805931],[-78.746303,38.806156],[-78.746155,38.8062],[-78.746113,38.806233],[-78.746071,38.806541],[-78.746022,38.806689],[-78.745721,38.806843],[-78.74544,38.807288],[-78.745055,38.807546],[-78.744122,38.808743],[-78.744066,38.808842],[-78.74394,38.809249],[-78.743912,38.809611],[-78.743485,38.810232],[-78.743485,38.810265],[-78.743562,38.810308],[-78.743569,38.810407],[-78.743352,38.810654],[-78.743331,38.810792],[-78.743106,38.810995],[-78.742847,38.811588],[-78.742679,38.812165],[-78.742462,38.812461],[-78.742069,38.812813],[-78.741851,38.813077],[-78.741559,38.813253],[-78.741639,38.812985],[-78.74179,38.812628],[-78.742353,38.811578],[-78.742377,38.811454],[-78.742359,38.811354],[-78.742328,38.811254],[-78.742247,38.811172],[-78.741993,38.811034],[-78.741695,38.810943],[-78.740529,38.810742],[-78.738725,38.810603],[-78.737986,38.810521],[-78.737829,38.810484],[-78.73749,38.810314],[-78.736487,38.809566],[-78.735623,38.808747],[-78.734911,38.808146],[-78.732304,38.805773],[-78.731768,38.805329],[-78.731506,38.805045],[-78.729614,38.806145],[-78.728864,38.806962],[-78.726007,38.809928],[-78.725627,38.810272],[-78.725486,38.810343],[-78.725278,38.810401],[-78.723767,38.810571],[-78.723687,38.810661],[-78.723592,38.810848],[-78.723543,38.811072],[-78.723483,38.811196],[-78.723306,38.811277],[-78.72243,38.81146],[-78.722162,38.811579],[-78.722052,38.811685],[-78.721905,38.812215],[-78.721772,38.812485],[-78.721751,38.81261],[-78.721759,38.813215],[-78.721723,38.813315],[-78.721638,38.813454],[-78.721073,38.813955],[-78.720969,38.81407],[-78.720929,38.814158],[-78.720921,38.814285],[-78.721056,38.814656],[-78.72118,38.815347],[-78.721076,38.815782],[-78.720703,38.81648],[-78.720477,38.816809],[-78.720158,38.817371],[-78.719956,38.817604],[-78.719432,38.818034],[-78.718873,38.818436],[-78.718561,38.818728],[-78.71828,38.819025],[-78.717833,38.819604],[-78.717267,38.820262],[-78.716446,38.821097],[-78.716191,38.821474],[-78.715778,38.82189],[-78.715638,38.82189],[-78.71462,38.821592],[-78.714528,38.821649],[-78.712775,38.824363],[-78.712575,38.824637],[-78.713406,38.825249],[-78.713586,38.825397],[-78.713626,38.825478],[-78.713592,38.825878],[-78.713472,38.82626],[-78.713157,38.826869],[-78.713011,38.827045],[-78.712943,38.8273],[-78.712997,38.827419],[-78.713328,38.827682],[-78.713669,38.828063],[-78.713949,38.828414],[-78.714049,38.828605],[-78.714028,38.829043],[-78.713827,38.829597],[-78.713821,38.829697],[-78.714312,38.830718],[-78.714597,38.83156],[-78.714864,38.831932],[-78.715494,38.832711],[-78.715702,38.832873],[-78.716508,38.833244],[-78.71699,38.833415],[-78.717163,38.833509],[-78.717304,38.833622],[-78.717399,38.833742],[-78.717507,38.833981],[-78.717571,38.834483],[-78.717655,38.834636],[-78.718119,38.835086],[-78.718213,38.835156],[-78.719019,38.835424],[-78.719494,38.835779],[-78.720603,38.836362],[-78.721024,38.836531],[-78.721669,38.836722],[-78.721889,38.836898],[-78.722101,38.837174],[-78.72231,38.837695],[-78.722311,38.837873],[-78.722236,38.838021],[-78.721532,38.839226],[-78.721374,38.83945],[-78.721109,38.839615],[-78.720597,38.840504],[-78.720357,38.840837],[-78.72028,38.841064],[-78.720299,38.841168],[-78.720375,38.841282],[-78.72073,38.841642],[-78.721028,38.841859],[-78.72149,38.842154],[-78.721686,38.842248],[-78.722053,38.842316],[-78.722215,38.842385],[-78.723137,38.842879],[-78.72332,38.843027],[-78.723406,38.843279],[-78.723412,38.8435],[-78.723269,38.844357],[-78.723302,38.844439],[-78.723027,38.844801],[-78.722613,38.845116],[-78.722315,38.845403],[-78.721975,38.845799],[-78.721197,38.84653],[-78.720522,38.847114],[-78.720883,38.846966],[-78.721283,38.846758],[-78.721423,38.846725],[-78.721576,38.846739],[-78.721741,38.846839],[-78.721918,38.847],[-78.722932,38.848019],[-78.72328,38.848539],[-78.723589,38.849233],[-78.723633,38.849447],[-78.723615,38.849638],[-78.7234,38.850297],[-78.723412,38.850426],[-78.72353,38.850826],[-78.723751,38.851319],[-78.724449,38.852455],[-78.724841,38.852893],[-78.725358,38.853353],[-78.725492,38.853353],[-78.725577,38.853324],[-78.725814,38.853048],[-78.725965,38.852926],[-78.726205,38.852828],[-78.726422,38.852804],[-78.726622,38.852826],[-78.726812,38.852898],[-78.727027,38.853031],[-78.727129,38.853158],[-78.727173,38.853262],[-78.727224,38.853515],[-78.727198,38.85366],[-78.727082,38.853977],[-78.727051,38.854373],[-78.727173,38.854976],[-78.727108,38.855504],[-78.72717,38.855709],[-78.727371,38.855935],[-78.72835,38.856779],[-78.72844,38.856815],[-78.728958,38.856905],[-78.729515,38.857089],[-78.730218,38.857426],[-78.730324,38.857509],[-78.730369,38.857585],[-78.730371,38.857676],[-78.730326,38.857797],[-78.730466,38.857836],[-78.730629,38.857847],[-78.730777,38.857828],[-78.730929,38.857772],[-78.731242,38.857604],[-78.732965,38.856496],[-78.733095,38.856425],[-78.733221,38.856389],[-78.733542,38.85638],[-78.733782,38.856451],[-78.734679,38.857067],[-78.734823,38.85714],[-78.73507,38.857193],[-78.735332,38.857162],[-78.735694,38.856966],[-78.73643,38.856344],[-78.7369,38.855995],[-78.737202,38.855891],[-78.739374,38.855334],[-78.739909,38.855157],[-78.740432,38.854845],[-78.741061,38.854422],[-78.74153,38.85393],[-78.742097,38.853487],[-78.74262,38.853146],[-78.743128,38.852962],[-78.743517,38.852916],[-78.743845,38.8529],[-78.744198,38.852914],[-78.744683,38.852879],[-78.745383,38.85277],[-78.74611,38.852697],[-78.747041,38.852468],[-78.747363,38.852461],[-78.747565,38.85253],[-78.748533,38.853204],[-78.749556,38.853865],[-78.749737,38.853948],[-78.749886,38.853982],[-78.750134,38.853983],[-78.750326,38.853911],[-78.750718,38.853646],[-78.751398,38.853125],[-78.751466,38.853047],[-78.751849,38.852275],[-78.752134,38.851848],[-78.752435,38.851451],[-78.752554,38.851379],[-78.752645,38.851286],[-78.752809,38.851228],[-78.754415,38.85103],[-78.755428,38.85078],[-78.756084,38.850579],[-78.756867,38.850431],[-78.757642,38.850384],[-78.758295,38.850398],[-78.761347,38.850529],[-78.762038,38.850405],[-78.762618,38.850216],[-78.76334,38.849905],[-78.76508,38.848845],[-78.766638,38.847708],[-78.767125,38.847277],[-78.769139,38.844521],[-78.769423,38.844094],[-78.769607,38.843763],[-78.769803,38.843062],[-78.770297,38.843085],[-78.772387,38.844134],[-78.77289,38.844458],[-78.774127,38.844879],[-78.774538,38.844971],[-78.774753,38.84494],[-78.775078,38.844842],[-78.775613,38.844917],[-78.775868,38.845014],[-78.775969,38.845184],[-78.776157,38.845302],[-78.777403,38.845788],[-78.777671,38.845922],[-78.777972,38.846176],[-78.778462,38.846476],[-78.778731,38.846786],[-78.779091,38.847066],[-78.779992,38.847574],[-78.780204,38.847901],[-78.780757,38.848172],[-78.781359,38.848722],[-78.781642,38.84894],[-78.781923,38.849221],[-78.782256,38.849481],[-78.782765,38.849632],[-78.78287,38.849683],[-78.783165,38.850208],[-78.783303,38.850289],[-78.783583,38.85036],[-78.784135,38.850595],[-78.784314,38.850695],[-78.785554,38.851537],[-78.786214,38.851824],[-78.7866,38.852036],[-78.786916,38.852294],[-78.787549,38.852925],[-78.787671,38.853011],[-78.78789,38.853104],[-78.788351,38.853156],[-78.788568,38.853146],[-78.78917,38.853006],[-78.789444,38.853038],[-78.789665,38.853027],[-78.789822,38.852991],[-78.79042,38.852576],[-78.790508,38.852405],[-78.790503,38.85225],[-78.790399,38.852107],[-78.790202,38.851985],[-78.790052,38.851848],[-78.789933,38.851604],[-78.790011,38.851389],[-78.790167,38.851323],[-78.790506,38.851266],[-78.790653,38.851165],[-78.790811,38.850989],[-78.79089,38.850826],[-78.790938,38.850631],[-78.79109,38.850549],[-78.791315,38.850487],[-78.791675,38.850481],[-78.791998,38.850404],[-78.792367,38.850199],[-78.792982,38.849768],[-78.79348,38.849309],[-78.793656,38.848951],[-78.794004,38.84807],[-78.794154,38.847758],[-78.794205,38.847705],[-78.794315,38.847691],[-78.794504,38.847714],[-78.795695,38.848164],[-78.795884,38.848149],[-78.796364,38.847862],[-78.79671,38.847608],[-78.796921,38.847429],[-78.797289,38.846829],[-78.797576,38.845982],[-78.797726,38.845623],[-78.797823,38.845508],[-78.797957,38.845512],[-78.797977,38.845722],[-78.797929,38.846061],[-78.797799,38.846476],[-78.797765,38.847081],[-78.797705,38.847509],[-78.79741,38.848436],[-78.797362,38.848754],[-78.79725,38.849162],[-78.797303,38.849461],[-78.797094,38.850176],[-78.797097,38.850454],[-78.79721,38.850505],[-78.797348,38.85049],[-78.797562,38.850152],[-78.797714,38.850008],[-78.797793,38.850022],[-78.79783,38.850089],[-78.79777,38.850256],[-78.797667,38.850946],[-78.797503,38.851408],[-78.797377,38.851649],[-78.797376,38.851802],[-78.797439,38.851851],[-78.797576,38.851743],[-78.79785,38.851385],[-78.798162,38.851113],[-78.798894,38.85082],[-78.799192,38.850831],[-78.799473,38.850914],[-78.799681,38.851081],[-78.799853,38.851352],[-78.800031,38.851514],[-78.800247,38.851765],[-78.800522,38.852499],[-78.800779,38.853553],[-78.800851,38.853714],[-78.800976,38.853799],[-78.801018,38.853908],[-78.800967,38.853952],[-78.800888,38.853976],[-78.800705,38.85391],[-78.799801,38.853349],[-78.799618,38.853336],[-78.799552,38.853388],[-78.799439,38.853633],[-78.799405,38.85403],[-78.79944,38.854704],[-78.799687,38.855378],[-78.799872,38.855757],[-78.799759,38.856548],[-78.799833,38.856853],[-78.800154,38.857227],[-78.800684,38.857642],[-78.800773,38.857786],[-78.800835,38.858099],[-78.800922,38.858242],[-78.801008,38.858464],[-78.801085,38.858795],[-78.801181,38.858927],[-78.801181,38.859156],[-78.801254,38.859541],[-78.801407,38.859862],[-78.801596,38.860019],[-78.801648,38.860112],[-78.801551,38.860248],[-78.801513,38.860453],[-78.801538,38.860629],[-78.801375,38.86092],[-78.800974,38.861422],[-78.800848,38.861722],[-78.800703,38.862218],[-78.800583,38.862493],[-78.799995,38.863355],[-78.799679,38.863751],[-78.799737,38.864114],[-78.79987,38.864455],[-78.799985,38.864494],[-78.800095,38.864432],[-78.801767,38.863283],[-78.802348,38.862666],[-78.802487,38.862399],[-78.802651,38.862241],[-78.803158,38.861861],[-78.803449,38.861543],[-78.803868,38.86121],[-78.804263,38.86073],[-78.804512,38.860372],[-78.804724,38.859802],[-78.804827,38.859707],[-78.804998,38.859688],[-78.805049,38.859746],[-78.805162,38.858628],[-78.805367,38.858236],[-78.805757,38.857839],[-78.806028,38.857215],[-78.806228,38.857009],[-78.806611,38.856926],[-78.80726,38.856959],[-78.807572,38.856794],[-78.808183,38.856183],[-78.808697,38.855329],[-78.808945,38.854818],[-78.809102,38.854216],[-78.809429,38.853416],[-78.80949,38.852548],[-78.809562,38.852066],[-78.810946,38.849624],[-78.811226,38.848597],[-78.811516,38.84807],[-78.812238,38.847066],[-78.812774,38.846132],[-78.813994,38.843558],[-78.814903,38.842041],[-78.815487,38.840794],[-78.815999,38.839522],[-78.816518,38.838869],[-78.817091,38.838064],[-78.817666,38.837195],[-78.817967,38.83666],[-78.818849,38.834942],[-78.819609,38.8336],[-78.820187,38.833053],[-78.820445,38.832558],[-78.82117,38.83099],[-78.821785,38.83017],[-78.822186,38.829709],[-78.822875,38.828793],[-78.823891,38.827093],[-78.824256,38.826414],[-78.824731,38.825873],[-78.825477,38.825159],[-78.826141,38.824444],[-78.826664,38.82367],[-78.827029,38.822983],[-78.82723,38.822262],[-78.827265,38.821618],[-78.828457,38.819816],[-78.828739,38.819168],[-78.829059,38.818633],[-78.831662,38.814903],[-78.83227,38.814396],[-78.833693,38.813345],[-78.834884,38.812042],[-78.835194,38.811507],[-78.835426,38.810786],[-78.835439,38.810182],[-78.835496,38.809933],[-78.836728,38.809121],[-78.83759,38.808304],[-78.838769,38.807097],[-78.839711,38.805879],[-78.840467,38.804706],[-78.840714,38.804226],[-78.841562,38.803111],[-78.844701,38.799727],[-78.845665,38.798476],[-78.846314,38.797455],[-78.846633,38.796043],[-78.846781,38.7959],[-78.847241,38.795585],[-78.84819,38.794986],[-78.848625,38.794388],[-78.849257,38.793696],[-78.849817,38.79302],[-78.850365,38.791941],[-78.85045,38.791314],[-78.850569,38.791083],[-78.850852,38.790813],[-78.851421,38.790185],[-78.852082,38.789115],[-78.852794,38.788063],[-78.853379,38.786686],[-78.85399,38.786043],[-78.854915,38.784639],[-78.855194,38.784095],[-78.855206,38.783581],[-78.855333,38.783405],[-78.856268,38.782492],[-78.857239,38.781363],[-78.85891,38.779196],[-78.859813,38.777864],[-78.860153,38.776903],[-78.861485,38.775231],[-78.861588,38.774734],[-78.861585,38.774371],[-78.861671,38.774212],[-78.862133,38.773775],[-78.862723,38.773139],[-78.863687,38.771808],[-78.863894,38.771256],[-78.86416,38.77039],[-78.864769,38.769312],[-78.865022,38.768551],[-78.865224,38.767765],[-78.865426,38.767438],[-78.865656,38.767288],[-78.865908,38.767042],[-78.866617,38.766077],[-78.868159,38.764223],[-78.868974,38.763147],[-78.869618,38.762794],[-78.866609,38.760665],[-78.866569,38.760637],[-78.866528,38.760608],[-78.821988,38.729176],[-78.818747,38.726965],[-78.817357,38.72606],[-78.813196,38.723352],[-78.812606,38.722987],[-78.812411,38.722867],[-78.812413,38.722862],[-78.812497,38.722668],[-78.812493,38.722664],[-78.809612,38.720192],[-78.803587,38.71655],[-78.802709,38.715983],[-78.802362,38.71574],[-78.800912,38.714723],[-78.800303,38.714342],[-78.796215,38.711499]]]},"properties":{"UNIQUE_ID":"Shenandoah County-:-101 - Orkney Springs","COUNTYFP":"171","locality":"Shenandoah County","precinct":"101 - Orkney Springs","dem24":449,"rep24":794}},
{"type":"Feature","geometry":{"type":"Polygon","coordinates":[[[-78.641769,38.604719],[-78.641539,38.604947],[-78.64142,38.605182],[-78.641212,38.605772],[-78.641014,38.606226],[-78.640813,38.606518],[-78.640307,38.607038],[-78.63982,38.607429],[-78.63922,38.60783],[-78.637835,38.608543],[-78.637367,38.608878],[-78.635911,38.610365],[-78.635525,38.610634],[-78.634381,38.611757],[-78.633566,38.61224],[-78.632585,38.612586],[-78.63225,38.612823],[-78.631966,38.613084],[-78.631037,38.61414],[-78.630631,38.614482],[-78.630164,38.614841],[-78.627968,38.616327],[-78.627452,38.616856],[-78.626989,38.617489],[-78.62672,38.618031],[-78.626523,38.619388],[-78.626455,38.619639],[-78.625742,38.62079],[-78.625655,38.621121],[-78.625328,38.621955],[-78.625028,38.622506],[-78.624845,38.622652],[-78.62474,38.622669],[-78.623005,38.623609],[-78.622432,38.625127],[-78.620917,38.627424],[-78.620311,38.629086],[-78.618876,38.630873],[-78.618216,38.632148],[-78.61733,38.63494],[-78.61663,38.636369],[-78.615288,38.638445],[-78.614669,38.639583],[-78.614017,38.640311],[-78.612583,38.642499],[-78.611635,38.643614],[-78.611567,38.645012],[-78.610445,38.64743],[-78.609364,38.648562],[-78.608939,38.649539],[-78.608178,38.651113],[-78.606837,38.653414],[-78.606162,38.655423],[-78.605179,38.657425],[-78.604278,38.659588],[-78.603402,38.660856],[-78.602786,38.662575],[-78.602584,38.663067],[-78.601455,38.664804],[-78.599531,38.669379],[-78.596319,38.675151],[-78.59532,38.676492],[-78.594783,38.677663],[-78.593734,38.679165],[-78.592996,38.681174],[-78.589894,38.686414],[-78.586964,38.689341],[-78.586508,38.690366],[-78.581971,38.696288],[-78.579399,38.699213],[-78.579074,38.699668],[-78.579078,38.699673],[-78.579767,38.700388],[-78.581624,38.701285],[-78.583027,38.701821],[-78.585708,38.702942],[-78.588666,38.703917],[-78.590584,38.704694],[-78.592308,38.705524],[-78.593593,38.706099],[-78.595956,38.706435],[-78.598002,38.706572],[-78.599678,38.706566],[-78.599923,38.706695],[-78.600392,38.706887],[-78.601036,38.707066],[-78.601007,38.706967],[-78.601099,38.706813],[-78.601287,38.70681],[-78.601683,38.706831],[-78.602499,38.707104],[-78.603052,38.707128],[-78.603489,38.707013],[-78.605088,38.706786],[-78.605682,38.706424],[-78.606224,38.706369],[-78.606618,38.70667],[-78.607452,38.706963],[-78.607584,38.706913],[-78.607884,38.70686],[-78.608016,38.7068],[-78.608188,38.706672],[-78.608853,38.705973],[-78.609454,38.70528],[-78.610078,38.704746],[-78.610419,38.704372],[-78.611102,38.703372],[-78.611322,38.703156],[-78.611448,38.7031],[-78.611677,38.703054],[-78.611944,38.703037],[-78.61221,38.702961],[-78.612765,38.702748],[-78.612925,38.702723],[-78.613232,38.702762],[-78.613871,38.702983],[-78.614018,38.703001],[-78.6142,38.702985],[-78.615133,38.702731],[-78.615619,38.702698],[-78.616061,38.70272],[-78.616174,38.70269],[-78.61627,38.70263],[-78.616589,38.702225],[-78.616889,38.701705],[-78.617437,38.700885],[-78.617416,38.701072],[-78.617479,38.701214],[-78.618987,38.702306],[-78.619443,38.7028],[-78.620081,38.703157],[-78.620347,38.703267],[-78.621475,38.703508],[-78.622989,38.703738],[-78.623472,38.703726],[-78.62376,38.703644],[-78.624138,38.703715],[-78.625242,38.703821],[-78.625739,38.70397],[-78.625942,38.703959],[-78.626454,38.703828],[-78.62658,38.703817],[-78.626391,38.70397],[-78.6259,38.704283],[-78.625472,38.704393],[-78.62529,38.704491],[-78.625009,38.704782],[-78.624742,38.704978],[-78.62456,38.705077],[-78.624329,38.70528],[-78.624182,38.705455],[-78.623874,38.705972],[-78.62372,38.706515],[-78.623595,38.707707],[-78.623455,38.708031],[-78.62328,38.708624],[-78.6234,38.70914],[-78.623463,38.709706],[-78.623435,38.709843],[-78.623393,38.709909],[-78.623197,38.710041],[-78.62249,38.710288],[-78.621621,38.710849],[-78.620825,38.711049],[-78.620967,38.711143],[-78.621303,38.711281],[-78.621503,38.711284],[-78.621851,38.7112],[-78.622366,38.710976],[-78.62305,38.710585],[-78.623532,38.710198],[-78.623824,38.709879],[-78.624137,38.709657],[-78.624567,38.7094],[-78.626343,38.708598],[-78.627577,38.707918],[-78.62768,38.707891],[-78.62777,38.707896],[-78.634621,38.712551],[-78.6348,38.712643],[-78.635044,38.712714],[-78.635411,38.712744],[-78.63632,38.712659],[-78.636649,38.712651],[-78.637113,38.712575],[-78.637596,38.712355],[-78.637867,38.712271],[-78.638109,38.71224],[-78.638447,38.71221],[-78.640662,38.712177],[-78.641513,38.7121],[-78.642634,38.711894],[-78.643872,38.71162],[-78.647494,38.71147],[-78.648082,38.707578],[-78.648518,38.707599],[-78.648872,38.707578],[-78.649572,38.707394],[-78.650205,38.707146],[-78.652732,38.706],[-78.653226,38.705794],[-78.653593,38.705671],[-78.653293,38.705097],[-78.654386,38.704782],[-78.654659,38.705321],[-78.655312,38.70511],[-78.655207,38.704452],[-78.655251,38.703804],[-78.655183,38.703049],[-78.655079,38.702623],[-78.65498,38.702372],[-78.656393,38.701904],[-78.656844,38.702987],[-78.657518,38.703847],[-78.65789,38.704082],[-78.657988,38.704238],[-78.659179,38.703872],[-78.659007,38.703512],[-78.65956,38.703351],[-78.65977,38.703769],[-78.660349,38.703683],[-78.66055,38.704411],[-78.660754,38.705301],[-78.661159,38.706536],[-78.661841,38.709132],[-78.662951,38.708782],[-78.666629,38.711413],[-78.667461,38.71197],[-78.669715,38.713634],[-78.671063,38.714531],[-78.673285,38.716185],[-78.672911,38.716486],[-78.673711,38.717107],[-78.674793,38.716103],[-78.675248,38.715652],[-78.675349,38.715523],[-78.675412,38.71538],[-78.675421,38.715208],[-78.675366,38.71503],[-78.675091,38.714723],[-78.675027,38.714594],[-78.675017,38.714473],[-78.675081,38.714236],[-78.675281,38.71405],[-78.675973,38.71352],[-78.676866,38.712897],[-78.677495,38.712502],[-78.677832,38.712237],[-78.679424,38.71076],[-78.679565,38.71046],[-78.679918,38.710539],[-78.680101,38.710611],[-78.681701,38.711752],[-78.681883,38.711788],[-78.682303,38.71168],[-78.68247,38.711705],[-78.682741,38.711822],[-78.68328,38.712165],[-78.683737,38.712307],[-78.684011,38.712285],[-78.684139,38.712228],[-78.684467,38.712012],[-78.684622,38.711948],[-78.684777,38.711919],[-78.685567,38.712042],[-78.686164,38.712053],[-78.68769,38.712203],[-78.687917,38.712243],[-78.688054,38.712293],[-78.688118,38.7124],[-78.688119,38.712729],[-78.687569,38.715118],[-78.687551,38.715275],[-78.687578,38.715397],[-78.687821,38.715633],[-78.688644,38.716102],[-78.688971,38.716246],[-78.688894,38.7164],[-78.688085,38.717617],[-78.687921,38.71781],[-78.685544,38.719909],[-78.68406,38.721256],[-78.683787,38.721463],[-78.683613,38.721557],[-78.683473,38.721591],[-78.683319,38.721934],[-78.683822,38.723519],[-78.684671,38.724381],[-78.684848,38.724774],[-78.685576,38.725687],[-78.685546,38.725917],[-78.685313,38.726168],[-78.685313,38.726466],[-78.68578,38.726992],[-78.685751,38.727244],[-78.685488,38.72761],[-78.685517,38.727815],[-78.685488,38.72825],[-78.683502,38.729257],[-78.682363,38.729945],[-78.680053,38.730511],[-78.683615,38.730212],[-78.683756,38.730258],[-78.683873,38.730336],[-78.683965,38.730466],[-78.684728,38.73261],[-78.686505,38.737211],[-78.686492,38.737836],[-78.686528,38.737962],[-78.689505,38.742571],[-78.692131,38.74076],[-78.692939,38.740273],[-78.699472,38.737214],[-78.70215,38.736],[-78.703642,38.735204],[-78.705871,38.733942],[-78.707219,38.735538],[-78.707388,38.735828],[-78.708036,38.737407],[-78.707864,38.738508],[-78.707911,38.738712],[-78.70801,38.738896],[-78.70814,38.739051],[-78.708377,38.739265],[-78.709025,38.739711],[-78.71006,38.740108],[-78.710739,38.740518],[-78.710922,38.740679],[-78.711052,38.740881],[-78.711113,38.741054],[-78.711672,38.742179],[-78.711703,38.74231],[-78.71168,38.742441],[-78.711521,38.74265],[-78.71124,38.742889],[-78.710018,38.743833],[-78.708766,38.744884],[-78.706724,38.746532],[-78.706595,38.746723],[-78.70661,38.74683],[-78.708227,38.748174],[-78.708784,38.74859],[-78.709493,38.749071],[-78.710494,38.749876],[-78.710627,38.750117],[-78.71073,38.750458],[-78.71201,38.752203],[-78.712639,38.752922],[-78.712724,38.753092],[-78.71264,38.753275],[-78.712205,38.753655],[-78.712179,38.753734],[-78.712211,38.753804],[-78.713546,38.754401],[-78.713631,38.754499],[-78.712026,38.755814],[-78.71166,38.756044],[-78.711293,38.756206],[-78.711258,38.756297],[-78.711326,38.756427],[-78.711496,38.756572],[-78.711676,38.756782],[-78.712313,38.75769],[-78.712515,38.758002],[-78.712751,38.758459],[-78.712884,38.75875],[-78.712938,38.759016],[-78.713189,38.759676],[-78.713217,38.760374],[-78.713486,38.761017],[-78.713645,38.761169],[-78.713865,38.761321],[-78.714121,38.76144],[-78.714298,38.761483],[-78.714824,38.761487],[-78.714809,38.761712],[-78.714974,38.761735],[-78.715683,38.76174],[-78.716938,38.761811],[-78.718488,38.761641],[-78.71982,38.761272],[-78.72043,38.761003],[-78.720662,38.76097],[-78.7209,38.760998],[-78.721097,38.761118],[-78.72149,38.761547],[-78.721974,38.76187],[-78.722191,38.762079],[-78.72231,38.76231],[-78.722409,38.762738],[-78.722465,38.76287],[-78.722725,38.763248],[-78.723237,38.763869],[-78.723461,38.764028],[-78.723861,38.764407],[-78.724619,38.765032],[-78.726022,38.765856],[-78.727517,38.766854],[-78.727924,38.767101],[-78.728611,38.767398],[-78.729692,38.768029],[-78.730071,38.768204],[-78.731165,38.768539],[-78.732582,38.768923],[-78.733157,38.768988],[-78.734027,38.768949],[-78.734202,38.768922],[-78.734707,38.768763],[-78.735009,38.768614],[-78.735541,38.768257],[-78.735969,38.768026],[-78.737049,38.767499],[-78.737266,38.767449],[-78.737799,38.767405],[-78.738178,38.767245],[-78.738732,38.767141],[-78.739125,38.767163],[-78.739946,38.767695],[-78.740121,38.767783],[-78.741321,38.768101],[-78.741524,38.768139],[-78.741798,38.768155],[-78.742022,38.768139],[-78.742092,38.768238],[-78.741959,38.768644],[-78.741931,38.76882],[-78.741974,38.769039],[-78.7421,38.769221],[-78.742584,38.7695],[-78.743026,38.769698],[-78.744191,38.770049],[-78.74476,38.770152],[-78.74478,38.767515],[-78.744822,38.767181],[-78.744906,38.766923],[-78.745087,38.766575],[-78.74547,38.766141],[-78.747059,38.764867],[-78.74852,38.763084],[-78.748647,38.762842],[-78.748819,38.762413],[-78.748944,38.762019],[-78.749004,38.761647],[-78.74903,38.7611],[-78.748927,38.760584],[-78.748544,38.759454],[-78.748525,38.759066],[-78.748679,38.758521],[-78.748863,38.758222],[-78.749974,38.756993],[-78.752197,38.754757],[-78.753879,38.753183],[-78.754277,38.752897],[-78.754786,38.752594],[-78.757689,38.751099],[-78.758957,38.750354],[-78.75954,38.749984],[-78.760246,38.74936],[-78.76369,38.745808],[-78.763836,38.745607],[-78.763914,38.745397],[-78.763894,38.74512],[-78.763856,38.744982],[-78.763747,38.744807],[-78.762697,38.74386],[-78.762347,38.74343],[-78.762548,38.743217],[-78.763069,38.742477],[-78.763858,38.741599],[-78.765568,38.740064],[-78.765993,38.739729],[-78.769171,38.737665],[-78.769784,38.737207],[-78.770543,38.73655],[-78.771656,38.735507],[-78.772359,38.734795],[-78.775074,38.731671],[-78.775971,38.730583],[-78.776522,38.729813],[-78.777631,38.728149],[-78.778346,38.726921],[-78.778934,38.725808],[-78.779431,38.724956],[-78.780489,38.723416],[-78.78061,38.723196],[-78.780856,38.722485],[-78.780947,38.722314],[-78.781468,38.72175],[-78.782464,38.721035],[-78.782891,38.72057],[-78.783705,38.71959],[-78.785179,38.716868],[-78.785523,38.716406],[-78.785869,38.716084],[-78.790721,38.712142],[-78.79104,38.711915],[-78.791892,38.71142],[-78.7942,38.710127],[-78.793323,38.709497],[-78.787931,38.705634],[-78.783524,38.70253],[-78.781204,38.700915],[-78.746433,38.676706],[-78.745117,38.675793],[-78.744294,38.675222],[-78.744224,38.675173],[-78.740131,38.672334],[-78.739056,38.671587],[-78.738792,38.671408],[-78.735031,38.668847],[-78.734866,38.668734],[-78.734026,38.668169],[-78.734026,38.668168],[-78.731406,38.666403],[-78.727365,38.66368],[-78.726807,38.663304],[-78.724018,38.661276],[-78.707898,38.650322],[-78.69311,38.64045],[-78.692992,38.640372],[-78.692529,38.640058],[-78.68818,38.637115],[-78.686221,38.63574],[-78.683952,38.634161],[-78.679083,38.63081],[-78.678637,38.630498],[-78.676546,38.629037],[-78.675899,38.628585],[-78.668545,38.623645],[-78.649417,38.610128],[-78.641769,38.604719]]]},"properties":{"UNIQUE_ID":"Shenandoah County-:-103 - New Market","COUNTYFP":"171","locality":"Shenandoah County","precinct":"103 - New Market","dem24":769,"rep24":1947}},
{"type":"Feature","geometry":{"type":"Polygon","coordinates":[[[-78.677452,38.927916],[-78.67763,38.927721],[-78.679384,38.926578],[-78.680459,38.925321],[-78.680953,38.925241],[-78.68162,38.925848],[-78.684907,38.925129],[-78.685968,38.925002],[-78.687275,38.925069],[-78.688269,38.924788],[-78.689116,38.924068],[-78.691453,38.922203],[-78.691898,38.921421],[-78.692717,38.919598],[-78.694491,38.918456],[-78.696138,38.917177],[-78.696405,38.916781],[-78.696487,38.916563],[-78.696734,38.916264],[-78.697115,38.915933],[-78.697383,38.91561],[-78.697495,38.915303],[-78.697421,38.914827],[-78.697327,38.914569],[-78.697327,38.91448],[-78.69744,38.914367],[-78.697626,38.914286],[-78.69776,38.91431],[-78.698144,38.914544],[-78.698485,38.914697],[-78.698827,38.914817],[-78.699302,38.914938],[-78.699685,38.915067],[-78.70076,38.915122],[-78.701226,38.915258],[-78.701619,38.915411],[-78.701888,38.915572],[-78.70224,38.915629],[-78.702715,38.915604],[-78.703211,38.915547],[-78.703758,38.915449],[-78.704326,38.915239],[-78.705253,38.914487],[-78.705437,38.914289],[-78.707478,38.912733],[-78.708944,38.911072],[-78.712625,38.908673],[-78.715107,38.906311],[-78.715646,38.905501],[-78.716171,38.904838],[-78.716634,38.904483],[-78.717181,38.904304],[-78.717553,38.90428],[-78.717947,38.904303],[-78.71833,38.904416],[-78.71865,38.904569],[-78.719294,38.905238],[-78.719917,38.906084],[-78.719927,38.906397],[-78.719863,38.906609],[-78.71985,38.907532],[-78.719904,38.90806],[-78.720175,38.908457],[-78.72039,38.908649],[-78.720536,38.908738],[-78.720703,38.908997],[-78.72083,38.909449],[-78.720934,38.910168],[-78.720802,38.910448],[-78.720493,38.910869],[-78.720474,38.911264],[-78.720579,38.912185],[-78.720757,38.912527],[-78.720801,38.912778],[-78.720835,38.913641],[-78.720734,38.914174],[-78.720683,38.914297],[-78.72057,38.914361],[-78.720423,38.914397],[-78.719847,38.914822],[-78.719351,38.915757],[-78.720152,38.916936],[-78.719454,38.920268],[-78.719291,38.920797],[-78.719291,38.920894],[-78.719509,38.921208],[-78.719667,38.922023],[-78.719758,38.922143],[-78.719879,38.923209],[-78.720076,38.923499],[-78.720098,38.923871],[-78.719987,38.924452],[-78.719843,38.924767],[-78.719576,38.925171],[-78.719713,38.925703],[-78.719623,38.926518],[-78.718991,38.928827],[-78.718693,38.929384],[-78.718355,38.930232],[-78.718162,38.930999],[-78.71726,38.935366],[-78.717079,38.936036],[-78.717394,38.935673],[-78.718486,38.934274],[-78.719187,38.933886],[-78.719789,38.933324],[-78.721055,38.932226],[-78.721874,38.931689],[-78.722445,38.931416],[-78.723587,38.93112],[-78.724097,38.931105],[-78.724537,38.931001],[-78.724924,38.930974],[-78.725713,38.930981],[-78.726225,38.93094],[-78.726705,38.930747],[-78.727289,38.930624],[-78.729159,38.93001],[-78.729878,38.929837],[-78.730718,38.929667],[-78.731483,38.929545],[-78.732151,38.929384],[-78.733224,38.928883],[-78.735089,38.928159],[-78.735846,38.927951],[-78.736537,38.927651],[-78.736974,38.927528],[-78.738271,38.927406],[-78.738574,38.927405],[-78.738923,38.927293],[-78.73915,38.927142],[-78.740254,38.926222],[-78.741129,38.925397],[-78.742118,38.924524],[-78.742776,38.923708],[-78.743135,38.923136],[-78.743383,38.922966],[-78.743671,38.922594],[-78.744206,38.92202],[-78.744946,38.92114],[-78.744966,38.921083],[-78.744894,38.920973],[-78.744548,38.920666],[-78.744457,38.920454],[-78.744436,38.920236],[-78.744507,38.920067],[-78.744662,38.919946],[-78.745611,38.919468],[-78.746013,38.919225],[-78.747044,38.918489],[-78.747507,38.918021],[-78.748115,38.917519],[-78.749745,38.916455],[-78.75052,38.916036],[-78.751159,38.914698],[-78.750893,38.913078],[-78.75036,38.911683],[-78.752088,38.910877],[-78.753693,38.909572],[-78.754661,38.907589],[-78.754519,38.905736],[-78.756237,38.904092],[-78.757595,38.902947],[-78.758429,38.901255],[-78.759088,38.900537],[-78.760353,38.900054],[-78.761771,38.899643],[-78.764312,38.898167],[-78.767428,38.897128],[-78.769361,38.897072],[-78.770728,38.896112],[-78.772796,38.89375],[-78.776302,38.89304],[-78.779201,38.892306],[-78.784198,38.88863],[-78.786028,38.887195],[-78.788034,38.885131],[-78.789309,38.882511],[-78.790081,38.880084],[-78.791068,38.879036],[-78.791613,38.877601],[-78.79299,38.876908],[-78.794224,38.87644],[-78.795139,38.876004],[-78.796333,38.875119],[-78.796216,38.874614],[-78.79666,38.873654],[-78.797404,38.872634],[-78.798086,38.871598],[-78.798819,38.87061],[-78.800484,38.868018],[-78.801713,38.866007],[-78.802275,38.864832],[-78.802521,38.864441],[-78.803158,38.863589],[-78.803559,38.863128],[-78.804774,38.861254],[-78.804891,38.86062],[-78.805059,38.860035],[-78.805049,38.859746],[-78.804998,38.859688],[-78.804827,38.859707],[-78.804724,38.859802],[-78.804512,38.860372],[-78.804263,38.86073],[-78.803868,38.86121],[-78.803449,38.861543],[-78.803158,38.861861],[-78.802651,38.862241],[-78.802487,38.862399],[-78.802348,38.862666],[-78.801767,38.863283],[-78.800095,38.864432],[-78.799985,38.864494],[-78.79987,38.864455],[-78.799737,38.864114],[-78.799679,38.863751],[-78.799995,38.863355],[-78.800583,38.862493],[-78.800703,38.862218],[-78.800848,38.861722],[-78.800974,38.861422],[-78.801375,38.86092],[-78.801538,38.860629],[-78.801513,38.860453],[-78.801551,38.860248],[-78.801648,38.860112],[-78.801596,38.860019],[-78.801407,38.859862],[-78.801254,38.859541],[-78.801181,38.859156],[-78.801181,38.858927],[-78.801085,38.858795],[-78.801008,38.858464],[-78.800922,38.858242],[-78.800835,38.858099],[-78.800773,38.857786],[-78.800684,38.857642],[-78.800154,38.857227],[-78.799833,38.856853],[-78.799759,38.856548],[-78.799872,38.855757],[-78.799687,38.855378],[-78.79944,38.854704],[-78.799405,38.85403],[-78.799439,38.853633],[-78.799552,38.853388],[-78.799618,38.853336],[-78.799801,38.853349],[-78.800705,38.85391],[-78.800888,38.853976],[-78.800967,38.853952],[-78.801018,38.853908],[-78.800976,38.853799],[-78.800851,38.853714],[-78.800779,38.853553],[-78.800522,38.852499],[-78.800247,38.851765],[-78.800031,38.851514],[-78.799853,38.851352],[-78.799681,38.851081],[-78.799473,38.850914],[-78.799192,38.850831],[-78.798894,38.85082],[-78.798162,38.851113],[-78.79785,38.851385],[-78.797576,38.851743],[-78.797439,38.851851],[-78.797376,38.851802],[-78.797377,38.851649],[-78.797503,38.851408],[-78.797667,38.850946],[-78.79777,38.850256],[-78.79783,38.850089],[-78.797793,38.850022],[-78.797714,38.850008],[-78.797562,38.850152],[-78.797348,38.85049],[-78.79721,38.850505],[-78.797097,38.850454],[-78.797094,38.850176],[-78.797303,38.849461],[-78.79725,38.849162],[-78.797362,38.848754],[-78.79741,38.848436],[-78.797705,38.847509],[-78.797765,38.847081],[-78.797799,38.846476],[-78.797929,38.846061],[-78.797977,38.845722],[-78.797957,38.845512],[-78.797823,38.845508],[-78.797726,38.845623],[-78.797576,38.845982],[-78.797289,38.846829],[-78.796921,38.847429],[-78.79671,38.847608],[-78.796364,38.847862],[-78.795884,38.848149],[-78.795695,38.848164],[-78.794504,38.847714],[-78.794315,38.847691],[-78.794205,38.847705],[-78.794154,38.847758],[-78.794004,38.84807],[-78.793656,38.848951],[-78.79348,38.849309],[-78.792982,38.849768],[-78.792367,38.850199],[-78.791998,38.850404],[-78.791675,38.850481],[-78.791315,38.850487],[-78.79109,38.850549],[-78.790938,38.850631],[-78.79089,38.850826],[-78.790811,38.850989],[-78.790653,38.851165],[-78.790506,38.851266],[-78.790167,38.851323],[-78.790011,38.851389],[-78.789933,38.851604],[-78.790052,38.851848],[-78.790202,38.851985],[-78.790399,38.852107],[-78.790503,38.85225],[-78.790508,38.852405],[-78.79042,38.852576],[-78.789822,38.852991],[-78.789665,38.853027],[-78.789444,38.853038],[-78.78917,38.853006],[-78.788568,38.853146],[-78.788351,38.853156],[-78.78789,38.853104],[-78.787671,38.853011],[-78.787549,38.852925],[-78.786916,38.852294],[-78.7866,38.852036],[-78.786214,38.851824],[-78.785554,38.851537],[-78.784314,38.850695],[-78.784135,38.850595],[-78.783583,38.85036],[-78.783303,38.850289],[-78.783165,38.850208],[-78.78287,38.849683],[-78.782765,38.849632],[-78.782256,38.849481],[-78.781923,38.849221],[-78.781642,38.84894],[-78.781359,38.848722],[-78.780757,38.848172],[-78.780204,38.847901],[-78.779992,38.847574],[-78.779091,38.847066],[-78.778731,38.846786],[-78.778462,38.846476],[-78.777972,38.846176],[-78.777671,38.845922],[-78.777403,38.845788],[-78.776157,38.845302],[-78.775969,38.845184],[-78.775868,38.845014],[-78.775613,38.844917],[-78.775078,38.844842],[-78.774753,38.84494],[-78.774538,38.844971],[-78.774127,38.844879],[-78.77289,38.844458],[-78.772387,38.844134],[-78.770297,38.843085],[-78.769803,38.843062],[-78.769607,38.843763],[-78.769423,38.844094],[-78.769139,38.844521],[-78.767125,38.847277],[-78.766638,38.847708],[-78.76508,38.848845],[-78.76334,38.849905],[-78.762618,38.850216],[-78.762038,38.850405],[-78.761347,38.850529],[-78.758295,38.850398],[-78.757642,38.850384],[-78.756867,38.850431],[-78.756084,38.850579],[-78.755428,38.85078],[-78.754415,38.85103],[-78.752809,38.851228],[-78.752645,38.851286],[-78.752554,38.851379],[-78.752435,38.851451],[-78.752134,38.851848],[-78.751849,38.852275],[-78.751466,38.853047],[-78.751398,38.853125],[-78.750718,38.853646],[-78.750326,38.853911],[-78.750134,38.853983],[-78.749886,38.853982],[-78.749737,38.853948],[-78.749556,38.853865],[-78.748533,38.853204],[-78.747565,38.85253],[-78.747363,38.852461],[-78.747041,38.852468],[-78.74611,38.852697],[-78.745383,38.85277],[-78.744683,38.852879],[-78.744198,38.852914],[-78.743845,38.8529],[-78.743517,38.852916],[-78.743128,38.852962],[-78.74262,38.853146],[-78.742097,38.853487],[-78.74153,38.85393],[-78.741061,38.854422],[-78.740432,38.854845],[-78.739909,38.855157],[-78.739374,38.855334],[-78.737202,38.855891],[-78.7369,38.855995],[-78.73643,38.856344],[-78.735694,38.856966],[-78.735332,38.857162],[-78.73507,38.857193],[-78.734823,38.85714],[-78.734679,38.857067],[-78.733782,38.856451],[-78.733542,38.85638],[-78.733221,38.856389],[-78.733095,38.856425],[-78.732965,38.856496],[-78.731242,38.857604],[-78.730929,38.857772],[-78.730777,38.857828],[-78.730629,38.857847],[-78.730466,38.857836],[-78.730326,38.857797],[-78.730371,38.857676],[-78.730369,38.857585],[-78.730324,38.857509],[-78.730218,38.857426],[-78.729515,38.857089],[-78.728958,38.856905],[-78.72844,38.856815],[-78.72835,38.856779],[-78.727371,38.855935],[-78.72717,38.855709],[-78.727108,38.855504],[-78.727173,38.854976],[-78.727051,38.854373],[-78.727082,38.853977],[-78.727198,38.85366],[-78.727224,38.853515],[-78.727173,38.853262],[-78.727129,38.853158],[-78.727027,38.853031],[-78.726812,38.852898],[-78.726622,38.852826],[-78.726422,38.852804],[-78.726205,38.852828],[-78.725965,38.852926],[-78.725814,38.853048],[-78.725577,38.853324],[-78.725492,38.853353],[-78.725358,38.853353],[-78.724841,38.852893],[-78.724449,38.852455],[-78.723751,38.851319],[-78.72353,38.850826],[-78.723412,38.850426],[-78.7234,38.850297],[-78.723615,38.849638],[-78.723633,38.849447],[-78.723589,38.849233],[-78.72328,38.848539],[-78.722932,38.848019],[-78.721918,38.847],[-78.721741,38.846839],[-78.721576,38.846739],[-78.721423,38.846725],[-78.721283,38.846758],[-78.720883,38.846966],[-78.720522,38.847114],[-78.721197,38.84653],[-78.721975,38.845799],[-78.722315,38.845403],[-78.722613,38.845116],[-78.723027,38.844801],[-78.723302,38.844439],[-78.723269,38.844357],[-78.723412,38.8435],[-78.723406,38.843279],[-78.72332,38.843027],[-78.723137,38.842879],[-78.722215,38.842385],[-78.722053,38.842316],[-78.721686,38.842248],[-78.72149,38.842154],[-78.721028,38.841859],[-78.72073,38.841642],[-78.720375,38.841282],[-78.720299,38.841168],[-78.72028,38.841064],[-78.720357,38.840837],[-78.720597,38.840504],[-78.721109,38.839615],[-78.721374,38.83945],[-78.721532,38.839226],[-78.722236,38.838021],[-78.722311,38.837873],[-78.72231,38.837695],[-78.722101,38.837174],[-78.721889,38.836898],[-78.721669,38.836722],[-78.721024,38.836531],[-78.720603,38.836362],[-78.719494,38.835779],[-78.719019,38.835424],[-78.718213,38.835156],[-78.718119,38.835086],[-78.717655,38.834636],[-78.717571,38.834483],[-78.717507,38.833981],[-78.717399,38.833742],[-78.717304,38.833622],[-78.717163,38.833509],[-78.71699,38.833415],[-78.716508,38.833244],[-78.715702,38.832873],[-78.715494,38.832711],[-78.714864,38.831932],[-78.714597,38.83156],[-78.714312,38.830718],[-78.713821,38.829697],[-78.713827,38.829597],[-78.714028,38.829043],[-78.714049,38.828605],[-78.713949,38.828414],[-78.713669,38.828063],[-78.713328,38.827682],[-78.712997,38.827419],[-78.712943,38.8273],[-78.713011,38.827045],[-78.713157,38.826869],[-78.713472,38.82626],[-78.713592,38.825878],[-78.713626,38.825478],[-78.713586,38.825397],[-78.713406,38.825249],[-78.712575,38.824637],[-78.712775,38.824363],[-78.714528,38.821649],[-78.71462,38.821592],[-78.715638,38.82189],[-78.715778,38.82189],[-78.716191,38.821474],[-78.716446,38.821097],[-78.717267,38.820262],[-78.717833,38.819604],[-78.71828,38.819025],[-78.718561,38.818728],[-78.718873,38.818436],[-78.719432,38.818034],[-78.719956,38.817604],[-78.720158,38.817371],[-78.720477,38.816809],[-78.720703,38.81648],[-78.721076,38.815782],[-78.72118,38.815347],[-78.721056,38.814656],[-78.720921,38.814285],[-78.720929,38.814158],[-78.720969,38.81407],[-78.721073,38.813955],[-78.721638,38.813454],[-78.721723,38.813315],[-78.721759,38.813215],[-78.721751,38.81261],[-78.721772,38.812485],[-78.721905,38.812215],[-78.722052,38.811685],[-78.722162,38.811579],[-78.72243,38.81146],[-78.723306,38.811277],[-78.723483,38.811196],[-78.723543,38.811072],[-78.723592,38.810848],[-78.723687,38.810661],[-78.723767,38.810571],[-78.725278,38.810401],[-78.725486,38.810343],[-78.725627,38.810272],[-78.726007,38.809928],[-78.728864,38.806962],[-78.729614,38.806145],[-78.731506,38.805045],[-78.731768,38.805329],[-78.732304,38.805773],[-78.734911,38.808146],[-78.735623,38.808747],[-78.736487,38.809566],[-78.73749,38.810314],[-78.737829,38.810484],[-78.737986,38.810521],[-78.738725,38.810603],[-78.740529,38.810742],[-78.741695,38.810943],[-78.741993,38.811034],[-78.742247,38.811172],[-78.742328,38.811254],[-78.742359,38.811354],[-78.742377,38.811454],[-78.742353,38.811578],[-78.74179,38.812628],[-78.741639,38.812985],[-78.741559,38.813253],[-78.741851,38.813077],[-78.742069,38.812813],[-78.742462,38.812461],[-78.742679,38.812165],[-78.742847,38.811588],[-78.743106,38.810995],[-78.743331,38.810792],[-78.743352,38.810654],[-78.743569,38.810407],[-78.743562,38.810308],[-78.743485,38.810265],[-78.743485,38.810232],[-78.743912,38.809611],[-78.74394,38.809249],[-78.744066,38.808842],[-78.744122,38.808743],[-78.745055,38.807546],[-78.74544,38.807288],[-78.745721,38.806843],[-78.746022,38.806689],[-78.746071,38.806541],[-78.746113,38.806233],[-78.746155,38.8062],[-78.746303,38.806156],[-78.746288,38.805931],[-78.746337,38.805832],[-78.74652,38.805662],[-78.746962,38.805453],[-78.747313,38.805469],[-78.747474,38.805497],[-78.74772,38.805595],[-78.747867,38.805628],[-78.748246,38.80543],[-78.748485,38.805392],[-78.748695,38.805386],[-78.749116,38.805172],[-78.749635,38.805018],[-78.749743,38.804938],[-78.750143,38.804762],[-78.750346,38.804773],[-78.750887,38.804477],[-78.751266,38.80417],[-78.75168,38.803945],[-78.753526,38.803254],[-78.7538,38.803095],[-78.754425,38.802661],[-78.755205,38.801948],[-78.75571,38.801657],[-78.756033,38.801537],[-78.756707,38.801427],[-78.7571,38.8014],[-78.757409,38.801389],[-78.757935,38.801433],[-78.758531,38.801554],[-78.758756,38.801714],[-78.759015,38.801752],[-78.759366,38.801884],[-78.759492,38.801857],[-78.759555,38.801818],[-78.75971,38.801676],[-78.759899,38.801588],[-78.761163,38.800759],[-78.76136,38.800666],[-78.761725,38.800545],[-78.763184,38.800343],[-78.763297,38.800343],[-78.763998,38.800486],[-78.764223,38.800601],[-78.764499,38.800789],[-78.7644,38.800567],[-78.764358,38.800405],[-78.764361,38.800273],[-78.764534,38.799952],[-78.764781,38.799641],[-78.765,38.79931],[-78.765036,38.799159],[-78.764928,38.798652],[-78.76454,38.796307],[-78.764501,38.795893],[-78.764858,38.794369],[-78.764885,38.79358],[-78.764787,38.79223],[-78.764757,38.792089],[-78.764424,38.791486],[-78.764338,38.79113],[-78.764357,38.790844],[-78.764642,38.790151],[-78.764894,38.789121],[-78.76565,38.78762],[-78.765756,38.786177],[-78.76575,38.785792],[-78.7656,38.785065],[-78.765385,38.784468],[-78.7647,38.783688],[-78.764626,38.783583],[-78.764546,38.783383],[-78.764489,38.782735],[-78.764383,38.782006],[-78.764419,38.780953],[-78.76435,38.780514],[-78.764243,38.780285],[-78.763819,38.779984],[-78.763286,38.779515],[-78.762968,38.779156],[-78.762674,38.778762],[-78.762465,38.77857],[-78.760769,38.777587],[-78.760033,38.777232],[-78.759865,38.77712],[-78.759385,38.776694],[-78.75919,38.776588],[-78.759027,38.776538],[-78.757665,38.776245],[-78.757183,38.776095],[-78.756659,38.775851],[-78.756004,38.775458],[-78.755693,38.775302],[-78.755505,38.775241],[-78.755077,38.775166],[-78.754726,38.775016],[-78.7539,38.774582],[-78.751358,38.77314],[-78.749965,38.772465],[-78.749475,38.772161],[-78.749104,38.77186],[-78.748627,38.770941],[-78.748416,38.770661],[-78.748886,38.770521],[-78.74887,38.77048],[-78.748673,38.770321],[-78.748364,38.770156],[-78.747705,38.769701],[-78.747487,38.769635],[-78.7472,38.769795],[-78.74687,38.769899],[-78.745489,38.770136],[-78.745054,38.770169],[-78.74476,38.770152],[-78.744191,38.770049],[-78.743026,38.769698],[-78.742584,38.7695],[-78.7421,38.769221],[-78.741974,38.769039],[-78.741931,38.76882],[-78.741959,38.768644],[-78.742092,38.768238],[-78.742022,38.768139],[-78.741798,38.768155],[-78.741524,38.768139],[-78.741321,38.768101],[-78.740121,38.767783],[-78.739946,38.767695],[-78.739125,38.767163],[-78.738732,38.767141],[-78.738178,38.767245],[-78.737799,38.767405],[-78.737266,38.767449],[-78.737049,38.767499],[-78.735969,38.768026],[-78.735541,38.768257],[-78.735009,38.768614],[-78.734707,38.768763],[-78.734202,38.768922],[-78.734027,38.768949],[-78.733157,38.768988],[-78.732582,38.768923],[-78.731165,38.768539],[-78.730071,38.768204],[-78.729692,38.768029],[-78.728611,38.767398],[-78.727924,38.767101],[-78.727517,38.766854],[-78.726022,38.765856],[-78.724619,38.765032],[-78.723861,38.764407],[-78.723461,38.764028],[-78.723237,38.763869],[-78.722725,38.763248],[-78.722465,38.76287],[-78.722409,38.762738],[-78.72231,38.76231],[-78.722191,38.762079],[-78.721974,38.76187],[-78.72149,38.761547],[-78.721097,38.761118],[-78.7209,38.760998],[-78.720662,38.76097],[-78.72043,38.761003],[-78.71982,38.761272],[-78.718488,38.761641],[-78.716938,38.761811],[-78.715683,38.76174],[-78.714974,38.761735],[-78.714809,38.761712],[-78.714782,38.762102],[-78.714705,38.762324],[-78.716906,38.763193],[-78.71747,38.763469],[-78.718653,38.764135],[-78.719173,38.764468],[-78.71989,38.765005],[-78.718303,38.768686],[-78.718133,38.768959],[-78.717774,38.769381],[-78.717574,38.769565],[-78.717213,38.769833],[-78.716297,38.77042],[-78.715131,38.771055],[-78.714401,38.771408],[-78.713909,38.771716],[-78.713647,38.771968],[-78.71281,38.772918],[-78.710189,38.775153],[-78.710098,38.774991],[-78.709916,38.774783],[-78.707835,38.7729],[-78.705314,38.770294],[-78.702775,38.768316],[-78.702647,38.768092],[-78.702644,38.76761],[-78.702609,38.767512],[-78.702543,38.76743],[-78.702385,38.767327],[-78.700983,38.766732],[-78.700664,38.766565],[-78.700571,38.766484],[-78.7005,38.766365],[-78.70042,38.766013],[-78.700016,38.765998],[-78.699598,38.765948],[-78.699129,38.765851],[-78.69879,38.765748],[-78.698327,38.765572],[-78.690785,38.762363],[-78.690472,38.762239],[-78.68987,38.762087],[-78.689402,38.762039],[-78.689081,38.762038],[-78.685655,38.762283],[-78.683805,38.762389],[-78.684139,38.76314],[-78.684523,38.763936],[-78.684621,38.764089],[-78.684689,38.764166],[-78.685371,38.764593],[-78.685511,38.764731],[-78.685566,38.764831],[-78.685579,38.765012],[-78.685349,38.76557],[-78.683178,38.769471],[-78.680807,38.771671],[-78.675482,38.776473],[-78.671251,38.780369],[-78.671264,38.780436],[-78.672246,38.78105],[-78.672222,38.781159],[-78.666291,38.78674],[-78.661447,38.791268],[-78.661212,38.791463],[-78.651034,38.801043],[-78.649548,38.802392],[-78.649449,38.802508],[-78.649169,38.802602],[-78.648557,38.802618],[-78.648382,38.802691],[-78.648256,38.802826],[-78.648129,38.803056],[-78.647285,38.804732],[-78.647199,38.804839],[-78.647034,38.804938],[-78.6468,38.804995],[-78.646145,38.805024],[-78.640489,38.805209],[-78.637492,38.805268],[-78.637531,38.805125],[-78.63752,38.804544],[-78.637264,38.800499],[-78.637291,38.799803],[-78.637213,38.798935],[-78.637107,38.796497],[-78.637111,38.796208],[-78.637278,38.795505],[-78.63733,38.795157],[-78.637273,38.794933],[-78.637144,38.794719],[-78.636778,38.794378],[-78.636125,38.793976],[-78.635307,38.793594],[-78.634749,38.794404],[-78.634668,38.794508],[-78.634472,38.794672],[-78.634087,38.794855],[-78.633297,38.795117],[-78.632779,38.795347],[-78.63101,38.796272],[-78.629997,38.796843],[-78.629614,38.797104],[-78.626885,38.798425],[-78.626033,38.798733],[-78.625153,38.798998],[-78.624791,38.799171],[-78.624499,38.799421],[-78.624126,38.799848],[-78.622644,38.801722],[-78.622314,38.802082],[-78.621176,38.803028],[-78.620672,38.803299],[-78.618217,38.804746],[-78.616338,38.805804],[-78.615771,38.806083],[-78.615458,38.806218],[-78.613475,38.806871],[-78.610326,38.807626],[-78.606776,38.808522],[-78.605688,38.808751],[-78.603005,38.809199],[-78.602571,38.809302],[-78.600231,38.810034],[-78.599778,38.81015],[-78.599332,38.810237],[-78.598548,38.810291],[-78.597016,38.811741],[-78.594953,38.813764],[-78.591936,38.816576],[-78.589002,38.819373],[-78.587376,38.820886],[-78.581521,38.825999],[-78.580564,38.826705],[-78.579055,38.828088],[-78.576705,38.830152],[-78.581392,38.831903],[-78.582751,38.832338],[-78.584001,38.832643],[-78.583934,38.832867],[-78.582077,38.837347],[-78.581227,38.839203],[-78.580986,38.839897],[-78.580896,38.840258],[-78.580561,38.841829],[-78.580429,38.842797],[-78.579687,38.846804],[-78.579534,38.847429],[-78.579293,38.84865],[-78.579303,38.848976],[-78.579336,38.849093],[-78.579426,38.849335],[-78.579742,38.849898],[-78.579733,38.850198],[-78.57964,38.850497],[-78.57918,38.851483],[-78.578981,38.852114],[-78.578962,38.852678],[-78.578996,38.852914],[-78.579297,38.853957],[-78.57948,38.854742],[-78.579333,38.855182],[-78.57927,38.855473],[-78.579243,38.855972],[-78.579296,38.856235],[-78.57963,38.856851],[-78.579644,38.857059],[-78.579509,38.857349],[-78.579003,38.858741],[-78.57855,38.859788],[-78.577689,38.862005],[-78.577074,38.863631],[-78.577023,38.863879],[-78.580874,38.861666],[-78.582622,38.860626],[-78.585495,38.859034],[-78.587307,38.85798],[-78.590902,38.855964],[-78.590993,38.85619],[-78.59136,38.857642],[-78.591381,38.857845],[-78.59136,38.85807],[-78.590838,38.860751],[-78.590824,38.860866],[-78.590908,38.861076],[-78.59107,38.861233],[-78.591352,38.861374],[-78.594014,38.86216],[-78.594213,38.86231],[-78.594241,38.862431],[-78.591779,38.867147],[-78.591695,38.867224],[-78.591575,38.867257],[-78.591435,38.867246],[-78.590355,38.866929],[-78.590243,38.866962],[-78.59017,38.867055],[-78.589693,38.867993],[-78.589725,38.868099],[-78.589957,38.868201],[-78.590006,38.868273],[-78.589985,38.868371],[-78.58967,38.868914],[-78.587414,38.873221],[-78.587912,38.873254],[-78.588522,38.873263],[-78.592022,38.873279],[-78.595876,38.872995],[-78.596382,38.873011],[-78.596975,38.873117],[-78.597555,38.873291],[-78.597832,38.873406],[-78.598217,38.873612],[-78.599891,38.874602],[-78.600927,38.875246],[-78.601583,38.875619],[-78.602238,38.875951],[-78.602892,38.876259],[-78.603818,38.876583],[-78.606749,38.87723],[-78.607408,38.877354],[-78.60818,38.87746],[-78.61245,38.877928],[-78.610864,38.880187],[-78.610274,38.881065],[-78.610049,38.881483],[-78.608238,38.886063],[-78.608286,38.886239],[-78.608375,38.886364],[-78.608506,38.886457],[-78.609141,38.886756],[-78.611358,38.888176],[-78.6096,38.889969],[-78.609408,38.890219],[-78.609222,38.89061],[-78.609122,38.89087],[-78.608664,38.89373],[-78.608586,38.894038],[-78.60874,38.893995],[-78.632041,38.904693],[-78.63786,38.907365],[-78.63808,38.9072],[-78.638285,38.907108],[-78.638425,38.907062],[-78.638565,38.907049],[-78.638683,38.907067],[-78.639067,38.907272],[-78.639198,38.907404],[-78.639679,38.907788],[-78.640024,38.907966],[-78.640839,38.908303],[-78.640944,38.908445],[-78.640956,38.908536],[-78.640922,38.908771],[-78.657683,38.916467],[-78.657859,38.916635],[-78.65784,38.916683],[-78.660129,38.917934],[-78.677452,38.927916]]]},"properties":{"UNIQUE_ID":"Shenandoah County-:-201 - Conicville","COUNTYFP":"171","locality":"Shenandoah County","precinct":"201 - Conicville","dem24":474,"rep24":1853}},
{"type":"Feature","geometry":{"type":"Polygon","coordinates":[[[-78.714809,38.761712],[-78.714824,38.761487],[-78.714298,38.761483],[-78.714121,38.76144],[-78.713865,38.761321],[-78.713645,38.761169],[-78.713486,38.761017],[-78.713217,38.760374],[-78.713189,38.759676],[-78.712938,38.759016],[-78.712884,38.75875],[-78.712751,38.758459],[-78.712515,38.758002],[-78.712313,38.75769],[-78.711676,38.756782],[-78.711496,38.756572],[-78.711326,38.756427],[-78.711258,38.756297],[-78.711293,38.756206],[-78.71166,38.756044],[-78.712026,38.755814],[-78.713631,38.754499],[-78.713546,38.754401],[-78.712211,38.753804],[-78.712179,38.753734],[-78.712205,38.753655],[-78.71264,38.753275],[-78.712724,38.753092],[-78.712639,38.752922],[-78.71201,38.752203],[-78.71073,38.750458],[-78.710627,38.750117],[-78.710494,38.749876],[-78.709493,38.749071],[-78.708784,38.74859],[-78.708227,38.748174],[-78.70661,38.74683],[-78.706595,38.746723],[-78.706724,38.746532],[-78.708766,38.744884],[-78.710018,38.743833],[-78.71124,38.742889],[-78.711521,38.74265],[-78.71168,38.742441],[-78.711703,38.74231],[-78.711672,38.742179],[-78.711113,38.741054],[-78.711052,38.740881],[-78.710922,38.740679],[-78.710739,38.740518],[-78.71006,38.740108],[-78.709025,38.739711],[-78.708377,38.739265],[-78.70814,38.739051],[-78.70801,38.738896],[-78.707911,38.738712],[-78.707864,38.738508],[-78.708036,38.737407],[-78.707388,38.735828],[-78.707219,38.735538],[-78.705871,38.733942],[-78.703642,38.735204],[-78.70215,38.736],[-78.699472,38.737214],[-78.692939,38.740273],[-78.692131,38.74076],[-78.689505,38.742571],[-78.686528,38.737962],[-78.686492,38.737836],[-78.686505,38.737211],[-78.684728,38.73261],[-78.683965,38.730466],[-78.683873,38.730336],[-78.683756,38.730258],[-78.683615,38.730212],[-78.680053,38.730511],[-78.682363,38.729945],[-78.683502,38.729257],[-78.685488,38.72825],[-78.685517,38.727815],[-78.685488,38.72761],[-78.685751,38.727244],[-78.68578,38.726992],[-78.685313,38.726466],[-78.685313,38.726168],[-78.685546,38.725917],[-78.685576,38.725687],[-78.684848,38.724774],[-78.684671,38.724381],[-78.683822,38.723519],[-78.683319,38.721934],[-78.683473,38.721591],[-78.683613,38.721557],[-78.683787,38.721463],[-78.68406,38.721256],[-78.685544,38.719909],[-78.687921,38.71781],[-78.688085,38.717617],[-78.688894,38.7164],[-78.688971,38.716246],[-78.688644,38.716102],[-78.687821,38.715633],[-78.687578,38.715397],[-78.687551,38.715275],[-78.687569,38.715118],[-78.688119,38.712729],[-78.688118,38.7124],[-78.688054,38.712293],[-78.687917,38.712243],[-78.68769,38.712203],[-78.686164,38.712053],[-78.685567,38.712042],[-78.684777,38.711919],[-78.684622,38.711948],[-78.684467,38.712012],[-78.684139,38.712228],[-78.684011,38.712285],[-78.683737,38.712307],[-78.68328,38.712165],[-78.682741,38.711822],[-78.68247,38.711705],[-78.682303,38.71168],[-78.681883,38.711788],[-78.681701,38.711752],[-78.680101,38.710611],[-78.679918,38.710539],[-78.679565,38.71046],[-78.679424,38.71076],[-78.677832,38.712237],[-78.677495,38.712502],[-78.676866,38.712897],[-78.675973,38.71352],[-78.675281,38.71405],[-78.675081,38.714236],[-78.675017,38.714473],[-78.675027,38.714594],[-78.675091,38.714723],[-78.675366,38.71503],[-78.675421,38.715208],[-78.675412,38.71538],[-78.675349,38.715523],[-78.675248,38.715652],[-78.674793,38.716103],[-78.673711,38.717107],[-78.672911,38.716486],[-78.673285,38.716185],[-78.671063,38.714531],[-78.669715,38.713634],[-78.667461,38.71197],[-78.666629,38.711413],[-78.662951,38.708782],[-78.661841,38.709132],[-78.661159,38.706536],[-78.660754,38.705301],[-78.66055,38.704411],[-78.660349,38.703683],[-78.65977,38.703769],[-78.65956,38.703351],[-78.659007,38.703512],[-78.659179,38.703872],[-78.657988,38.704238],[-78.65789,38.704082],[-78.657518,38.703847],[-78.656844,38.702987],[-78.656393,38.701904],[-78.65498,38.702372],[-78.655079,38.702623],[-78.655183,38.703049],[-78.655251,38.703804],[-78.655207,38.704452],[-78.655312,38.70511],[-78.654659,38.705321],[-78.654386,38.704782],[-78.653293,38.705097],[-78.653593,38.705671],[-78.653226,38.705794],[-78.652732,38.706],[-78.650205,38.707146],[-78.649572,38.707394],[-78.648872,38.707578],[-78.648518,38.707599],[-78.648082,38.707578],[-78.647494,38.71147],[-78.643872,38.71162],[-78.642634,38.711894],[-78.641513,38.7121],[-78.640662,38.712177],[-78.638447,38.71221],[-78.638109,38.71224],[-78.637867,38.712271],[-78.637596,38.712355],[-78.637113,38.712575],[-78.636649,38.712651],[-78.63632,38.712659],[-78.635411,38.712744],[-78.635044,38.712714],[-78.6348,38.712643],[-78.634621,38.712551],[-78.62777,38.707896],[-78.62768,38.707891],[-78.627577,38.707918],[-78.626343,38.708598],[-78.624567,38.7094],[-78.624137,38.709657],[-78.623824,38.709879],[-78.623532,38.710198],[-78.62305,38.710585],[-78.622366,38.710976],[-78.621851,38.7112],[-78.621503,38.711284],[-78.621303,38.711281],[-78.620967,38.711143],[-78.620825,38.711049],[-78.621621,38.710849],[-78.62249,38.710288],[-78.623197,38.710041],[-78.623393,38.709909],[-78.623435,38.709843],[-78.623463,38.709706],[-78.6234,38.70914],[-78.62328,38.708624],[-78.623455,38.708031],[-78.623595,38.707707],[-78.62372,38.706515],[-78.623874,38.705972],[-78.624182,38.705455],[-78.624329,38.70528],[-78.62456,38.705077],[-78.624742,38.704978],[-78.625009,38.704782],[-78.62529,38.704491],[-78.625472,38.704393],[-78.6259,38.704283],[-78.626391,38.70397],[-78.62658,38.703817],[-78.626454,38.703828],[-78.625942,38.703959],[-78.625739,38.70397],[-78.625242,38.703821],[-78.624138,38.703715],[-78.62376,38.703644],[-78.623472,38.703726],[-78.622989,38.703738],[-78.621475,38.703508],[-78.620347,38.703267],[-78.620081,38.703157],[-78.619443,38.7028],[-78.618987,38.702306],[-78.617479,38.701214],[-78.617416,38.701072],[-78.617437,38.700885],[-78.616889,38.701705],[-78.616589,38.702225],[-78.61627,38.70263],[-78.616174,38.70269],[-78.616061,38.70272],[-78.615619,38.702698],[-78.615133,38.702731],[-78.6142,38.702985],[-78.614018,38.703001],[-78.613871,38.702983],[-78.613232,38.702762],[-78.612925,38.702723],[-78.612765,38.702748],[-78.61221,38.702961],[-78.611944,38.703037],[-78.611677,38.703054],[-78.611448,38.7031],[-78.611322,38.703156],[-78.611102,38.703372],[-78.610419,38.704372],[-78.610078,38.704746],[-78.609454,38.70528],[-78.608853,38.705973],[-78.608188,38.706672],[-78.608016,38.7068],[-78.607884,38.70686],[-78.607584,38.706913],[-78.607452,38.706963],[-78.606618,38.70667],[-78.606224,38.706369],[-78.605682,38.706424],[-78.605088,38.706786],[-78.603489,38.707013],[-78.603052,38.707128],[-78.602499,38.707104],[-78.601683,38.706831],[-78.601287,38.70681],[-78.601099,38.706813],[-78.601007,38.706967],[-78.601036,38.707066],[-78.600392,38.706887],[-78.599923,38.706695],[-78.599678,38.706566],[-78.598002,38.706572],[-78.595956,38.706435],[-78.593593,38.706099],[-78.592308,38.705524],[-78.590584,38.704694],[-78.588666,38.703917],[-78.585708,38.702942],[-78.583027,38.701821],[-78.581624,38.701285],[-78.579767,38.700388],[-78.579078,38.699673],[-78.579074,38.699668],[-78.576026,38.704058],[-78.574818,38.704755],[-78.573677,38.706427],[-78.573084,38.706985],[-78.57247,38.707374],[-78.571655,38.708674],[-78.571135,38.709312],[-78.570111,38.709944],[-78.569376,38.710784],[-78.567989,38.712545],[-78.565598,38.714922],[-78.561193,38.719085],[-78.55865,38.722091],[-78.557477,38.723569],[-78.556204,38.725757],[-78.554864,38.72701],[-78.554139,38.727737],[-78.553592,38.729326],[-78.552405,38.730208],[-78.551731,38.730976],[-78.551383,38.733345],[-78.550165,38.736346],[-78.548943,38.73855],[-78.548831,38.738663],[-78.54691,38.73803],[-78.547152,38.738222],[-78.548166,38.738844],[-78.548516,38.738996],[-78.548714,38.739015],[-78.549275,38.739129],[-78.549856,38.739438],[-78.550228,38.7396],[-78.550591,38.739676],[-78.549533,38.742153],[-78.559387,38.749022],[-78.560385,38.74976],[-78.5611,38.750123],[-78.578761,38.762911],[-78.584843,38.767272],[-78.58774,38.769412],[-78.583071,38.774423],[-78.582435,38.775138],[-78.581507,38.776106],[-78.578539,38.77934],[-78.577741,38.780041],[-78.57523,38.78277],[-78.571127,38.787327],[-78.56977,38.788881],[-78.570805,38.789167],[-78.571747,38.789486],[-78.572912,38.78978],[-78.573299,38.789505],[-78.573896,38.789168],[-78.576435,38.788038],[-78.576972,38.787905],[-78.577138,38.787904],[-78.577434,38.78796],[-78.577662,38.788082],[-78.577852,38.788232],[-78.578905,38.789217],[-78.578914,38.789363],[-78.579342,38.790028],[-78.579539,38.790599],[-78.579768,38.791065],[-78.580606,38.790531],[-78.580977,38.790366],[-78.581222,38.790328],[-78.581725,38.7904],[-78.581834,38.790343],[-78.582765,38.790403],[-78.583438,38.790353],[-78.58481,38.790548],[-78.585109,38.790482],[-78.586386,38.790482],[-78.586648,38.790374],[-78.587991,38.790493],[-78.588527,38.790424],[-78.58879,38.790316],[-78.588815,38.790211],[-78.589191,38.789829],[-78.589545,38.78909],[-78.589667,38.788406],[-78.590216,38.788434],[-78.590363,38.788527],[-78.590497,38.788532],[-78.59063,38.788461],[-78.590735,38.788346],[-78.590966,38.788214],[-78.591114,38.788087],[-78.591268,38.788027],[-78.59192,38.788104],[-78.592278,38.788021],[-78.59272,38.788005],[-78.593871,38.788109],[-78.594039,38.788153],[-78.594243,38.788246],[-78.594692,38.788652],[-78.595337,38.788926],[-78.595751,38.789053],[-78.596635,38.789096],[-78.597176,38.789211],[-78.597372,38.789277],[-78.597477,38.789371],[-78.597729,38.789524],[-78.597558,38.794437],[-78.597448,38.794937],[-78.597235,38.79555],[-78.596706,38.796857],[-78.596402,38.797528],[-78.595828,38.799038],[-78.595609,38.799926],[-78.595005,38.803263],[-78.594856,38.803998],[-78.594762,38.804296],[-78.594381,38.805134],[-78.59399,38.805726],[-78.593727,38.806066],[-78.593529,38.806293],[-78.592994,38.806798],[-78.591997,38.807681],[-78.59258,38.808095],[-78.593391,38.808582],[-78.594573,38.80914],[-78.596567,38.809972],[-78.597183,38.810149],[-78.597728,38.810237],[-78.598548,38.810291],[-78.599332,38.810237],[-78.599778,38.81015],[-78.600231,38.810034],[-78.602571,38.809302],[-78.603005,38.809199],[-78.605688,38.808751],[-78.606776,38.808522],[-78.610326,38.807626],[-78.613475,38.806871],[-78.615458,38.806218],[-78.615771,38.806083],[-78.616338,38.805804],[-78.618217,38.804746],[-78.620672,38.803299],[-78.621176,38.803028],[-78.622314,38.802082],[-78.622644,38.801722],[-78.624126,38.799848],[-78.624499,38.799421],[-78.624791,38.799171],[-78.625153,38.798998],[-78.626033,38.798733],[-78.626885,38.798425],[-78.629614,38.797104],[-78.629997,38.796843],[-78.63101,38.796272],[-78.632779,38.795347],[-78.633297,38.795117],[-78.634087,38.794855],[-78.634472,38.794672],[-78.634668,38.794508],[-78.634749,38.794404],[-78.635307,38.793594],[-78.636125,38.793976],[-78.636778,38.794378],[-78.637144,38.794719],[-78.637273,38.794933],[-78.63733,38.795157],[-78.637278,38.795505],[-78.637111,38.796208],[-78.637107,38.796497],[-78.637213,38.798935],[-78.637291,38.799803],[-78.637264,38.800499],[-78.63752,38.804544],[-78.637531,38.805125],[-78.637492,38.805268],[-78.640489,38.805209],[-78.646145,38.805024],[-78.6468,38.804995],[-78.647034,38.804938],[-78.647199,38.804839],[-78.647285,38.804732],[-78.648129,38.803056],[-78.648256,38.802826],[-78.648382,38.802691],[-78.648557,38.802618],[-78.649169,38.802602],[-78.649449,38.802508],[-78.649548,38.802392],[-78.651034,38.801043],[-78.661212,38.791463],[-78.661447,38.791268],[-78.666291,38.78674],[-78.672222,38.781159],[-78.672246,38.78105],[-78.671264,38.780436],[-78.671251,38.780369],[-78.675482,38.776473],[-78.680807,38.771671],[-78.683178,38.769471],[-78.685349,38.76557],[-78.685579,38.765012],[-78.685566,38.764831],[-78.685511,38.764731],[-78.685371,38.764593],[-78.684689,38.764166],[-78.684621,38.764089],[-78.684523,38.763936],[-78.684139,38.76314],[-78.683805,38.762389],[-78.685655,38.762283],[-78.689081,38.762038],[-78.689402,38.762039],[-78.68987,38.762087],[-78.690472,38.762239],[-78.690785,38.762363],[-78.698327,38.765572],[-78.69879,38.765748],[-78.699129,38.765851],[-78.699598,38.765948],[-78.700016,38.765998],[-78.70042,38.766013],[-78.7005,38.766365],[-78.700571,38.766484],[-78.700664,38.766565],[-78.700983,38.766732],[-78.702385,38.767327],[-78.702543,38.76743],[-78.702609,38.767512],[-78.702644,38.76761],[-78.702647,38.768092],[-78.702775,38.768316],[-78.705314,38.770294],[-78.707835,38.7729],[-78.709916,38.774783],[-78.710098,38.774991],[-78.710189,38.775153],[-78.71281,38.772918],[-78.713647,38.771968],[-78.713909,38.771716],[-78.714401,38.771408],[-78.715131,38.771055],[-78.716297,38.77042],[-78.717213,38.769833],[-78.717574,38.769565],[-78.717774,38.769381],[-78.718133,38.768959],[-78.718303,38.768686],[-78.71989,38.765005],[-78.719173,38.764468],[-78.718653,38.764135],[-78.71747,38.763469],[-78.716906,38.763193],[-78.714705,38.762324],[-78.714782,38.762102],[-78.714809,38.761712]]]},"properties":{"UNIQUE_ID":"Shenandoah County-:-202 - Mount Jackson","COUNTYFP":"171","locality":"Shenandoah County","precinct":"202 - Mt Jackson","dem24":416,"rep24":1224}},
{"type":"Feature","geometry":{"type":"Polygon","coordinates":[[[-78.541264,38.869581],[-78.545462,38.867423],[-78.547354,38.866416],[-78.547416,38.866351],[-78.547622,38.866352],[-78.547983,38.866275],[-78.548155,38.866165],[-78.54898,38.864887],[-78.54931,38.864485],[-78.549702,38.86414],[-78.549929,38.863778],[-78.550058,38.863512],[-78.550285,38.863261],[-78.550521,38.863211],[-78.55087,38.863206],[-78.551513,38.863053],[-78.551859,38.863024],[-78.55281,38.863153],[-78.55402,38.863112],[-78.554335,38.863156],[-78.554698,38.863267],[-78.554953,38.863381],[-78.555248,38.863561],[-78.555639,38.863913],[-78.555723,38.864081],[-78.555694,38.864262],[-78.555537,38.864768],[-78.555329,38.865256],[-78.555018,38.865608],[-78.554576,38.866209],[-78.554419,38.866652],[-78.554247,38.867841],[-78.554131,38.868248],[-78.554127,38.868711],[-78.554248,38.86944],[-78.554344,38.869894],[-78.554502,38.870289],[-78.554547,38.870543],[-78.554553,38.870781],[-78.554447,38.871092],[-78.554232,38.871402],[-78.552985,38.873013],[-78.552884,38.873097],[-78.552777,38.873113],[-78.55249,38.873068],[-78.552293,38.873109],[-78.552012,38.873226],[-78.55174,38.873413],[-78.551452,38.87392],[-78.550995,38.874831],[-78.551704,38.874756],[-78.552412,38.874753],[-78.553795,38.874859],[-78.554502,38.874826],[-78.555108,38.874734],[-78.555645,38.874557],[-78.55613,38.874316],[-78.557119,38.873706],[-78.557804,38.873318],[-78.558421,38.873069],[-78.560981,38.872212],[-78.561852,38.871877],[-78.562951,38.871411],[-78.564228,38.870814],[-78.565411,38.870173],[-78.567159,38.869069],[-78.569165,38.867916],[-78.570065,38.867315],[-78.570704,38.86693],[-78.571953,38.866365],[-78.573318,38.865844],[-78.574876,38.865049],[-78.577023,38.863879],[-78.577074,38.863631],[-78.577689,38.862005],[-78.57855,38.859788],[-78.579003,38.858741],[-78.579509,38.857349],[-78.579644,38.857059],[-78.57963,38.856851],[-78.579296,38.856235],[-78.579243,38.855972],[-78.57927,38.855473],[-78.579333,38.855182],[-78.57948,38.854742],[-78.579297,38.853957],[-78.578996,38.852914],[-78.578962,38.852678],[-78.578981,38.852114],[-78.57918,38.851483],[-78.57964,38.850497],[-78.579733,38.850198],[-78.579742,38.849898],[-78.579426,38.849335],[-78.579336,38.849093],[-78.579303,38.848976],[-78.579293,38.84865],[-78.579534,38.847429],[-78.579687,38.846804],[-78.580429,38.842797],[-78.580561,38.841829],[-78.580896,38.840258],[-78.580986,38.839897],[-78.581227,38.839203],[-78.582077,38.837347],[-78.583934,38.832867],[-78.584001,38.832643],[-78.582751,38.832338],[-78.581392,38.831903],[-78.576705,38.830152],[-78.579055,38.828088],[-78.580564,38.826705],[-78.581521,38.825999],[-78.587376,38.820886],[-78.589002,38.819373],[-78.591936,38.816576],[-78.594953,38.813764],[-78.597016,38.811741],[-78.598548,38.810291],[-78.597728,38.810237],[-78.597183,38.810149],[-78.596567,38.809972],[-78.594573,38.80914],[-78.593391,38.808582],[-78.59258,38.808095],[-78.591997,38.807681],[-78.592994,38.806798],[-78.593529,38.806293],[-78.593727,38.806066],[-78.59399,38.805726],[-78.594381,38.805134],[-78.594762,38.804296],[-78.594856,38.803998],[-78.595005,38.803263],[-78.595609,38.799926],[-78.595828,38.799038],[-78.596402,38.797528],[-78.596706,38.796857],[-78.597235,38.79555],[-78.597448,38.794937],[-78.597558,38.794437],[-78.597729,38.789524],[-78.597477,38.789371],[-78.597372,38.789277],[-78.597176,38.789211],[-78.596635,38.789096],[-78.595751,38.789053],[-78.595337,38.788926],[-78.594692,38.788652],[-78.594243,38.788246],[-78.594039,38.788153],[-78.593871,38.788109],[-78.59272,38.788005],[-78.592278,38.788021],[-78.59192,38.788104],[-78.591268,38.788027],[-78.591114,38.788087],[-78.590966,38.788214],[-78.590735,38.788346],[-78.59063,38.788461],[-78.590497,38.788532],[-78.590363,38.788527],[-78.590216,38.788434],[-78.589667,38.788406],[-78.589545,38.78909],[-78.589191,38.789829],[-78.588815,38.790211],[-78.58879,38.790316],[-78.588527,38.790424],[-78.587991,38.790493],[-78.586648,38.790374],[-78.586386,38.790482],[-78.585109,38.790482],[-78.58481,38.790548],[-78.583438,38.790353],[-78.582765,38.790403],[-78.581834,38.790343],[-78.581725,38.7904],[-78.581222,38.790328],[-78.580977,38.790366],[-78.580606,38.790531],[-78.579768,38.791065],[-78.579539,38.790599],[-78.579342,38.790028],[-78.578914,38.789363],[-78.578905,38.789217],[-78.577852,38.788232],[-78.577662,38.788082],[-78.577434,38.78796],[-78.577138,38.787904],[-78.576972,38.787905],[-78.576435,38.788038],[-78.573896,38.789168],[-78.573299,38.789505],[-78.572912,38.78978],[-78.571747,38.789486],[-78.570805,38.789167],[-78.56977,38.788881],[-78.571127,38.787327],[-78.57523,38.78277],[-78.577741,38.780041],[-78.578539,38.77934],[-78.581507,38.776106],[-78.582435,38.775138],[-78.583071,38.774423],[-78.58774,38.769412],[-78.584843,38.767272],[-78.578761,38.762911],[-78.5611,38.750123],[-78.560385,38.74976],[-78.559387,38.749022],[-78.549533,38.742153],[-78.542959,38.750127],[-78.525991,38.770127],[-78.50754,38.791766],[-78.499813,38.801215],[-78.496194,38.805598],[-78.482124,38.823812],[-78.489501,38.827341],[-78.492787,38.828914],[-78.499717,38.831988],[-78.505469,38.834359],[-78.50917,38.835944],[-78.510479,38.836441],[-78.510871,38.83747],[-78.511066,38.838222],[-78.511228,38.838425],[-78.511249,38.838485],[-78.511242,38.838848],[-78.511129,38.839523],[-78.510981,38.840176],[-78.510847,38.841071],[-78.510797,38.84123],[-78.510685,38.841477],[-78.510488,38.84173],[-78.509729,38.842311],[-78.509645,38.842536],[-78.509511,38.842729],[-78.509445,38.842772],[-78.509272,38.842689],[-78.509004,38.842494],[-78.508215,38.842105],[-78.507629,38.841744],[-78.507527,38.841701],[-78.507436,38.841705],[-78.505921,38.840682],[-78.504988,38.840666],[-78.504382,38.840905],[-78.503659,38.841488],[-78.503252,38.84193],[-78.502812,38.842179],[-78.503107,38.842602],[-78.503513,38.842878],[-78.503977,38.843308],[-78.504769,38.843747],[-78.506589,38.845024],[-78.506772,38.84505],[-78.507962,38.845801],[-78.509008,38.846168],[-78.509083,38.846251],[-78.509357,38.84629],[-78.509515,38.846422],[-78.51057,38.846754],[-78.511342,38.847082],[-78.511416,38.847165],[-78.512068,38.847403],[-78.512168,38.847381],[-78.512243,38.847465],[-78.512812,38.847655],[-78.513144,38.847847],[-78.513464,38.847893],[-78.513878,38.848134],[-78.514282,38.848228],[-78.515211,38.848687],[-78.515943,38.848792],[-78.516092,38.848958],[-78.516412,38.849004],[-78.516661,38.849148],[-78.517064,38.849242],[-78.517176,38.849367],[-78.517953,38.849478],[-78.518062,38.849421],[-78.519325,38.849674],[-78.519654,38.849684],[-78.520271,38.849482],[-78.520691,38.849506],[-78.520891,38.849461],[-78.521577,38.849559],[-78.522743,38.849435],[-78.523297,38.849297],[-78.523663,38.849349],[-78.524183,38.84935],[-78.524346,38.849265],[-78.524783,38.849218],[-78.525509,38.848959],[-78.526214,38.848587],[-78.526456,38.848368],[-78.526727,38.848225],[-78.526816,38.848056],[-78.527229,38.847716],[-78.527272,38.84754],[-78.527497,38.847391],[-78.527531,38.847251],[-78.527908,38.846869],[-78.528412,38.845961],[-78.528909,38.845669],[-78.529095,38.845877],[-78.529224,38.845931],[-78.530067,38.846161],[-78.531435,38.846723],[-78.531775,38.846932],[-78.530725,38.8481],[-78.52991,38.848956],[-78.529409,38.849543],[-78.529025,38.850057],[-78.528628,38.850719],[-78.527289,38.853575],[-78.52604,38.856155],[-78.525749,38.85666],[-78.525237,38.857401],[-78.524728,38.858067],[-78.524757,38.858119],[-78.526798,38.859158],[-78.525864,38.860264],[-78.527277,38.86093],[-78.5285,38.859953],[-78.529793,38.860558],[-78.531487,38.861399],[-78.532443,38.861788],[-78.532715,38.861871],[-78.533826,38.862203],[-78.535099,38.860119],[-78.536848,38.860674],[-78.538938,38.861293],[-78.538995,38.862202],[-78.537369,38.862295],[-78.537282,38.86249],[-78.537962,38.862738],[-78.537971,38.86277],[-78.537478,38.863934],[-78.540736,38.864779],[-78.541254,38.863521],[-78.541317,38.863531],[-78.54199,38.863839],[-78.542989,38.864332],[-78.540884,38.866378],[-78.540636,38.866684],[-78.54035,38.86713],[-78.540023,38.86747],[-78.53968,38.867268],[-78.539549,38.86715],[-78.539115,38.868091],[-78.539848,38.868533],[-78.541264,38.869581]]]},"properties":{"UNIQUE_ID":"Shenandoah County-:-302 - Edinburg","COUNTYFP":"171","locality":"Shenandoah County","precinct":"302 - Edinburg","dem24":415,"rep24":1107}},
{"type":"Feature","geometry":{"type":"Polygon","coordinates":[[[-78.484896,38.92636],[-78.483193,38.92825],[-78.482612,38.928854],[-78.480676,38.930777],[-78.478838,38.932485],[-78.477041,38.934033],[-78.475686,38.935138],[-78.468715,38.940637],[-78.469081,38.941106],[-78.469263,38.941458],[-78.469313,38.941682],[-78.469356,38.94235],[-78.469402,38.942544],[-78.469468,38.942674],[-78.469598,38.942741],[-78.469818,38.942743],[-78.470898,38.942546],[-78.471044,38.942544],[-78.471158,38.942574],[-78.471244,38.942633],[-78.471467,38.942953],[-78.471884,38.943244],[-78.472046,38.943504],[-78.472071,38.943588],[-78.471986,38.944016],[-78.471409,38.944403],[-78.471383,38.944435],[-78.471394,38.94454],[-78.472185,38.946166],[-78.472273,38.946289],[-78.472848,38.946858],[-78.473038,38.947023],[-78.473236,38.947152],[-78.473729,38.947288],[-78.475144,38.947737],[-78.475317,38.947739],[-78.475464,38.947642],[-78.476627,38.9463],[-78.477036,38.945992],[-78.477443,38.945808],[-78.477804,38.945742],[-78.479532,38.945608],[-78.479655,38.945659],[-78.480148,38.946009],[-78.480199,38.946003],[-78.480308,38.945928],[-78.480608,38.945564],[-78.480785,38.945445],[-78.480909,38.945479],[-78.481168,38.945452],[-78.481146,38.945575],[-78.481166,38.94564],[-78.481384,38.945954],[-78.481446,38.946101],[-78.481329,38.946734],[-78.481281,38.947353],[-78.481133,38.948093],[-78.481108,38.94838],[-78.481219,38.949393],[-78.481207,38.949583],[-78.481048,38.950051],[-78.480929,38.950163],[-78.480634,38.950536],[-78.479837,38.951679],[-78.479771,38.951844],[-78.479753,38.952192],[-78.479868,38.952874],[-78.479856,38.953399],[-78.479821,38.953538],[-78.479471,38.954071],[-78.479283,38.95431],[-78.479681,38.954504],[-78.480011,38.954603],[-78.480336,38.954666],[-78.482327,38.954875],[-78.482833,38.95498],[-78.483347,38.955236],[-78.485381,38.956527],[-78.484187,38.957598],[-78.482506,38.959341],[-78.48139,38.960422],[-78.475537,38.965915],[-78.475141,38.966212],[-78.474925,38.966336],[-78.474401,38.966597],[-78.473363,38.967027],[-78.473625,38.967206],[-78.473892,38.967299],[-78.474131,38.967348],[-78.473787,38.968106],[-78.473541,38.968342],[-78.473323,38.968644],[-78.473084,38.969391],[-78.472915,38.969764],[-78.472839,38.970439],[-78.472916,38.97067],[-78.473035,38.970791],[-78.47376,38.971285],[-78.47478,38.972284],[-78.475013,38.972443],[-78.47566,38.972684],[-78.475836,38.972722],[-78.4763,38.972887],[-78.476469,38.973041],[-78.476863,38.973491],[-78.477039,38.973793],[-78.477158,38.974133],[-78.477496,38.974808],[-78.47775,38.975116],[-78.47808,38.975363],[-78.478496,38.975725],[-78.478714,38.97595],[-78.479129,38.976718],[-78.479411,38.977037],[-78.479516,38.977201],[-78.479847,38.977838],[-78.479981,38.978299],[-78.47996,38.97853],[-78.480101,38.978848],[-78.480861,38.97977],[-78.481206,38.98005],[-78.481311,38.980105],[-78.481445,38.98016],[-78.48179,38.980237],[-78.481994,38.980225],[-78.482388,38.980143],[-78.48281,38.980088],[-78.482873,38.980093],[-78.483119,38.980253],[-78.484147,38.981054],[-78.484674,38.98152],[-78.484949,38.981646],[-78.485097,38.98186],[-78.485245,38.982311],[-78.489442,38.985967],[-78.494788,38.982414],[-78.495598,38.981743],[-78.495861,38.981213],[-78.49611,38.981013],[-78.499734,38.978951],[-78.499734,38.978869],[-78.501131,38.978245],[-78.50232,38.977375],[-78.503722,38.975996],[-78.504841,38.975227],[-78.504754,38.974212],[-78.504203,38.973186],[-78.50447,38.971689],[-78.505828,38.971054],[-78.506205,38.970797],[-78.506242,38.971045],[-78.506298,38.971102],[-78.506392,38.971146],[-78.50653,38.971127],[-78.50679,38.970981],[-78.507091,38.970877],[-78.507803,38.970883],[-78.508081,38.969143],[-78.509614,38.967966],[-78.514062,38.966175],[-78.515762,38.965187],[-78.518165,38.964394],[-78.525061,38.961998],[-78.528753,38.960539],[-78.531235,38.959852],[-78.535019,38.959233],[-78.53733,38.958321],[-78.539358,38.957384],[-78.54226,38.955869],[-78.54238,38.955787],[-78.545409,38.955154],[-78.546838,38.954433],[-78.548866,38.954238],[-78.562209,38.952571],[-78.563792,38.952872],[-78.564777,38.952902],[-78.565086,38.952541],[-78.564854,38.951745],[-78.565472,38.951715],[-78.569295,38.951986],[-78.569622,38.951815],[-78.571907,38.952063],[-78.574996,38.952798],[-78.576975,38.953168],[-78.579067,38.954558],[-78.579485,38.954625],[-78.580017,38.954345],[-78.580771,38.954142],[-78.581309,38.95395],[-78.58248,38.95343],[-78.582853,38.953036],[-78.58352,38.952767],[-78.585775,38.952452],[-78.587426,38.952051],[-78.589036,38.951468],[-78.591593,38.950966],[-78.59313,38.950213],[-78.599784,38.947629],[-78.602514,38.945601],[-78.60667,38.942849],[-78.607885,38.941803],[-78.608558,38.941338],[-78.610157,38.940545],[-78.61145,38.939677],[-78.611686,38.939404],[-78.612018,38.938652],[-78.613521,38.936635],[-78.616178,38.934639],[-78.617096,38.932965],[-78.618669,38.929745],[-78.619901,38.928699],[-78.624524,38.921536],[-78.625337,38.920141],[-78.626442,38.917788],[-78.627067,38.915931],[-78.627233,38.915302],[-78.627609,38.914769],[-78.629013,38.914007],[-78.629832,38.913437],[-78.630081,38.913186],[-78.63113,38.911845],[-78.631513,38.91118],[-78.631958,38.909882],[-78.632085,38.909367],[-78.632319,38.906925],[-78.632301,38.906664],[-78.632223,38.906274],[-78.631883,38.90563],[-78.631918,38.905291],[-78.632041,38.904693],[-78.60874,38.893995],[-78.608586,38.894038],[-78.608664,38.89373],[-78.609122,38.89087],[-78.609222,38.89061],[-78.609408,38.890219],[-78.6096,38.889969],[-78.611358,38.888176],[-78.609141,38.886756],[-78.608506,38.886457],[-78.608375,38.886364],[-78.608286,38.886239],[-78.608238,38.886063],[-78.610049,38.881483],[-78.610274,38.881065],[-78.610864,38.880187],[-78.61245,38.877928],[-78.60818,38.87746],[-78.607408,38.877354],[-78.606749,38.87723],[-78.603818,38.876583],[-78.602892,38.876259],[-78.602238,38.875951],[-78.601583,38.875619],[-78.600927,38.875246],[-78.599891,38.874602],[-78.598217,38.873612],[-78.597832,38.873406],[-78.597555,38.873291],[-78.596975,38.873117],[-78.596382,38.873011],[-78.595876,38.872995],[-78.592022,38.873279],[-78.588522,38.873263],[-78.587912,38.873254],[-78.587414,38.873221],[-78.58967,38.868914],[-78.589985,38.868371],[-78.590006,38.868273],[-78.589957,38.868201],[-78.589725,38.868099],[-78.589693,38.867993],[-78.59017,38.867055],[-78.590243,38.866962],[-78.590355,38.866929],[-78.591435,38.867246],[-78.591575,38.867257],[-78.591695,38.867224],[-78.591779,38.867147],[-78.594241,38.862431],[-78.594213,38.86231],[-78.594014,38.86216],[-78.591352,38.861374],[-78.59107,38.861233],[-78.590908,38.861076],[-78.590824,38.860866],[-78.590838,38.860751],[-78.59136,38.85807],[-78.591381,38.857845],[-78.59136,38.857642],[-78.590993,38.85619],[-78.590902,38.855964],[-78.587307,38.85798],[-78.585495,38.859034],[-78.582622,38.860626],[-78.580874,38.861666],[-78.577023,38.863879],[-78.574876,38.865049],[-78.573318,38.865844],[-78.571953,38.866365],[-78.570704,38.86693],[-78.570065,38.867315],[-78.569165,38.867916],[-78.567159,38.869069],[-78.565411,38.870173],[-78.564228,38.870814],[-78.562951,38.871411],[-78.561852,38.871877],[-78.560981,38.872212],[-78.558421,38.873069],[-78.557804,38.873318],[-78.557119,38.873706],[-78.55613,38.874316],[-78.555645,38.874557],[-78.555108,38.874734],[-78.554502,38.874826],[-78.553795,38.874859],[-78.552412,38.874753],[-78.551704,38.874756],[-78.550995,38.874831],[-78.551452,38.87392],[-78.55174,38.873413],[-78.552012,38.873226],[-78.552293,38.873109],[-78.55249,38.873068],[-78.552777,38.873113],[-78.552884,38.873097],[-78.552985,38.873013],[-78.554232,38.871402],[-78.554447,38.871092],[-78.554553,38.870781],[-78.554547,38.870543],[-78.554502,38.870289],[-78.554344,38.869894],[-78.554248,38.86944],[-78.554127,38.868711],[-78.554131,38.868248],[-78.554247,38.867841],[-78.554419,38.866652],[-78.554576,38.866209],[-78.555018,38.865608],[-78.555329,38.865256],[-78.555537,38.864768],[-78.555694,38.864262],[-78.555723,38.864081],[-78.555639,38.863913],[-78.555248,38.863561],[-78.554953,38.863381],[-78.554698,38.863267],[-78.554335,38.863156],[-78.55402,38.863112],[-78.55281,38.863153],[-78.551859,38.863024],[-78.551513,38.863053],[-78.55087,38.863206],[-78.550521,38.863211],[-78.550285,38.863261],[-78.550058,38.863512],[-78.549929,38.863778],[-78.549702,38.86414],[-78.54931,38.864485],[-78.54898,38.864887],[-78.548155,38.866165],[-78.547983,38.866275],[-78.547622,38.866352],[-78.547416,38.866351],[-78.547354,38.866416],[-78.545462,38.867423],[-78.541264,38.869581],[-78.538857,38.870852],[-78.537907,38.871323],[-78.537546,38.871318],[-78.537309,38.871256],[-78.536845,38.871184],[-78.536723,38.871442],[-78.536522,38.872001],[-78.536226,38.87194],[-78.535421,38.873054],[-78.535446,38.873118],[-78.535478,38.873123],[-78.534878,38.874137],[-78.533671,38.87632],[-78.532422,38.875673],[-78.531696,38.876474],[-78.530928,38.877194],[-78.532624,38.878271],[-78.533035,38.878461],[-78.533396,38.878613],[-78.534619,38.879048],[-78.535569,38.879317],[-78.535163,38.88025],[-78.534401,38.881152],[-78.533758,38.881746],[-78.533202,38.882066],[-78.532676,38.882774],[-78.530978,38.883254],[-78.529984,38.883641],[-78.529837,38.883641],[-78.529661,38.884354],[-78.529691,38.885952],[-78.529339,38.886501],[-78.528519,38.886706],[-78.528168,38.886569],[-78.527875,38.886272],[-78.52767,38.885905],[-78.527348,38.885654],[-78.526617,38.885539],[-78.526501,38.88579],[-78.52615,38.886109],[-78.524076,38.887294],[-78.523376,38.888001],[-78.522689,38.889136],[-78.522887,38.889395],[-78.523094,38.889776],[-78.523169,38.890074],[-78.523193,38.890403],[-78.523135,38.891668],[-78.522958,38.892377],[-78.522597,38.893118],[-78.521558,38.894939],[-78.521546,38.895153],[-78.521591,38.895221],[-78.519571,38.897255],[-78.519549,38.897362],[-78.51914,38.897783],[-78.51908,38.897893],[-78.519047,38.898038],[-78.519067,38.898174],[-78.519813,38.899411],[-78.519903,38.899601],[-78.519973,38.899928],[-78.519947,38.900068],[-78.519686,38.900532],[-78.519534,38.900724],[-78.518783,38.901512],[-78.518702,38.901634],[-78.518661,38.901784],[-78.518675,38.901951],[-78.518745,38.902073],[-78.518874,38.90219],[-78.519199,38.902413],[-78.522039,38.904084],[-78.525684,38.906323],[-78.526002,38.90664],[-78.526182,38.906863],[-78.526319,38.907104],[-78.526438,38.907377],[-78.526626,38.908264],[-78.526708,38.908499],[-78.526928,38.908958],[-78.527113,38.909207],[-78.527744,38.909724],[-78.530476,38.911447],[-78.531137,38.91189],[-78.531677,38.912336],[-78.532201,38.912883],[-78.532613,38.913439],[-78.533417,38.914893],[-78.533118,38.914972],[-78.530619,38.915858],[-78.528548,38.916557],[-78.526472,38.91733],[-78.52641,38.917271],[-78.52622,38.917205],[-78.525405,38.917166],[-78.525068,38.9171],[-78.524267,38.916803],[-78.523698,38.916518],[-78.523431,38.916325],[-78.522841,38.915699],[-78.522111,38.914508],[-78.521816,38.9142],[-78.521647,38.914112],[-78.521535,38.914019],[-78.521169,38.913876],[-78.52027,38.91365],[-78.51994,38.91359],[-78.519546,38.913584],[-78.51897,38.913655],[-78.51852,38.913644],[-78.518246,38.913606],[-78.517958,38.913661],[-78.517325,38.913677],[-78.517164,38.913721],[-78.516819,38.913869],[-78.516665,38.913858],[-78.516313,38.91377],[-78.515892,38.913715],[-78.515561,38.913736],[-78.515322,38.91383],[-78.51514,38.913972],[-78.514682,38.914461],[-78.514507,38.914713],[-78.514415,38.91479],[-78.514043,38.915004],[-78.513895,38.915053],[-78.513607,38.915103],[-78.513262,38.915108],[-78.512258,38.914926],[-78.512012,38.914904],[-78.511829,38.914899],[-78.510901,38.91497],[-78.510585,38.915074],[-78.510086,38.915359],[-78.509931,38.915458],[-78.510627,38.915475],[-78.510774,38.915541],[-78.51088,38.915667],[-78.510816,38.915738],[-78.510809,38.915788],[-78.510887,38.915897],[-78.511083,38.91609],[-78.511308,38.916216],[-78.511835,38.916315],[-78.51239,38.916337],[-78.51251,38.916316],[-78.513177,38.916574],[-78.513409,38.916706],[-78.51369,38.91698],[-78.513774,38.917151],[-78.51376,38.917249],[-78.513493,38.917579],[-78.513317,38.917848],[-78.51331,38.917957],[-78.513387,38.918188],[-78.513548,38.918391],[-78.51397,38.918595],[-78.514033,38.91865],[-78.514152,38.918842],[-78.514939,38.919468],[-78.515283,38.919803],[-78.51536,38.920023],[-78.515346,38.920237],[-78.51543,38.920451],[-78.515929,38.921011],[-78.516161,38.921407],[-78.516996,38.922488],[-78.517151,38.922675],[-78.517386,38.922894],[-78.517248,38.923],[-78.517085,38.923188],[-78.516957,38.923388],[-78.516904,38.92354],[-78.516863,38.923834],[-78.516872,38.923987],[-78.516931,38.924247],[-78.517127,38.92456],[-78.517664,38.925286],[-78.517733,38.925453],[-78.517762,38.925631],[-78.517684,38.925944],[-78.517552,38.926102],[-78.517225,38.926357],[-78.51408,38.928367],[-78.51097,38.93041],[-78.507639,38.932457],[-78.506804,38.93294],[-78.50659,38.93304],[-78.506372,38.933119],[-78.506001,38.933141],[-78.505794,38.933105],[-78.505566,38.933028],[-78.505322,38.932899],[-78.504321,38.932183],[-78.503796,38.932161],[-78.503331,38.932255],[-78.503185,38.932323],[-78.502263,38.932932],[-78.501475,38.933627],[-78.499174,38.935841],[-78.499221,38.935764],[-78.493859,38.930973],[-78.493392,38.930527],[-78.492795,38.930038],[-78.492661,38.929987],[-78.492557,38.929994],[-78.492406,38.930057],[-78.491994,38.930318],[-78.491409,38.930741],[-78.491172,38.930877],[-78.491057,38.930886],[-78.490921,38.930797],[-78.488843,38.928885],[-78.48717,38.927418],[-78.486913,38.927261],[-78.486759,38.927195],[-78.485986,38.926952],[-78.484896,38.92636]]]},"properties":{"UNIQUE_ID":"Shenandoah County-:-303 - Saint Luke","COUNTYFP":"171","locality":"Shenandoah County","precinct":"303 - St Luke","dem24":476,"rep24":1615}},
{"type":"Feature","geometry":{"type":"Polygon","coordinates":[[[-78.517262,38.72835],[-78.509263,38.725634],[-78.505875,38.729278],[-78.504033,38.731799],[-78.502567,38.733207],[-78.500046,38.736005],[-78.498256,38.737734],[-78.497596,38.738366],[-78.49574,38.73981],[-78.494725,38.740551],[-78.494051,38.741176],[-78.493393,38.741592],[-78.492861,38.741551],[-78.49021,38.741621],[-78.488006,38.741883],[-78.48754,38.742053],[-78.48633,38.74279],[-78.485628,38.743319],[-78.483392,38.74441],[-78.482967,38.744572],[-78.482425,38.744878],[-78.481291,38.745447],[-78.480585,38.745718],[-78.479253,38.746751],[-78.478391,38.747172],[-78.477801,38.747718],[-78.477143,38.748134],[-78.476076,38.748858],[-78.474543,38.749808],[-78.474393,38.750116],[-78.473244,38.750541],[-78.472896,38.750751],[-78.471936,38.751558],[-78.470983,38.752051],[-78.470092,38.752584],[-78.469572,38.75327],[-78.469185,38.75406],[-78.468245,38.755198],[-78.466739,38.756078],[-78.465931,38.756691],[-78.465299,38.757449],[-78.463001,38.760603],[-78.462092,38.761693],[-78.460813,38.762774],[-78.459841,38.763662],[-78.458581,38.764276],[-78.457588,38.765036],[-78.456432,38.766043],[-78.456137,38.766568],[-78.455935,38.767294],[-78.455445,38.768092],[-78.454768,38.76839],[-78.453672,38.769077],[-78.45268,38.769892],[-78.451842,38.770973],[-78.451158,38.771997],[-78.450526,38.773127],[-78.44976,38.774046],[-78.44845,38.775288],[-78.447425,38.775749],[-78.446452,38.776403],[-78.445725,38.777169],[-78.444887,38.778185],[-78.44282,38.779583],[-78.440873,38.7811],[-78.440107,38.782228],[-78.439229,38.783349],[-78.438328,38.784133],[-78.436948,38.785495],[-78.43622,38.786068],[-78.434734,38.7869],[-78.434193,38.787698],[-78.433303,38.788529],[-78.43276,38.789102],[-78.431679,38.791166],[-78.431128,38.791843],[-78.430697,38.792094],[-78.429763,38.792538],[-78.429364,38.792974],[-78.428997,38.79353],[-78.428568,38.794111],[-78.428077,38.79486],[-78.427382,38.795715],[-78.42682,38.796497],[-78.425786,38.797449],[-78.425233,38.798022],[-78.425019,38.798538],[-78.424332,38.798934],[-78.423215,38.799459],[-78.422785,38.799951],[-78.422325,38.800571],[-78.42169,38.801112],[-78.420738,38.801837],[-78.420431,38.802314],[-78.420041,38.802765],[-78.419663,38.803032],[-78.419233,38.803282],[-78.418607,38.803629],[-78.417961,38.803951],[-78.417634,38.804307],[-78.417471,38.804669],[-78.416858,38.805621],[-78.416315,38.806088],[-78.415802,38.806346],[-78.4153,38.806742],[-78.414951,38.807073],[-78.41445,38.807387],[-78.413907,38.807832],[-78.413548,38.808065],[-78.412862,38.808726],[-78.412331,38.809695],[-78.411562,38.81034],[-78.411173,38.810549],[-78.41064,38.81088],[-78.409861,38.811275],[-78.409318,38.811865],[-78.408531,38.812929],[-78.408018,38.813195],[-78.407403,38.813574],[-78.406583,38.814219],[-78.406112,38.814551],[-78.405836,38.815082],[-78.405478,38.815414],[-78.404852,38.815703],[-78.404318,38.816042],[-78.402851,38.816673],[-78.40239,38.8171],[-78.401838,38.817672],[-78.40107,38.818262],[-78.400568,38.818745],[-78.399839,38.81935],[-78.398875,38.819979],[-78.397102,38.820988],[-78.39662,38.821424],[-78.395512,38.822077],[-78.394574,38.822744],[-78.394568,38.822748],[-78.394699,38.822795],[-78.393073,38.824594],[-78.392932,38.824715],[-78.392707,38.824853],[-78.392323,38.825371],[-78.391777,38.825965],[-78.391243,38.826787],[-78.391039,38.826963],[-78.390681,38.827173],[-78.389663,38.827857],[-78.389122,38.828072],[-78.388813,38.828276],[-78.388387,38.828673],[-78.388237,38.828832],[-78.388056,38.829092],[-78.387796,38.829367],[-78.387579,38.829543],[-78.387446,38.829687],[-78.386947,38.830007],[-78.38654,38.830321],[-78.385986,38.8308],[-78.384871,38.832139],[-78.384702,38.83231],[-78.384155,38.832668],[-78.384029,38.832823],[-78.383636,38.833445],[-78.383454,38.833649],[-78.383181,38.834084],[-78.382556,38.834629],[-78.382352,38.83474],[-78.382072,38.835032],[-78.381911,38.835313],[-78.381736,38.835549],[-78.381245,38.836425],[-78.381084,38.836574],[-78.380628,38.83691],[-78.380263,38.83723],[-78.379554,38.837885],[-78.379112,38.838354],[-78.378853,38.838651],[-78.377577,38.840414],[-78.377542,38.840507],[-78.377191,38.840843],[-78.376805,38.84113],[-78.376461,38.841312],[-78.375976,38.841709],[-78.37473,38.843242],[-78.374655,38.843385],[-78.374316,38.843822],[-78.373965,38.844588],[-78.373857,38.84473],[-78.373289,38.844999],[-78.372961,38.845243],[-78.371903,38.846144],[-78.370671,38.84733],[-78.370377,38.847624],[-78.369902,38.848174],[-78.369498,38.848747],[-78.36917,38.849338],[-78.369027,38.849474],[-78.368849,38.849593],[-78.368283,38.849762],[-78.368056,38.849875],[-78.36767,38.850163],[-78.36722,38.850576],[-78.366965,38.851002],[-78.366829,38.851133],[-78.366721,38.851307],[-78.366562,38.851493],[-78.366291,38.851726],[-78.365932,38.852113],[-78.365772,38.852375],[-78.365527,38.85268],[-78.36496,38.853296],[-78.364836,38.853537],[-78.364112,38.854238],[-78.363584,38.854623],[-78.362858,38.855088],[-78.362543,38.855365],[-78.362341,38.855649],[-78.36194,38.856425],[-78.361586,38.856885],[-78.361294,38.857106],[-78.360767,38.857425],[-78.360272,38.857617],[-78.359939,38.857712],[-78.359689,38.857864],[-78.359131,38.858358],[-78.358772,38.858767],[-78.358683,38.859024],[-78.358134,38.859772],[-78.357215,38.860355],[-78.356891,38.860759],[-78.356592,38.860959],[-78.35624,38.861368],[-78.355119,38.86223],[-78.354274,38.862969],[-78.353311,38.8637],[-78.352969,38.863928],[-78.352622,38.864056],[-78.351893,38.864268],[-78.35168,38.864375],[-78.351379,38.864647],[-78.350504,38.865528],[-78.350076,38.866228],[-78.349932,38.866374],[-78.348869,38.86677],[-78.347433,38.867177],[-78.347149,38.867289],[-78.34675,38.867538],[-78.345891,38.867924],[-78.345662,38.868136],[-78.345532,38.868344],[-78.345139,38.869016],[-78.344897,38.869563],[-78.344653,38.86977],[-78.344445,38.870009],[-78.344017,38.870318],[-78.343776,38.870447],[-78.343516,38.870769],[-78.342639,38.8717],[-78.342523,38.871891],[-78.342324,38.872021],[-78.34218,38.872157],[-78.341577,38.872414],[-78.341057,38.872749],[-78.340926,38.872995],[-78.34077,38.873439],[-78.340609,38.873745],[-78.34019,38.874329],[-78.339125,38.875226],[-78.338959,38.875332],[-78.338569,38.875556],[-78.338513,38.875751],[-78.338488,38.875855],[-78.338468,38.875888],[-78.338448,38.87604],[-78.33842,38.876259],[-78.338349,38.87642],[-78.338262,38.876542],[-78.337995,38.876921],[-78.337444,38.877752],[-78.336903,38.878407],[-78.336727,38.87855],[-78.336504,38.878691],[-78.336298,38.878776],[-78.336094,38.878935],[-78.335932,38.87915],[-78.335672,38.879667],[-78.33513,38.88063],[-78.334752,38.880951],[-78.334373,38.881448],[-78.33423,38.881835],[-78.334223,38.881995],[-78.334117,38.882248],[-78.333843,38.882463],[-78.333709,38.882727],[-78.333499,38.883602],[-78.332908,38.884531],[-78.332584,38.884972],[-78.332444,38.885533],[-78.332345,38.885758],[-78.332141,38.886424],[-78.331909,38.886864],[-78.331825,38.887194],[-78.331783,38.887508],[-78.331825,38.887728],[-78.331811,38.887921],[-78.331875,38.888359],[-78.332079,38.888768],[-78.332255,38.888883],[-78.332488,38.8889],[-78.332699,38.888856],[-78.333191,38.888823],[-78.333691,38.888712],[-78.333945,38.888679],[-78.334677,38.888674],[-78.334909,38.888646],[-78.335233,38.888602],[-78.335528,38.888508],[-78.335747,38.888464],[-78.338576,38.88865],[-78.338513,38.888925],[-78.338556,38.889189],[-78.338521,38.890279],[-78.338486,38.89057],[-78.338353,38.890961],[-78.337663,38.891902],[-78.337382,38.892194],[-78.337143,38.892551],[-78.336467,38.893421],[-78.336263,38.893767],[-78.335869,38.894037],[-78.335348,38.894312],[-78.335088,38.894505],[-78.334912,38.894681],[-78.334384,38.895105],[-78.33404,38.895743],[-78.333793,38.896139],[-78.333393,38.896593],[-78.333076,38.896866],[-78.332576,38.897433],[-78.33252,38.897719],[-78.33245,38.898445],[-78.332337,38.898577],[-78.331859,38.898858],[-78.331527,38.899149],[-78.331289,38.899314],[-78.331141,38.899452],[-78.331021,38.899667],[-78.330852,38.900189],[-78.330564,38.900629],[-78.330367,38.900833],[-78.329966,38.901103],[-78.329895,38.901257],[-78.329431,38.901675],[-78.329192,38.901813],[-78.328938,38.901879],[-78.328797,38.901978],[-78.328769,38.90222],[-78.328615,38.902588],[-78.328389,38.902809],[-78.328245,38.903062],[-78.328242,38.903067],[-78.328264,38.903076],[-78.32815,38.903309],[-78.327953,38.903535],[-78.327756,38.903821],[-78.327369,38.904283],[-78.327271,38.904641],[-78.327243,38.905037],[-78.327109,38.905362],[-78.326757,38.906181],[-78.326398,38.906644],[-78.326241,38.906919],[-78.326174,38.907058],[-78.326111,38.907542],[-78.325989,38.908123],[-78.325987,38.90813],[-78.325851,38.908769],[-78.325421,38.909694],[-78.324717,38.911023],[-78.324337,38.911683],[-78.324323,38.912085],[-78.324189,38.912349],[-78.324163,38.91254],[-78.324174,38.912719],[-78.324154,38.912976],[-78.324077,38.913207],[-78.323852,38.913422],[-78.323648,38.913972],[-78.32331,38.914759],[-78.323155,38.915045],[-78.322712,38.91581],[-78.322353,38.916333],[-78.322247,38.916547],[-78.321839,38.917141],[-78.321748,38.917394],[-78.321607,38.91767],[-78.32151,38.918019],[-78.321508,38.918027],[-78.321544,38.918023],[-78.321438,38.918308],[-78.3211,38.918682],[-78.320882,38.918858],[-78.320093,38.91932],[-78.319417,38.919645],[-78.318931,38.919816],[-78.31846,38.919937],[-78.316942,38.920437],[-78.316805,38.920498],[-78.316248,38.920845],[-78.315629,38.921159],[-78.315361,38.921258],[-78.314923,38.921549],[-78.31486,38.92158],[-78.314792,38.921627],[-78.314094,38.922089],[-78.313749,38.922364],[-78.313333,38.922914],[-78.31315,38.92309],[-78.31227,38.923519],[-78.311995,38.923607],[-78.31165,38.923783],[-78.311376,38.923943],[-78.311164,38.924113],[-78.31096,38.924383],[-78.310735,38.924548],[-78.310615,38.924548],[-78.310432,38.924752],[-78.310291,38.925098],[-78.310164,38.925296],[-78.309778,38.925791],[-78.309298,38.926193],[-78.309094,38.926276],[-78.308749,38.926534],[-78.308657,38.926749],[-78.308552,38.926897],[-78.308508,38.927094],[-78.308509,38.927408],[-78.308559,38.927728],[-78.308538,38.927982],[-78.308567,38.928272],[-78.30856,38.928651],[-78.308512,38.928837],[-78.308481,38.928958],[-78.308473,38.928982],[-78.308235,38.929469],[-78.308043,38.92973],[-78.307932,38.929945],[-78.307784,38.93055],[-78.307707,38.93071],[-78.307594,38.930831],[-78.307249,38.93137],[-78.307186,38.931772],[-78.307235,38.93219],[-78.307214,38.932514],[-78.306728,38.933147],[-78.306285,38.933928],[-78.306045,38.934209],[-78.305763,38.934677],[-78.305735,38.935254],[-78.305616,38.93576],[-78.305609,38.935975],[-78.305454,38.936459],[-78.304947,38.937185],[-78.304644,38.937713],[-78.304411,38.938192],[-78.304334,38.938478],[-78.304186,38.938558],[-78.303959,38.938797],[-78.303777,38.939023],[-78.303686,38.939199],[-78.303439,38.939468],[-78.303327,38.939661],[-78.302812,38.940217],[-78.302508,38.940638],[-78.302383,38.940882],[-78.302185,38.941179],[-78.301953,38.941449],[-78.301404,38.942439],[-78.301164,38.942676],[-78.300896,38.94305],[-78.3006,38.943353],[-78.300418,38.943597],[-78.300417,38.9436],[-78.302335,38.946132],[-78.302374,38.94618],[-78.302973,38.946977],[-78.307251,38.952638],[-78.308202,38.952248],[-78.308227,38.952234],[-78.30851,38.95209],[-78.308795,38.951882],[-78.3094,38.951351],[-78.309529,38.951282],[-78.310689,38.950751],[-78.310778,38.950692],[-78.311489,38.950223],[-78.312042,38.949876],[-78.312387,38.949722],[-78.313324,38.949854],[-78.313902,38.950002],[-78.314818,38.950156],[-78.315057,38.95025],[-78.315121,38.950376],[-78.318101,38.952142],[-78.318799,38.95223],[-78.319629,38.952179],[-78.320013,38.952146],[-78.320138,38.952136],[-78.320206,38.952114],[-78.320503,38.95202],[-78.320863,38.951949],[-78.321977,38.951888],[-78.322329,38.951849],[-78.323294,38.951662],[-78.323481,38.951646],[-78.323732,38.951625],[-78.323815,38.951618],[-78.324738,38.951683],[-78.324977,38.95169],[-78.325365,38.9517],[-78.32595,38.951865],[-78.326627,38.951942],[-78.328233,38.952051],[-78.328414,38.95214],[-78.328799,38.952289],[-78.328902,38.952266],[-78.330058,38.951583],[-78.330565,38.951226],[-78.330768,38.951147],[-78.331664,38.950912],[-78.332872,38.950634],[-78.333575,38.950369],[-78.333995,38.950168],[-78.334214,38.950041],[-78.334362,38.949899],[-78.334694,38.94939],[-78.334861,38.949292],[-78.33492,38.949262],[-78.335046,38.949262],[-78.335121,38.94932],[-78.335158,38.949348],[-78.335211,38.949568],[-78.335073,38.95013],[-78.334947,38.950256],[-78.334862,38.950388],[-78.334778,38.950647],[-78.334771,38.95101],[-78.334802,38.951209],[-78.334806,38.95123],[-78.334834,38.951406],[-78.33483,38.951446],[-78.334804,38.951738],[-78.33461,38.952523],[-78.334462,38.952976],[-78.334449,38.953018],[-78.334406,38.95315],[-78.334272,38.953293],[-78.334075,38.953618],[-78.333842,38.954151],[-78.333638,38.954874],[-78.333343,38.955433],[-78.332986,38.955991],[-78.33285,38.956292],[-78.332625,38.956677],[-78.332505,38.957183],[-78.332297,38.957618],[-78.332117,38.957944],[-78.332097,38.957981],[-78.331969,38.958376],[-78.331966,38.958385],[-78.331928,38.958504],[-78.331752,38.958784],[-78.331682,38.95896],[-78.331576,38.959367],[-78.331397,38.959792],[-78.331287,38.960298],[-78.331196,38.960681],[-78.331187,38.960721],[-78.331147,38.960833],[-78.33107,38.961047],[-78.330985,38.961387],[-78.330915,38.961551],[-78.331413,38.962925],[-78.331413,38.962924],[-78.332435,38.962328],[-78.335417,38.960845],[-78.336136,38.960711],[-78.337039,38.960471],[-78.337715,38.960208],[-78.340519,38.958771],[-78.34238,38.957759],[-78.343778,38.956774],[-78.345691,38.95577],[-78.346938,38.955052],[-78.363421,38.942577],[-78.371763,38.935596],[-78.374158,38.933661],[-78.37473,38.933321],[-78.375821,38.932094],[-78.379297,38.929466],[-78.380392,38.928238],[-78.384943,38.924407],[-78.387141,38.922443],[-78.388296,38.921754],[-78.391224,38.91956],[-78.392185,38.918493],[-78.392939,38.917803],[-78.394557,38.916666],[-78.395022,38.916192],[-78.395434,38.91587],[-78.397816,38.914013],[-78.399499,38.912384],[-78.400901,38.91123],[-78.402161,38.909874],[-78.403048,38.909096],[-78.403936,38.908141],[-78.40572,38.906698],[-78.406119,38.903302],[-78.406414,38.90134],[-78.408004,38.900125],[-78.420256,38.892136],[-78.427283,38.88693],[-78.428554,38.885599],[-78.428805,38.884199],[-78.428747,38.88413],[-78.429244,38.882963],[-78.429449,38.882392],[-78.429362,38.882323],[-78.429626,38.881938],[-78.430123,38.881547],[-78.430442,38.881151],[-78.430705,38.880378],[-78.430686,38.879811],[-78.430453,38.879358],[-78.431003,38.879111],[-78.431478,38.879019],[-78.432127,38.878935],[-78.432737,38.878749],[-78.433515,38.87845],[-78.433861,38.878235],[-78.43454,38.87767],[-78.435013,38.877399],[-78.435959,38.876787],[-78.436413,38.876572],[-78.436711,38.876459],[-78.436659,38.876414],[-78.436653,38.876357],[-78.437292,38.875738],[-78.43758,38.875281],[-78.437779,38.87502],[-78.438244,38.874571],[-78.438435,38.874316],[-78.438659,38.873889],[-78.440058,38.872188],[-78.440184,38.871976],[-78.440365,38.871237],[-78.440486,38.870972],[-78.440736,38.870598],[-78.441954,38.868963],[-78.442037,38.868663],[-78.442021,38.868302],[-78.442296,38.868108],[-78.4427,38.867765],[-78.442924,38.86766],[-78.44315,38.867622],[-78.443406,38.867622],[-78.443747,38.86757],[-78.443924,38.867684],[-78.444338,38.86767],[-78.444699,38.867484],[-78.444735,38.867235],[-78.445049,38.867126],[-78.445434,38.867164],[-78.445787,38.86691],[-78.446003,38.866788],[-78.446584,38.866534],[-78.446684,38.866469],[-78.447051,38.866145],[-78.447334,38.86583],[-78.447401,38.865738],[-78.447472,38.865457],[-78.447661,38.865296],[-78.447814,38.865201],[-78.448361,38.86495],[-78.448786,38.864659],[-78.448874,38.864503],[-78.449067,38.863659],[-78.44936,38.863307],[-78.449461,38.862909],[-78.449618,38.862714],[-78.449808,38.862359],[-78.45008,38.862038],[-78.450342,38.86162],[-78.450366,38.861531],[-78.450459,38.861381],[-78.45055,38.86129],[-78.450856,38.861146],[-78.451249,38.860682],[-78.451656,38.860433],[-78.452059,38.86013],[-78.452325,38.859983],[-78.452665,38.859753],[-78.45311,38.859315],[-78.453219,38.858924],[-78.453393,38.858581],[-78.453471,38.858519],[-78.453587,38.85849],[-78.453699,38.858407],[-78.454309,38.857806],[-78.454816,38.857537],[-78.456107,38.857021],[-78.456398,38.856864],[-78.456667,38.856773],[-78.456937,38.856613],[-78.458043,38.856472],[-78.458209,38.856373],[-78.458513,38.856028],[-78.458859,38.855881],[-78.459159,38.855872],[-78.459564,38.855945],[-78.459705,38.856001],[-78.459851,38.855962],[-78.460177,38.855393],[-78.46019,38.855062],[-78.460528,38.854806],[-78.460606,38.854665],[-78.461144,38.854247],[-78.46124,38.853984],[-78.461152,38.853606],[-78.461214,38.853302],[-78.461294,38.853208],[-78.461228,38.852908],[-78.461252,38.852779],[-78.46132,38.852603],[-78.461611,38.852345],[-78.461791,38.852086],[-78.462457,38.85195],[-78.462718,38.851851],[-78.463027,38.851659],[-78.463618,38.851359],[-78.463691,38.851187],[-78.463722,38.850992],[-78.463681,38.850802],[-78.463859,38.850722],[-78.464155,38.850711],[-78.464289,38.850654],[-78.464515,38.850396],[-78.464905,38.850115],[-78.465484,38.849486],[-78.465692,38.849176],[-78.465777,38.848971],[-78.465911,38.848874],[-78.466173,38.848566],[-78.466369,38.848439],[-78.467271,38.847666],[-78.46754,38.84747],[-78.467607,38.847246],[-78.467681,38.847174],[-78.467971,38.847017],[-78.469028,38.84616],[-78.469369,38.84554],[-78.469918,38.844778],[-78.469943,38.844635],[-78.47015,38.844263],[-78.470365,38.843975],[-78.470672,38.843923],[-78.470935,38.843946],[-78.471082,38.843907],[-78.471582,38.843459],[-78.472142,38.842767],[-78.472397,38.842504],[-78.472831,38.842386],[-78.473534,38.842119],[-78.473711,38.841952],[-78.473865,38.84175],[-78.474293,38.841587],[-78.474942,38.841275],[-78.475321,38.840753],[-78.47585,38.840164],[-78.47629,38.839755],[-78.477249,38.839068],[-78.477486,38.838861],[-78.47833,38.837897],[-78.478407,38.837765],[-78.479017,38.837055],[-78.479169,38.836722],[-78.479294,38.836342],[-78.479396,38.835792],[-78.479464,38.835635],[-78.479723,38.835536],[-78.480614,38.835119],[-78.481509,38.834597],[-78.48178,38.834381],[-78.481856,38.83419],[-78.483271,38.833233],[-78.48361,38.832945],[-78.484832,38.832256],[-78.485096,38.832037],[-78.4853,38.831753],[-78.48543,38.831479],[-78.485893,38.83126],[-78.486344,38.831116],[-78.48661,38.830968],[-78.486877,38.830627],[-78.48687,38.83046],[-78.486976,38.830204],[-78.487045,38.8299],[-78.48787,38.829299],[-78.488002,38.829243],[-78.488136,38.829085],[-78.48815,38.828852],[-78.488409,38.828482],[-78.488592,38.828387],[-78.489018,38.828053],[-78.489224,38.827809],[-78.489501,38.827341],[-78.482124,38.823812],[-78.496194,38.805598],[-78.499813,38.801215],[-78.50754,38.791766],[-78.525991,38.770127],[-78.542959,38.750127],[-78.549533,38.742153],[-78.550591,38.739676],[-78.550228,38.7396],[-78.549856,38.739438],[-78.549275,38.739129],[-78.548714,38.739015],[-78.548516,38.738996],[-78.548166,38.738844],[-78.547152,38.738222],[-78.54691,38.73803],[-78.527481,38.731675],[-78.519761,38.729115],[-78.517262,38.72835]]]},"properties":{"UNIQUE_ID":"Shenandoah County-:-304 - Fort Valley","COUNTYFP":"171","locality":"Shenandoah County","precinct":"304 - Fort Valley","dem24":276,"rep24":701}},
{"type":"Feature","geometry":{"type":"Polygon","coordinates":[[[-78.484896,38.92636],[-78.485986,38.926952],[-78.486759,38.927195],[-78.486913,38.927261],[-78.48717,38.927418],[-78.488843,38.928885],[-78.490921,38.930797],[-78.491057,38.930886],[-78.491172,38.930877],[-78.491409,38.930741],[-78.491994,38.930318],[-78.492406,38.930057],[-78.492557,38.929994],[-78.492661,38.929987],[-78.492795,38.930038],[-78.493392,38.930527],[-78.493859,38.930973],[-78.499221,38.935764],[-78.499174,38.935841],[-78.501475,38.933627],[-78.502263,38.932932],[-78.503185,38.932323],[-78.503331,38.932255],[-78.503796,38.932161],[-78.504321,38.932183],[-78.505322,38.932899],[-78.505566,38.933028],[-78.505794,38.933105],[-78.506001,38.933141],[-78.506372,38.933119],[-78.50659,38.93304],[-78.506804,38.93294],[-78.507639,38.932457],[-78.51097,38.93041],[-78.51408,38.928367],[-78.517225,38.926357],[-78.517552,38.926102],[-78.517684,38.925944],[-78.517762,38.925631],[-78.517733,38.925453],[-78.517664,38.925286],[-78.517127,38.92456],[-78.516931,38.924247],[-78.516872,38.923987],[-78.516863,38.923834],[-78.516904,38.92354],[-78.516957,38.923388],[-78.517085,38.923188],[-78.517248,38.923],[-78.517386,38.922894],[-78.517151,38.922675],[-78.516996,38.922488],[-78.516161,38.921407],[-78.515929,38.921011],[-78.51543,38.920451],[-78.515346,38.920237],[-78.51536,38.920023],[-78.515283,38.919803],[-78.514939,38.919468],[-78.514152,38.918842],[-78.514033,38.91865],[-78.51397,38.918595],[-78.513548,38.918391],[-78.513387,38.918188],[-78.51331,38.917957],[-78.513317,38.917848],[-78.513493,38.917579],[-78.51376,38.917249],[-78.513774,38.917151],[-78.51369,38.91698],[-78.513409,38.916706],[-78.513177,38.916574],[-78.51251,38.916316],[-78.51239,38.916337],[-78.511835,38.916315],[-78.511308,38.916216],[-78.511083,38.91609],[-78.510887,38.915897],[-78.510809,38.915788],[-78.510816,38.915738],[-78.51088,38.915667],[-78.510774,38.915541],[-78.510627,38.915475],[-78.509931,38.915458],[-78.510086,38.915359],[-78.510585,38.915074],[-78.510901,38.91497],[-78.511829,38.914899],[-78.512012,38.914904],[-78.512258,38.914926],[-78.513262,38.915108],[-78.513607,38.915103],[-78.513895,38.915053],[-78.514043,38.915004],[-78.514415,38.91479],[-78.514507,38.914713],[-78.514682,38.914461],[-78.51514,38.913972],[-78.515322,38.91383],[-78.515561,38.913736],[-78.515892,38.913715],[-78.516313,38.91377],[-78.516665,38.913858],[-78.516819,38.913869],[-78.517164,38.913721],[-78.517325,38.913677],[-78.517958,38.913661],[-78.518246,38.913606],[-78.51852,38.913644],[-78.51897,38.913655],[-78.519546,38.913584],[-78.51994,38.91359],[-78.52027,38.91365],[-78.521169,38.913876],[-78.521535,38.914019],[-78.521647,38.914112],[-78.521816,38.9142],[-78.522111,38.914508],[-78.522841,38.915699],[-78.523431,38.916325],[-78.523698,38.916518],[-78.524267,38.916803],[-78.525068,38.9171],[-78.525405,38.917166],[-78.52622,38.917205],[-78.52641,38.917271],[-78.526472,38.91733],[-78.528548,38.916557],[-78.530619,38.915858],[-78.533118,38.914972],[-78.533417,38.914893],[-78.532613,38.913439],[-78.532201,38.912883],[-78.531677,38.912336],[-78.531137,38.91189],[-78.530476,38.911447],[-78.527744,38.909724],[-78.527113,38.909207],[-78.526928,38.908958],[-78.526708,38.908499],[-78.526626,38.908264],[-78.526438,38.907377],[-78.526319,38.907104],[-78.526182,38.906863],[-78.526002,38.90664],[-78.525684,38.906323],[-78.522039,38.904084],[-78.519199,38.902413],[-78.518874,38.90219],[-78.518745,38.902073],[-78.518675,38.901951],[-78.518661,38.901784],[-78.518702,38.901634],[-78.518783,38.901512],[-78.519534,38.900724],[-78.519686,38.900532],[-78.519947,38.900068],[-78.519973,38.899928],[-78.519903,38.899601],[-78.519813,38.899411],[-78.519067,38.898174],[-78.519047,38.898038],[-78.51908,38.897893],[-78.51914,38.897783],[-78.519549,38.897362],[-78.519571,38.897255],[-78.521591,38.895221],[-78.521546,38.895153],[-78.521558,38.894939],[-78.522597,38.893118],[-78.522958,38.892377],[-78.523135,38.891668],[-78.523193,38.890403],[-78.523169,38.890074],[-78.523094,38.889776],[-78.522887,38.889395],[-78.522689,38.889136],[-78.523376,38.888001],[-78.524076,38.887294],[-78.52615,38.886109],[-78.526501,38.88579],[-78.526617,38.885539],[-78.527348,38.885654],[-78.52767,38.885905],[-78.527875,38.886272],[-78.528168,38.886569],[-78.528519,38.886706],[-78.529339,38.886501],[-78.529691,38.885952],[-78.529661,38.884354],[-78.529837,38.883641],[-78.529984,38.883641],[-78.530978,38.883254],[-78.532676,38.882774],[-78.533202,38.882066],[-78.533758,38.881746],[-78.534401,38.881152],[-78.535163,38.88025],[-78.535569,38.879317],[-78.534619,38.879048],[-78.533396,38.878613],[-78.533035,38.878461],[-78.532624,38.878271],[-78.530928,38.877194],[-78.531696,38.876474],[-78.532422,38.875673],[-78.533671,38.87632],[-78.534878,38.874137],[-78.535478,38.873123],[-78.535446,38.873118],[-78.535421,38.873054],[-78.536226,38.87194],[-78.536522,38.872001],[-78.536723,38.871442],[-78.536845,38.871184],[-78.537309,38.871256],[-78.537546,38.871318],[-78.537907,38.871323],[-78.538857,38.870852],[-78.541264,38.869581],[-78.539848,38.868533],[-78.539115,38.868091],[-78.539549,38.86715],[-78.53968,38.867268],[-78.540023,38.86747],[-78.54035,38.86713],[-78.540636,38.866684],[-78.540884,38.866378],[-78.542989,38.864332],[-78.54199,38.863839],[-78.541317,38.863531],[-78.541254,38.863521],[-78.540736,38.864779],[-78.537478,38.863934],[-78.537971,38.86277],[-78.537962,38.862738],[-78.537282,38.86249],[-78.537369,38.862295],[-78.538995,38.862202],[-78.538938,38.861293],[-78.536848,38.860674],[-78.535099,38.860119],[-78.533826,38.862203],[-78.532715,38.861871],[-78.532692,38.861909],[-78.533083,38.862052],[-78.532724,38.862567],[-78.532005,38.863776],[-78.530797,38.865971],[-78.529675,38.868153],[-78.5282,38.870787],[-78.526886,38.873363],[-78.523614,38.879402],[-78.523381,38.879101],[-78.523248,38.878997],[-78.523143,38.878948],[-78.522658,38.878838],[-78.522532,38.878777],[-78.522103,38.878667],[-78.52185,38.878634],[-78.521562,38.878651],[-78.521085,38.878793],[-78.520565,38.878991],[-78.520396,38.878947],[-78.519336,38.878282],[-78.518894,38.878057],[-78.518571,38.877947],[-78.517974,38.877826],[-78.517608,38.877793],[-78.517075,38.877831],[-78.516625,38.87794],[-78.515859,38.878072],[-78.515187,38.878225],[-78.515383,38.876299],[-78.51475,38.876359],[-78.514607,38.876402],[-78.514345,38.876634],[-78.513525,38.877854],[-78.513217,38.878226],[-78.512367,38.879081],[-78.511953,38.879441],[-78.511849,38.879477],[-78.511723,38.879454],[-78.511631,38.87948],[-78.510458,38.880804],[-78.50725,38.879291],[-78.506462,38.880349],[-78.504941,38.879663],[-78.503361,38.878917],[-78.503151,38.879345],[-78.502654,38.879907],[-78.501819,38.880994],[-78.501588,38.88094],[-78.501348,38.880836],[-78.50048,38.880187],[-78.499747,38.878787],[-78.499646,38.878624],[-78.499545,38.878546],[-78.498144,38.87806],[-78.497877,38.877918],[-78.497384,38.877537],[-78.497226,38.877484],[-78.496954,38.877461],[-78.496047,38.877568],[-78.495826,38.877546],[-78.495695,38.877492],[-78.495627,38.877417],[-78.495582,38.877293],[-78.495565,38.877045],[-78.495616,38.876814],[-78.495803,38.876402],[-78.495814,38.876225],[-78.495746,38.876039],[-78.495607,38.875892],[-78.494982,38.875691],[-78.49423,38.875494],[-78.492834,38.874994],[-78.491258,38.874593],[-78.490644,38.874722],[-78.490016,38.874932],[-78.487559,38.87527],[-78.486937,38.875384],[-78.486245,38.87566],[-78.485772,38.875765],[-78.484924,38.875799],[-78.483587,38.875723],[-78.483084,38.87584],[-78.482686,38.876007],[-78.482271,38.876274],[-78.481961,38.876636],[-78.481595,38.877007],[-78.481272,38.877269],[-78.480851,38.877517],[-78.480229,38.877832],[-78.479856,38.87797],[-78.479411,38.878051],[-78.478063,38.878222],[-78.477923,38.878308],[-78.477197,38.87928],[-78.477045,38.879433],[-78.476654,38.879714],[-78.476155,38.879986],[-78.47526,38.880069],[-78.475031,38.880011],[-78.473992,38.879309],[-78.473088,38.878833],[-78.470228,38.877232],[-78.469756,38.877017],[-78.469268,38.876946],[-78.46886,38.876964],[-78.468528,38.877071],[-78.468243,38.877218],[-78.468007,38.877385],[-78.466851,38.878335],[-78.466631,38.878416],[-78.466284,38.878449],[-78.465967,38.878325],[-78.465644,38.878134],[-78.465357,38.877948],[-78.465138,38.877753],[-78.464864,38.877563],[-78.464507,38.877411],[-78.463382,38.87708],[-78.463388,38.877037],[-78.463485,38.877018],[-78.463802,38.877047],[-78.464427,38.87701],[-78.464364,38.876895],[-78.464075,38.87665],[-78.46399,38.876545],[-78.463994,38.876018],[-78.463793,38.875586],[-78.463709,38.875575],[-78.463359,38.875807],[-78.46298,38.875819],[-78.462702,38.875798],[-78.462388,38.875743],[-78.462239,38.87564],[-78.462088,38.875442],[-78.462016,38.875413],[-78.461883,38.875409],[-78.461647,38.875454],[-78.461479,38.875421],[-78.460897,38.874895],[-78.460406,38.874637],[-78.459527,38.874026],[-78.45932,38.873814],[-78.458871,38.873046],[-78.458465,38.872613],[-78.457813,38.871823],[-78.457161,38.871209],[-78.457056,38.871204],[-78.457007,38.871258],[-78.457035,38.871346],[-78.457259,38.871598],[-78.457294,38.871774],[-78.457252,38.871977],[-78.457182,38.872097],[-78.456943,38.872249],[-78.456522,38.872371],[-78.456326,38.872371],[-78.456481,38.871774],[-78.456446,38.871658],[-78.456172,38.871329],[-78.455871,38.871061],[-78.455605,38.870781],[-78.455654,38.870688],[-78.455977,38.870622],[-78.456054,38.870551],[-78.456099,38.870439],[-78.456048,38.869968],[-78.456027,38.869908],[-78.455941,38.869868],[-78.455854,38.869915],[-78.455761,38.870106],[-78.455687,38.870188],[-78.455566,38.870241],[-78.455209,38.87032],[-78.454958,38.870405],[-78.454841,38.870537],[-78.454592,38.870667],[-78.454025,38.870796],[-78.453384,38.870841],[-78.453236,38.870943],[-78.453165,38.871064],[-78.453171,38.871425],[-78.453109,38.871669],[-78.453014,38.871779],[-78.452863,38.871885],[-78.452641,38.871952],[-78.452407,38.87194],[-78.452009,38.871835],[-78.451854,38.871868],[-78.451695,38.871934],[-78.451537,38.872096],[-78.451402,38.872168],[-78.451,38.872263],[-78.450853,38.872339],[-78.450451,38.872706],[-78.450499,38.872959],[-78.45042,38.873016],[-78.450328,38.872997],[-78.450286,38.872858],[-78.450335,38.872601],[-78.45051,38.872325],[-78.451293,38.871472],[-78.451879,38.871091],[-78.451927,38.871014],[-78.451879,38.870971],[-78.451781,38.87099],[-78.451671,38.871081],[-78.451354,38.871219],[-78.450573,38.871522],[-78.45036,38.871657],[-78.450207,38.871881],[-78.45,38.872005],[-78.449774,38.872072],[-78.449622,38.872167],[-78.448688,38.872958],[-78.448395,38.873134],[-78.448206,38.873186],[-78.448103,38.873172],[-78.448097,38.873115],[-78.448414,38.872881],[-78.448475,38.872762],[-78.448677,38.872052],[-78.448866,38.871804],[-78.449397,38.871414],[-78.449598,38.871366],[-78.449689,38.871314],[-78.449671,38.871242],[-78.449537,38.871228],[-78.449107,38.871424],[-78.448244,38.871613],[-78.447829,38.871894],[-78.447689,38.871952],[-78.447427,38.871975],[-78.447244,38.872018],[-78.446914,38.87228],[-78.446585,38.872485],[-78.445548,38.872971],[-78.445237,38.873104],[-78.44481,38.873223],[-78.444377,38.873403],[-78.442912,38.874099],[-78.442571,38.874242],[-78.441141,38.874734],[-78.439869,38.875316],[-78.437878,38.875879],[-78.4375,38.876043],[-78.437227,38.876201],[-78.436973,38.876439],[-78.436838,38.876481],[-78.436711,38.876459],[-78.436413,38.876572],[-78.435959,38.876787],[-78.435013,38.877399],[-78.43454,38.87767],[-78.433861,38.878235],[-78.433515,38.87845],[-78.432737,38.878749],[-78.432127,38.878935],[-78.431478,38.879019],[-78.431003,38.879111],[-78.430453,38.879358],[-78.430686,38.879811],[-78.430705,38.880378],[-78.430442,38.881151],[-78.430123,38.881547],[-78.429626,38.881938],[-78.429362,38.882323],[-78.429449,38.882392],[-78.429244,38.882963],[-78.428747,38.88413],[-78.428805,38.884199],[-78.428554,38.885599],[-78.427283,38.88693],[-78.420256,38.892136],[-78.408004,38.900125],[-78.406414,38.90134],[-78.406119,38.903302],[-78.40572,38.906698],[-78.403936,38.908141],[-78.403048,38.909096],[-78.402161,38.909874],[-78.400901,38.91123],[-78.399499,38.912384],[-78.397816,38.914013],[-78.395434,38.91587],[-78.3998,38.9179],[-78.403712,38.919526],[-78.409658,38.922508],[-78.411967,38.923477],[-78.414603,38.924379],[-78.416687,38.924983],[-78.418549,38.925349],[-78.419238,38.925267],[-78.419291,38.924993],[-78.419148,38.924609],[-78.418813,38.924234],[-78.418183,38.923708],[-78.418092,38.923695],[-78.415986,38.922231],[-78.415811,38.92217],[-78.415459,38.921865],[-78.41523,38.921833],[-78.415064,38.921736],[-78.414795,38.92148],[-78.414243,38.921219],[-78.41414,38.921104],[-78.413811,38.921048],[-78.413213,38.920781],[-78.413101,38.920656],[-78.412615,38.920513],[-78.412163,38.920231],[-78.411814,38.920108],[-78.410984,38.919626],[-78.410835,38.919459],[-78.410652,38.919433],[-78.410263,38.919087],[-78.410126,38.919067],[-78.409821,38.91886],[-78.409302,38.918368],[-78.409119,38.918342],[-78.408392,38.917438],[-78.408206,38.916649],[-78.408434,38.91552],[-78.408557,38.915211],[-78.408934,38.91483],[-78.409495,38.914474],[-78.411451,38.913448],[-78.411843,38.913395],[-78.413903,38.913691],[-78.414775,38.913997],[-78.415061,38.914184],[-78.41529,38.914217],[-78.41592,38.914743],[-78.416775,38.9157],[-78.417247,38.916095],[-78.418355,38.916798],[-78.41879,38.917151],[-78.419047,38.917261],[-78.419408,38.91753],[-78.419937,38.918078],[-78.42014,38.918216],[-78.421067,38.918494],[-78.421748,38.91881],[-78.42303,38.918994],[-78.423631,38.918862],[-78.423859,38.918895],[-78.4248,38.91834],[-78.424897,38.918136],[-78.425006,38.918079],[-78.425215,38.917419],[-78.425083,38.917182],[-78.425117,38.917042],[-78.424633,38.916501],[-78.424459,38.916439],[-78.424198,38.916148],[-78.423832,38.916095],[-78.423535,38.915762],[-78.423168,38.91571],[-78.422871,38.915376],[-78.422413,38.915311],[-78.421932,38.914951],[-78.421758,38.91489],[-78.421111,38.914434],[-78.420925,38.914226],[-78.420833,38.914213],[-78.420536,38.91388],[-78.420316,38.913812],[-78.420055,38.91352],[-78.419798,38.913411],[-78.419574,38.913161],[-78.419346,38.913128],[-78.419002,38.912788],[-78.418773,38.912756],[-78.418338,38.912403],[-78.418201,38.912383],[-78.41772,38.912024],[-78.41738,38.911866],[-78.41641,38.911182],[-78.415583,38.910301],[-78.414696,38.909085],[-78.414487,38.908583],[-78.414787,38.907355],[-78.415147,38.907043],[-78.415962,38.906616],[-78.4168,38.906482],[-78.417669,38.906607],[-78.418328,38.907209],[-78.419289,38.907928],[-78.41997,38.908244],[-78.420044,38.908327],[-78.420439,38.908456],[-78.420982,38.908752],[-78.421635,38.908991],[-78.421921,38.909177],[-78.422104,38.909203],[-78.422353,38.909348],[-78.423809,38.909593],[-78.424146,38.909569],[-78.425308,38.909663],[-78.426029,38.909617],[-78.426118,38.909946],[-78.42624,38.909994],[-78.426876,38.910115],[-78.426863,38.910009],[-78.42696,38.909885],[-78.42776,38.909218],[-78.428011,38.908682],[-78.428066,38.908417],[-78.428079,38.908079],[-78.427939,38.907402],[-78.427817,38.906982],[-78.427836,38.906849],[-78.427891,38.906782],[-78.428387,38.906633],[-78.428631,38.90651],[-78.429532,38.905487],[-78.429653,38.905421],[-78.4298,38.905377],[-78.431063,38.90504],[-78.431235,38.905031],[-78.431722,38.905264],[-78.43298,38.905775],[-78.434689,38.906289],[-78.434831,38.906295],[-78.43494,38.906232],[-78.43668,38.904498],[-78.436877,38.904398],[-78.437015,38.904363],[-78.437272,38.904355],[-78.438394,38.904652],[-78.438766,38.904785],[-78.439473,38.905269],[-78.440114,38.905501],[-78.440913,38.905868],[-78.442047,38.906517],[-78.443187,38.907061],[-78.443742,38.907376],[-78.444279,38.907729],[-78.445229,38.90824],[-78.446291,38.90887],[-78.446913,38.909346],[-78.447468,38.909956],[-78.447688,38.9101],[-78.447722,38.910233],[-78.447231,38.910748],[-78.447123,38.910953],[-78.447141,38.911012],[-78.447339,38.911225],[-78.447382,38.91132],[-78.447268,38.911581],[-78.446564,38.912693],[-78.446514,38.912831],[-78.446636,38.913031],[-78.447081,38.913355],[-78.44874,38.914443],[-78.449746,38.915058],[-78.45266,38.916531],[-78.453646,38.917157],[-78.45431,38.91772],[-78.454769,38.918021],[-78.455613,38.918517],[-78.455823,38.918591],[-78.456086,38.918648],[-78.456572,38.91863],[-78.457953,38.918397],[-78.458227,38.918316],[-78.459558,38.917391],[-78.460559,38.916562],[-78.460876,38.916338],[-78.461462,38.91601],[-78.461883,38.915805],[-78.463043,38.915017],[-78.463189,38.915007],[-78.464664,38.915377],[-78.465002,38.915448],[-78.465435,38.915506],[-78.467058,38.915511],[-78.46754,38.915601],[-78.467821,38.915745],[-78.468601,38.916307],[-78.468748,38.916374],[-78.468949,38.916403],[-78.469364,38.916398],[-78.469596,38.916422],[-78.46987,38.916508],[-78.4707,38.916918],[-78.471414,38.917433],[-78.472504,38.91788],[-78.473928,38.918543],[-78.47405,38.918568],[-78.474467,38.918524],[-78.47491,38.918431],[-78.475369,38.918301],[-78.475575,38.91827],[-78.475764,38.918271],[-78.476475,38.918486],[-78.476838,38.918633],[-78.477066,38.918808],[-78.477724,38.919503],[-78.478433,38.920487],[-78.479136,38.921379],[-78.481408,38.92393],[-78.481839,38.924522],[-78.48207,38.924773],[-78.482344,38.924954],[-78.484896,38.92636]]]},"properties":{"UNIQUE_ID":"Shenandoah County-:-401 - Woodstock North","COUNTYFP":"171","locality":"Shenandoah County","precinct":"401 - Woodstock North","dem24":686,"rep24":1253}},
{"type":"Feature","geometry":{"type":"Polygon","coordinates":[[[-78.436711,38.876459],[-78.436838,38.876481],[-78.436973,38.876439],[-78.437227,38.876201],[-78.4375,38.876043],[-78.437878,38.875879],[-78.439869,38.875316],[-78.441141,38.874734],[-78.442571,38.874242],[-78.442912,38.874099],[-78.444377,38.873403],[-78.44481,38.873223],[-78.445237,38.873104],[-78.445548,38.872971],[-78.446585,38.872485],[-78.446914,38.87228],[-78.447244,38.872018],[-78.447427,38.871975],[-78.447689,38.871952],[-78.447829,38.871894],[-78.448244,38.871613],[-78.449107,38.871424],[-78.449537,38.871228],[-78.449671,38.871242],[-78.449689,38.871314],[-78.449598,38.871366],[-78.449397,38.871414],[-78.448866,38.871804],[-78.448677,38.872052],[-78.448475,38.872762],[-78.448414,38.872881],[-78.448097,38.873115],[-78.448103,38.873172],[-78.448206,38.873186],[-78.448395,38.873134],[-78.448688,38.872958],[-78.449622,38.872167],[-78.449774,38.872072],[-78.45,38.872005],[-78.450207,38.871881],[-78.45036,38.871657],[-78.450573,38.871522],[-78.451354,38.871219],[-78.451671,38.871081],[-78.451781,38.87099],[-78.451879,38.870971],[-78.451927,38.871014],[-78.451879,38.871091],[-78.451293,38.871472],[-78.45051,38.872325],[-78.450335,38.872601],[-78.450286,38.872858],[-78.450328,38.872997],[-78.45042,38.873016],[-78.450499,38.872959],[-78.450451,38.872706],[-78.450853,38.872339],[-78.451,38.872263],[-78.451402,38.872168],[-78.451537,38.872096],[-78.451695,38.871934],[-78.451854,38.871868],[-78.452009,38.871835],[-78.452407,38.87194],[-78.452641,38.871952],[-78.452863,38.871885],[-78.453014,38.871779],[-78.453109,38.871669],[-78.453171,38.871425],[-78.453165,38.871064],[-78.453236,38.870943],[-78.453384,38.870841],[-78.454025,38.870796],[-78.454592,38.870667],[-78.454841,38.870537],[-78.454958,38.870405],[-78.455209,38.87032],[-78.455566,38.870241],[-78.455687,38.870188],[-78.455761,38.870106],[-78.455854,38.869915],[-78.455941,38.869868],[-78.456027,38.869908],[-78.456048,38.869968],[-78.456099,38.870439],[-78.456054,38.870551],[-78.455977,38.870622],[-78.455654,38.870688],[-78.455605,38.870781],[-78.455871,38.871061],[-78.456172,38.871329],[-78.456446,38.871658],[-78.456481,38.871774],[-78.456326,38.872371],[-78.456522,38.872371],[-78.456943,38.872249],[-78.457182,38.872097],[-78.457252,38.871977],[-78.457294,38.871774],[-78.457259,38.871598],[-78.457035,38.871346],[-78.457007,38.871258],[-78.457056,38.871204],[-78.457161,38.871209],[-78.457813,38.871823],[-78.458465,38.872613],[-78.458871,38.873046],[-78.45932,38.873814],[-78.459527,38.874026],[-78.460406,38.874637],[-78.460897,38.874895],[-78.461479,38.875421],[-78.461647,38.875454],[-78.461883,38.875409],[-78.462016,38.875413],[-78.462088,38.875442],[-78.462239,38.87564],[-78.462388,38.875743],[-78.462702,38.875798],[-78.46298,38.875819],[-78.463359,38.875807],[-78.463709,38.875575],[-78.463793,38.875586],[-78.463994,38.876018],[-78.46399,38.876545],[-78.464075,38.87665],[-78.464364,38.876895],[-78.464427,38.87701],[-78.463802,38.877047],[-78.463485,38.877018],[-78.463388,38.877037],[-78.463382,38.87708],[-78.464507,38.877411],[-78.464864,38.877563],[-78.465138,38.877753],[-78.465357,38.877948],[-78.465644,38.878134],[-78.465967,38.878325],[-78.466284,38.878449],[-78.466631,38.878416],[-78.466851,38.878335],[-78.468007,38.877385],[-78.468243,38.877218],[-78.468528,38.877071],[-78.46886,38.876964],[-78.469268,38.876946],[-78.469756,38.877017],[-78.470228,38.877232],[-78.473088,38.878833],[-78.473992,38.879309],[-78.475031,38.880011],[-78.47526,38.880069],[-78.476155,38.879986],[-78.476654,38.879714],[-78.477045,38.879433],[-78.477197,38.87928],[-78.477923,38.878308],[-78.478063,38.878222],[-78.479411,38.878051],[-78.479856,38.87797],[-78.480229,38.877832],[-78.480851,38.877517],[-78.481272,38.877269],[-78.481595,38.877007],[-78.481961,38.876636],[-78.482271,38.876274],[-78.482686,38.876007],[-78.483084,38.87584],[-78.483587,38.875723],[-78.484924,38.875799],[-78.485772,38.875765],[-78.486245,38.87566],[-78.486937,38.875384],[-78.487559,38.87527],[-78.490016,38.874932],[-78.490644,38.874722],[-78.491258,38.874593],[-78.492834,38.874994],[-78.49423,38.875494],[-78.494982,38.875691],[-78.495607,38.875892],[-78.495746,38.876039],[-78.495814,38.876225],[-78.495803,38.876402],[-78.495616,38.876814],[-78.495565,38.877045],[-78.495582,38.877293],[-78.495627,38.877417],[-78.495695,38.877492],[-78.495826,38.877546],[-78.496047,38.877568],[-78.496954,38.877461],[-78.497226,38.877484],[-78.497384,38.877537],[-78.497877,38.877918],[-78.498144,38.87806],[-78.499545,38.878546],[-78.499646,38.878624],[-78.499747,38.878787],[-78.50048,38.880187],[-78.501348,38.880836],[-78.501588,38.88094],[-78.501819,38.880994],[-78.502654,38.879907],[-78.503151,38.879345],[-78.503361,38.878917],[-78.504941,38.879663],[-78.506462,38.880349],[-78.50725,38.879291],[-78.510458,38.880804],[-78.511631,38.87948],[-78.511723,38.879454],[-78.511849,38.879477],[-78.511953,38.879441],[-78.512367,38.879081],[-78.513217,38.878226],[-78.513525,38.877854],[-78.514345,38.876634],[-78.514607,38.876402],[-78.51475,38.876359],[-78.515383,38.876299],[-78.515187,38.878225],[-78.515859,38.878072],[-78.516625,38.87794],[-78.517075,38.877831],[-78.517608,38.877793],[-78.517974,38.877826],[-78.518571,38.877947],[-78.518894,38.878057],[-78.519336,38.878282],[-78.520396,38.878947],[-78.520565,38.878991],[-78.521085,38.878793],[-78.521562,38.878651],[-78.52185,38.878634],[-78.522103,38.878667],[-78.522532,38.878777],[-78.522658,38.878838],[-78.523143,38.878948],[-78.523248,38.878997],[-78.523381,38.879101],[-78.523614,38.879402],[-78.526886,38.873363],[-78.5282,38.870787],[-78.529675,38.868153],[-78.530797,38.865971],[-78.532005,38.863776],[-78.532724,38.862567],[-78.533083,38.862052],[-78.532692,38.861909],[-78.532715,38.861871],[-78.532443,38.861788],[-78.531487,38.861399],[-78.529793,38.860558],[-78.5285,38.859953],[-78.527277,38.86093],[-78.525864,38.860264],[-78.526798,38.859158],[-78.524757,38.858119],[-78.524728,38.858067],[-78.525237,38.857401],[-78.525749,38.85666],[-78.52604,38.856155],[-78.527289,38.853575],[-78.528628,38.850719],[-78.529025,38.850057],[-78.529409,38.849543],[-78.52991,38.848956],[-78.530725,38.8481],[-78.531775,38.846932],[-78.531435,38.846723],[-78.530067,38.846161],[-78.529224,38.845931],[-78.529095,38.845877],[-78.528909,38.845669],[-78.528412,38.845961],[-78.527908,38.846869],[-78.527531,38.847251],[-78.527497,38.847391],[-78.527272,38.84754],[-78.527229,38.847716],[-78.526816,38.848056],[-78.526727,38.848225],[-78.526456,38.848368],[-78.526214,38.848587],[-78.525509,38.848959],[-78.524783,38.849218],[-78.524346,38.849265],[-78.524183,38.84935],[-78.523663,38.849349],[-78.523297,38.849297],[-78.522743,38.849435],[-78.521577,38.849559],[-78.520891,38.849461],[-78.520691,38.849506],[-78.520271,38.849482],[-78.519654,38.849684],[-78.519325,38.849674],[-78.518062,38.849421],[-78.517953,38.849478],[-78.517176,38.849367],[-78.517064,38.849242],[-78.516661,38.849148],[-78.516412,38.849004],[-78.516092,38.848958],[-78.515943,38.848792],[-78.515211,38.848687],[-78.514282,38.848228],[-78.513878,38.848134],[-78.513464,38.847893],[-78.513144,38.847847],[-78.512812,38.847655],[-78.512243,38.847465],[-78.512168,38.847381],[-78.512068,38.847403],[-78.511416,38.847165],[-78.511342,38.847082],[-78.51057,38.846754],[-78.509515,38.846422],[-78.509357,38.84629],[-78.509083,38.846251],[-78.509008,38.846168],[-78.507962,38.845801],[-78.506772,38.84505],[-78.506589,38.845024],[-78.504769,38.843747],[-78.503977,38.843308],[-78.503513,38.842878],[-78.503107,38.842602],[-78.502812,38.842179],[-78.503252,38.84193],[-78.503659,38.841488],[-78.504382,38.840905],[-78.504988,38.840666],[-78.505921,38.840682],[-78.507436,38.841705],[-78.507527,38.841701],[-78.507629,38.841744],[-78.508215,38.842105],[-78.509004,38.842494],[-78.509272,38.842689],[-78.509445,38.842772],[-78.509511,38.842729],[-78.509645,38.842536],[-78.509729,38.842311],[-78.510488,38.84173],[-78.510685,38.841477],[-78.510797,38.84123],[-78.510847,38.841071],[-78.510981,38.840176],[-78.511129,38.839523],[-78.511242,38.838848],[-78.511249,38.838485],[-78.511228,38.838425],[-78.511066,38.838222],[-78.510871,38.83747],[-78.510479,38.836441],[-78.50917,38.835944],[-78.505469,38.834359],[-78.499717,38.831988],[-78.492787,38.828914],[-78.489501,38.827341],[-78.489224,38.827809],[-78.489018,38.828053],[-78.488592,38.828387],[-78.488409,38.828482],[-78.48815,38.828852],[-78.488136,38.829085],[-78.488002,38.829243],[-78.48787,38.829299],[-78.487045,38.8299],[-78.486976,38.830204],[-78.48687,38.83046],[-78.486877,38.830627],[-78.48661,38.830968],[-78.486344,38.831116],[-78.485893,38.83126],[-78.48543,38.831479],[-78.4853,38.831753],[-78.485096,38.832037],[-78.484832,38.832256],[-78.48361,38.832945],[-78.483271,38.833233],[-78.481856,38.83419],[-78.48178,38.834381],[-78.481509,38.834597],[-78.480614,38.835119],[-78.479723,38.835536],[-78.479464,38.835635],[-78.479396,38.835792],[-78.479294,38.836342],[-78.479169,38.836722],[-78.479017,38.837055],[-78.478407,38.837765],[-78.47833,38.837897],[-78.477486,38.838861],[-78.477249,38.839068],[-78.47629,38.839755],[-78.47585,38.840164],[-78.475321,38.840753],[-78.474942,38.841275],[-78.474293,38.841587],[-78.473865,38.84175],[-78.473711,38.841952],[-78.473534,38.842119],[-78.472831,38.842386],[-78.472397,38.842504],[-78.472142,38.842767],[-78.471582,38.843459],[-78.471082,38.843907],[-78.470935,38.843946],[-78.470672,38.843923],[-78.470365,38.843975],[-78.47015,38.844263],[-78.469943,38.844635],[-78.469918,38.844778],[-78.469369,38.84554],[-78.469028,38.84616],[-78.467971,38.847017],[-78.467681,38.847174],[-78.467607,38.847246],[-78.46754,38.84747],[-78.467271,38.847666],[-78.466369,38.848439],[-78.466173,38.848566],[-78.465911,38.848874],[-78.465777,38.848971],[-78.465692,38.849176],[-78.465484,38.849486],[-78.464905,38.850115],[-78.464515,38.850396],[-78.464289,38.850654],[-78.464155,38.850711],[-78.463859,38.850722],[-78.463681,38.850802],[-78.463722,38.850992],[-78.463691,38.851187],[-78.463618,38.851359],[-78.463027,38.851659],[-78.462718,38.851851],[-78.462457,38.85195],[-78.461791,38.852086],[-78.461611,38.852345],[-78.46132,38.852603],[-78.461252,38.852779],[-78.461228,38.852908],[-78.461294,38.853208],[-78.461214,38.853302],[-78.461152,38.853606],[-78.46124,38.853984],[-78.461144,38.854247],[-78.460606,38.854665],[-78.460528,38.854806],[-78.46019,38.855062],[-78.460177,38.855393],[-78.459851,38.855962],[-78.459705,38.856001],[-78.459564,38.855945],[-78.459159,38.855872],[-78.458859,38.855881],[-78.458513,38.856028],[-78.458209,38.856373],[-78.458043,38.856472],[-78.456937,38.856613],[-78.456667,38.856773],[-78.456398,38.856864],[-78.456107,38.857021],[-78.454816,38.857537],[-78.454309,38.857806],[-78.453699,38.858407],[-78.453587,38.85849],[-78.453471,38.858519],[-78.453393,38.858581],[-78.453219,38.858924],[-78.45311,38.859315],[-78.452665,38.859753],[-78.452325,38.859983],[-78.452059,38.86013],[-78.451656,38.860433],[-78.451249,38.860682],[-78.450856,38.861146],[-78.45055,38.86129],[-78.450459,38.861381],[-78.450366,38.861531],[-78.450342,38.86162],[-78.45008,38.862038],[-78.449808,38.862359],[-78.449618,38.862714],[-78.449461,38.862909],[-78.44936,38.863307],[-78.449067,38.863659],[-78.448874,38.864503],[-78.448786,38.864659],[-78.448361,38.86495],[-78.447814,38.865201],[-78.447661,38.865296],[-78.447472,38.865457],[-78.447401,38.865738],[-78.447334,38.86583],[-78.447051,38.866145],[-78.446684,38.866469],[-78.446584,38.866534],[-78.446003,38.866788],[-78.445787,38.86691],[-78.445434,38.867164],[-78.445049,38.867126],[-78.444735,38.867235],[-78.444699,38.867484],[-78.444338,38.86767],[-78.443924,38.867684],[-78.443747,38.86757],[-78.443406,38.867622],[-78.44315,38.867622],[-78.442924,38.86766],[-78.4427,38.867765],[-78.442296,38.868108],[-78.442021,38.868302],[-78.442037,38.868663],[-78.441954,38.868963],[-78.440736,38.870598],[-78.440486,38.870972],[-78.440365,38.871237],[-78.440184,38.871976],[-78.440058,38.872188],[-78.438659,38.873889],[-78.438435,38.874316],[-78.438244,38.874571],[-78.437779,38.87502],[-78.43758,38.875281],[-78.437292,38.875738],[-78.436653,38.876357],[-78.436659,38.876414],[-78.436711,38.876459]]]},"properties":{"UNIQUE_ID":"Shenandoah County-:-402 - Woodstock South","COUNTYFP":"171","locality":"Shenandoah County","precinct":"402 - Woodstock South","dem24":546,"rep24":942}},
{"type":"Feature","geometry":{"type":"Polygon","coordinates":[[[-78.513995,39.04692],[-78.525857,39.050754],[-78.530524,39.052192],[-78.533648,39.053212],[-78.540667,39.055413],[-78.544185,39.056567],[-78.545682,39.05506],[-78.547737,39.054077],[-78.54831,39.053293],[-78.5495,39.052507],[-78.5503,39.051763],[-78.550758,39.050794],[-78.55167,39.049824],[-78.552744,39.048498],[-78.554266,39.048066],[-78.554786,39.046943],[-78.555965,39.045932],[-78.556751,39.044535],[-78.56,39.041581],[-78.561612,39.04085],[-78.562646,39.039694],[-78.564607,39.038566],[-78.565361,39.03708],[-78.56804,39.035451],[-78.568929,39.03419],[-78.571904,39.032003],[-78.571065,39.030958],[-78.569049,39.029483],[-78.567972,39.028503],[-78.566564,39.027026],[-78.56584,39.026311],[-78.565076,39.025943],[-78.5641,39.026285],[-78.563297,39.026336],[-78.562088,39.02539],[-78.560448,39.024719],[-78.559643,39.024464],[-78.558951,39.024015],[-78.558317,39.02272],[-78.558169,39.022043],[-78.557383,39.021401],[-78.554225,39.01968],[-78.55246,39.018784],[-78.55047,39.018073],[-78.552324,39.016382],[-78.554922,39.015132],[-78.55765,39.013197],[-78.559403,39.011885],[-78.561714,39.009015],[-78.562631,39.007206],[-78.568334,39.003454],[-78.569032,39.002959],[-78.569666,39.002248],[-78.570465,39.00156],[-78.571651,39.000116],[-78.572421,38.999453],[-78.573391,38.998485],[-78.575041,38.996542],[-78.57792,38.993011],[-78.580468,38.990575],[-78.581984,38.988406],[-78.582931,38.985424],[-78.585975,38.982867],[-78.587656,38.980722],[-78.587324,38.979755],[-78.588707,38.978587],[-78.588932,38.976966],[-78.59083,38.975547],[-78.593264,38.971926],[-78.596018,38.9702],[-78.598897,38.969554],[-78.600144,38.968183],[-78.601402,38.966538],[-78.601658,38.964611],[-78.607721,38.969203],[-78.608372,38.969751],[-78.609652,38.969903],[-78.6102,38.970484],[-78.610305,38.971943],[-78.610379,38.973587],[-78.610577,38.975111],[-78.611187,38.976142],[-78.612591,38.976295],[-78.614315,38.975858],[-78.618679,38.97409],[-78.618752,38.975074],[-78.619342,38.976122],[-78.619502,38.97649],[-78.619985,38.977346],[-78.620194,38.979837],[-78.619917,38.981296],[-78.620456,38.982609],[-78.621148,38.982512],[-78.621787,38.982391],[-78.62347,38.982599],[-78.624739,38.982653],[-78.625675,38.982583],[-78.627801,38.981798],[-78.629556,38.980874],[-78.630849,38.979594],[-78.631843,38.97816],[-78.632455,38.976991],[-78.632474,38.974747],[-78.633903,38.972725],[-78.635374,38.97042],[-78.636854,38.968519],[-78.638426,38.966827],[-78.640136,38.967017],[-78.641998,38.967692],[-78.644675,38.968061],[-78.646592,38.968146],[-78.648268,38.966052],[-78.648261,38.965164],[-78.649338,38.963608],[-78.652355,38.960685],[-78.653053,38.958548],[-78.653966,38.956565],[-78.655046,38.953774],[-78.657466,38.950906],[-78.658141,38.949156],[-78.659053,38.947383],[-78.660373,38.946974],[-78.662086,38.94571],[-78.664277,38.943237],[-78.665889,38.941587],[-78.666597,38.939208],[-78.66826,38.937403],[-78.670682,38.933808],[-78.672498,38.932553],[-78.674275,38.9307],[-78.676256,38.929235],[-78.677452,38.927916],[-78.660129,38.917934],[-78.65784,38.916683],[-78.657859,38.916635],[-78.657683,38.916467],[-78.640922,38.908771],[-78.640956,38.908536],[-78.640944,38.908445],[-78.640839,38.908303],[-78.640024,38.907966],[-78.639679,38.907788],[-78.639198,38.907404],[-78.639067,38.907272],[-78.638683,38.907067],[-78.638565,38.907049],[-78.638425,38.907062],[-78.638285,38.907108],[-78.63808,38.9072],[-78.63786,38.907365],[-78.632041,38.904693],[-78.631918,38.905291],[-78.631883,38.90563],[-78.632223,38.906274],[-78.632301,38.906664],[-78.632319,38.906925],[-78.632085,38.909367],[-78.631958,38.909882],[-78.631513,38.91118],[-78.63113,38.911845],[-78.630081,38.913186],[-78.629832,38.913437],[-78.629013,38.914007],[-78.627609,38.914769],[-78.627233,38.915302],[-78.627067,38.915931],[-78.626442,38.917788],[-78.625337,38.920141],[-78.624524,38.921536],[-78.619901,38.928699],[-78.618669,38.929745],[-78.617096,38.932965],[-78.616178,38.934639],[-78.613521,38.936635],[-78.612018,38.938652],[-78.611686,38.939404],[-78.61145,38.939677],[-78.610157,38.940545],[-78.608558,38.941338],[-78.607885,38.941803],[-78.60667,38.942849],[-78.602514,38.945601],[-78.599784,38.947629],[-78.59313,38.950213],[-78.591593,38.950966],[-78.589036,38.951468],[-78.587426,38.952051],[-78.585775,38.952452],[-78.58352,38.952767],[-78.582853,38.953036],[-78.58248,38.95343],[-78.581309,38.95395],[-78.580771,38.954142],[-78.580017,38.954345],[-78.579485,38.954625],[-78.579067,38.954558],[-78.576975,38.953168],[-78.574996,38.952798],[-78.571907,38.952063],[-78.569622,38.951815],[-78.569295,38.951986],[-78.565472,38.951715],[-78.564854,38.951745],[-78.565086,38.952541],[-78.564777,38.952902],[-78.563792,38.952872],[-78.562209,38.952571],[-78.548866,38.954238],[-78.546838,38.954433],[-78.545409,38.955154],[-78.54238,38.955787],[-78.54226,38.955869],[-78.539358,38.957384],[-78.53733,38.958321],[-78.535019,38.959233],[-78.531235,38.959852],[-78.528753,38.960539],[-78.525061,38.961998],[-78.518165,38.964394],[-78.515762,38.965187],[-78.514062,38.966175],[-78.509614,38.967966],[-78.508081,38.969143],[-78.507803,38.970883],[-78.507091,38.970877],[-78.50679,38.970981],[-78.50653,38.971127],[-78.506392,38.971146],[-78.506298,38.971102],[-78.506242,38.971045],[-78.506205,38.970797],[-78.505828,38.971054],[-78.50447,38.971689],[-78.504203,38.973186],[-78.504754,38.974212],[-78.504841,38.975227],[-78.503722,38.975996],[-78.50232,38.977375],[-78.501131,38.978245],[-78.499734,38.978869],[-78.499734,38.978951],[-78.49611,38.981013],[-78.495861,38.981213],[-78.495598,38.981743],[-78.494788,38.982414],[-78.489442,38.985967],[-78.488381,38.986673],[-78.48062,38.992299],[-78.476209,38.995211],[-78.472398,38.997503],[-78.471152,38.998509],[-78.469972,38.999089],[-78.469034,39.000116],[-78.456244,39.009616],[-78.456165,39.009646],[-78.452475,39.012464],[-78.462743,39.020698],[-78.462613,39.02073],[-78.46236,39.020878],[-78.461593,39.021537],[-78.46148,39.021603],[-78.46129,39.021631],[-78.460861,39.021554],[-78.460755,39.021554],[-78.460614,39.021598],[-78.460171,39.021916],[-78.459904,39.022048],[-78.459566,39.022092],[-78.459024,39.022026],[-78.458376,39.021977],[-78.458194,39.021983],[-78.457652,39.02207],[-78.457455,39.022131],[-78.457166,39.022252],[-78.456807,39.02246],[-78.456434,39.02279],[-78.455773,39.023301],[-78.455533,39.023542],[-78.455449,39.023745],[-78.455344,39.024415],[-78.455147,39.024986],[-78.454837,39.025513],[-78.454345,39.026167],[-78.454134,39.026551],[-78.454077,39.026726],[-78.454014,39.027182],[-78.454021,39.027523],[-78.454139,39.027805],[-78.458577,39.029183],[-78.466662,39.031758],[-78.474405,39.034331],[-78.477454,39.035242],[-78.482351,39.036838],[-78.484723,39.037591],[-78.487106,39.038316],[-78.490528,39.039475],[-78.494338,39.040659],[-78.495053,39.040862],[-78.499703,39.042331],[-78.508188,39.045076],[-78.513995,39.04692]]]},"properties":{"UNIQUE_ID":"Shenandoah County-:-501 - Cedar Creek","COUNTYFP":"171","locality":"Shenandoah County","precinct":"501 - Cedar Creek","dem24":44,"rep24":132}},
{"type":"Feature","geometry":{"type":"Polygon","coordinates":[[[-78.335206,38.973366],[-78.335413,38.972532],[-78.335554,38.97217],[-78.335962,38.971566],[-78.336215,38.971126],[-78.33639,38.970885],[-78.336637,38.97061],[-78.337276,38.969984],[-78.337438,38.969864],[-78.33767,38.969759],[-78.337987,38.969474],[-78.338591,38.969166],[-78.34018,38.968441],[-78.340405,38.968359],[-78.340708,38.968353],[-78.340855,38.968298],[-78.341031,38.968364],[-78.341123,38.96837],[-78.341334,38.968282],[-78.341558,38.96826],[-78.34191,38.968265],[-78.342121,38.968282],[-78.342698,38.968413],[-78.343457,38.968523],[-78.343696,38.968589],[-78.344962,38.968742],[-78.345335,38.968808],[-78.345722,38.968967],[-78.346137,38.969203],[-78.346622,38.969609],[-78.347136,38.970164],[-78.347502,38.970416],[-78.347882,38.970723],[-78.348297,38.970992],[-78.34888,38.971266],[-78.349514,38.971722],[-78.350133,38.972007],[-78.351082,38.972506],[-78.351708,38.972786],[-78.352644,38.973104],[-78.353685,38.973527],[-78.354599,38.973839],[-78.354979,38.97401],[-78.355584,38.974383],[-78.356372,38.975014],[-78.35652,38.975047],[-78.356667,38.975025],[-78.356822,38.975052],[-78.357399,38.975398],[-78.357659,38.975584],[-78.359271,38.976852],[-78.359587,38.977143],[-78.360474,38.978048],[-78.362445,38.980249],[-78.36324,38.980869],[-78.363845,38.981401],[-78.364282,38.981719],[-78.365281,38.982641],[-78.365985,38.983173],[-78.36633,38.983503],[-78.366787,38.984057],[-78.367232,38.984403],[-78.366732,38.98463],[-78.36806,38.985499],[-78.370405,38.986707],[-78.370936,38.986957],[-78.371741,38.987259],[-78.372497,38.987417],[-78.372891,38.987451],[-78.372562,38.988317],[-78.372344,38.989118],[-78.372804,38.989076],[-78.373934,38.989056],[-78.375451,38.988964],[-78.375548,38.989014],[-78.375632,38.989027],[-78.375873,38.989029],[-78.37827,38.988834],[-78.379298,38.98864],[-78.379444,38.988636],[-78.379593,38.988667],[-78.38009,38.98886],[-78.380615,38.989118],[-78.381837,38.989427],[-78.382299,38.989589],[-78.385221,38.991129],[-78.385848,38.991422],[-78.386459,38.991634],[-78.388076,38.992057],[-78.388845,38.992211],[-78.389352,38.992252],[-78.389589,38.992307],[-78.389859,38.992422],[-78.390112,38.992631],[-78.390235,38.992815],[-78.390352,38.993089],[-78.390573,38.993431],[-78.391231,38.99426],[-78.391192,38.995015],[-78.391282,38.995415],[-78.391602,38.996348],[-78.391619,38.996672],[-78.391089,38.998089],[-78.390931,38.998414],[-78.39067,38.998743],[-78.390418,38.998967],[-78.390134,38.999176],[-78.389701,38.999392],[-78.385179,39.001504],[-78.384695,39.001688],[-78.383788,39.00189],[-78.383461,39.002031],[-78.383205,39.002199],[-78.383824,39.002739],[-78.410672,38.990235],[-78.41153,38.989822],[-78.412323,38.989398],[-78.413022,38.988987],[-78.413346,38.988767],[-78.414383,38.989595],[-78.414702,38.989808],[-78.415101,38.989953],[-78.418301,38.991026],[-78.419416,38.990927],[-78.419608,38.990965],[-78.419831,38.991098],[-78.420602,38.99176],[-78.421075,38.992409],[-78.421555,38.99297],[-78.421788,38.993325],[-78.421912,38.993599],[-78.42193,38.993731],[-78.421862,38.994547],[-78.42189,38.994608],[-78.422521,38.995056],[-78.422723,38.995312],[-78.423242,38.996402],[-78.423417,38.997073],[-78.423488,38.997198],[-78.424246,38.99792],[-78.424617,38.998187],[-78.424903,38.998286],[-78.425285,38.998321],[-78.425602,38.99827],[-78.426145,38.998133],[-78.426446,38.998153],[-78.426657,38.998193],[-78.428064,38.998801],[-78.428385,38.998907],[-78.429526,38.999139],[-78.430965,38.999996],[-78.43092,39.000038],[-78.431111,39.000249],[-78.431405,39.000453],[-78.431934,39.000688],[-78.434148,39.001424],[-78.435223,39.001727],[-78.435428,39.00175],[-78.435942,39.00173],[-78.436656,39.001751],[-78.436798,39.001783],[-78.437214,39.002024],[-78.437874,39.002521],[-78.438065,39.002606],[-78.438279,39.002655],[-78.438573,39.002222],[-78.439257,39.001673],[-78.439389,39.001381],[-78.439493,39.001293],[-78.440171,39.001018],[-78.44126,39.000433],[-78.44188,39.000323],[-78.442473,39.000282],[-78.442788,39.000371],[-78.444055,39.0015],[-78.444483,39.001692],[-78.445986,39.001876],[-78.446519,39.002287],[-78.44845,39.004366],[-78.449445,39.004852],[-78.449838,39.004728],[-78.450109,39.004531],[-78.450162,39.004306],[-78.450739,39.003909],[-78.45239,39.004211],[-78.452923,39.004396],[-78.453299,39.004355],[-78.453805,39.003439],[-78.454181,39.003439],[-78.455011,39.00372],[-78.455762,39.003556],[-78.456068,39.003412],[-78.456881,39.003364],[-78.457108,39.003235],[-78.457536,39.002566],[-78.457876,39.002306],[-78.458742,39.001985],[-78.459781,39.001951],[-78.459948,39.002088],[-78.459843,39.002355],[-78.45965,39.002498],[-78.458758,39.002655],[-78.458452,39.003176],[-78.458339,39.003579],[-78.457587,39.004632],[-78.456713,39.005207],[-78.456048,39.006116],[-78.455113,39.006691],[-78.454484,39.00743],[-78.453828,39.007724],[-78.453067,39.008887],[-78.452577,39.009256],[-78.45166,39.009591],[-78.450935,39.01007],[-78.450611,39.010562],[-78.450611,39.010897],[-78.45083,39.010986],[-78.451484,39.010755],[-78.45241,39.009989],[-78.4529,39.009914],[-78.453145,39.009969],[-78.453171,39.010167],[-78.452935,39.010462],[-78.45283,39.010804],[-78.453538,39.010749],[-78.454382,39.010455],[-78.455287,39.009915],[-78.456165,39.009646],[-78.456244,39.009616],[-78.469034,39.000116],[-78.469972,38.999089],[-78.471152,38.998509],[-78.472398,38.997503],[-78.476209,38.995211],[-78.48062,38.992299],[-78.488381,38.986673],[-78.489442,38.985967],[-78.485245,38.982311],[-78.485097,38.98186],[-78.484949,38.981646],[-78.484674,38.98152],[-78.484147,38.981054],[-78.483119,38.980253],[-78.482873,38.980093],[-78.48281,38.980088],[-78.482388,38.980143],[-78.481994,38.980225],[-78.48179,38.980237],[-78.481445,38.98016],[-78.481311,38.980105],[-78.481206,38.98005],[-78.480861,38.97977],[-78.480101,38.978848],[-78.47996,38.97853],[-78.479981,38.978299],[-78.479847,38.977838],[-78.479516,38.977201],[-78.479411,38.977037],[-78.479129,38.976718],[-78.478714,38.97595],[-78.478496,38.975725],[-78.47808,38.975363],[-78.47775,38.975116],[-78.477496,38.974808],[-78.477158,38.974133],[-78.477039,38.973793],[-78.476863,38.973491],[-78.476469,38.973041],[-78.4763,38.972887],[-78.475836,38.972722],[-78.47566,38.972684],[-78.475013,38.972443],[-78.47478,38.972284],[-78.47376,38.971285],[-78.473035,38.970791],[-78.472916,38.97067],[-78.472839,38.970439],[-78.472915,38.969764],[-78.473084,38.969391],[-78.473323,38.968644],[-78.473541,38.968342],[-78.473787,38.968106],[-78.474131,38.967348],[-78.473892,38.967299],[-78.473625,38.967206],[-78.473363,38.967027],[-78.474401,38.966597],[-78.474925,38.966336],[-78.475141,38.966212],[-78.475537,38.965915],[-78.48139,38.960422],[-78.482506,38.959341],[-78.484187,38.957598],[-78.485381,38.956527],[-78.483347,38.955236],[-78.482833,38.95498],[-78.482327,38.954875],[-78.480336,38.954666],[-78.480011,38.954603],[-78.479681,38.954504],[-78.479283,38.95431],[-78.479471,38.954071],[-78.479821,38.953538],[-78.479856,38.953399],[-78.479868,38.952874],[-78.479753,38.952192],[-78.479771,38.951844],[-78.479837,38.951679],[-78.480634,38.950536],[-78.480929,38.950163],[-78.481048,38.950051],[-78.481207,38.949583],[-78.481219,38.949393],[-78.481108,38.94838],[-78.481133,38.948093],[-78.481281,38.947353],[-78.481329,38.946734],[-78.481446,38.946101],[-78.481384,38.945954],[-78.481166,38.94564],[-78.481146,38.945575],[-78.481168,38.945452],[-78.480909,38.945479],[-78.480785,38.945445],[-78.480608,38.945564],[-78.480308,38.945928],[-78.480199,38.946003],[-78.480148,38.946009],[-78.479655,38.945659],[-78.479532,38.945608],[-78.477804,38.945742],[-78.477443,38.945808],[-78.477036,38.945992],[-78.476627,38.9463],[-78.475464,38.947642],[-78.475317,38.947739],[-78.475144,38.947737],[-78.473729,38.947288],[-78.473236,38.947152],[-78.473038,38.947023],[-78.472848,38.946858],[-78.472273,38.946289],[-78.472185,38.946166],[-78.471394,38.94454],[-78.471383,38.944435],[-78.471409,38.944403],[-78.471986,38.944016],[-78.472071,38.943588],[-78.472046,38.943504],[-78.471884,38.943244],[-78.471467,38.942953],[-78.471244,38.942633],[-78.471158,38.942574],[-78.471044,38.942544],[-78.470898,38.942546],[-78.469818,38.942743],[-78.469598,38.942741],[-78.469468,38.942674],[-78.469402,38.942544],[-78.469356,38.94235],[-78.469313,38.941682],[-78.469263,38.941458],[-78.469081,38.941106],[-78.468715,38.940637],[-78.475686,38.935138],[-78.477041,38.934033],[-78.478838,38.932485],[-78.480676,38.930777],[-78.482612,38.928854],[-78.483193,38.92825],[-78.484896,38.92636],[-78.482344,38.924954],[-78.48207,38.924773],[-78.481839,38.924522],[-78.481408,38.92393],[-78.479136,38.921379],[-78.478433,38.920487],[-78.477724,38.919503],[-78.477066,38.918808],[-78.476838,38.918633],[-78.476475,38.918486],[-78.475764,38.918271],[-78.475575,38.91827],[-78.475369,38.918301],[-78.47491,38.918431],[-78.474467,38.918524],[-78.47405,38.918568],[-78.473928,38.918543],[-78.472504,38.91788],[-78.471414,38.917433],[-78.4707,38.916918],[-78.46987,38.916508],[-78.469596,38.916422],[-78.469364,38.916398],[-78.468949,38.916403],[-78.468748,38.916374],[-78.468601,38.916307],[-78.467821,38.915745],[-78.46754,38.915601],[-78.467058,38.915511],[-78.465435,38.915506],[-78.465002,38.915448],[-78.464664,38.915377],[-78.463189,38.915007],[-78.463043,38.915017],[-78.461883,38.915805],[-78.461462,38.91601],[-78.460876,38.916338],[-78.460559,38.916562],[-78.459558,38.917391],[-78.458227,38.918316],[-78.457953,38.918397],[-78.456572,38.91863],[-78.456086,38.918648],[-78.455823,38.918591],[-78.455613,38.918517],[-78.454769,38.918021],[-78.45431,38.91772],[-78.453646,38.917157],[-78.45266,38.916531],[-78.449746,38.915058],[-78.44874,38.914443],[-78.447081,38.913355],[-78.446636,38.913031],[-78.446514,38.912831],[-78.446564,38.912693],[-78.447268,38.911581],[-78.447382,38.91132],[-78.447339,38.911225],[-78.447141,38.911012],[-78.447123,38.910953],[-78.447231,38.910748],[-78.447722,38.910233],[-78.447688,38.9101],[-78.447468,38.909956],[-78.446913,38.909346],[-78.446291,38.90887],[-78.445229,38.90824],[-78.444279,38.907729],[-78.443742,38.907376],[-78.443187,38.907061],[-78.442047,38.906517],[-78.440913,38.905868],[-78.440114,38.905501],[-78.439473,38.905269],[-78.438766,38.904785],[-78.438394,38.904652],[-78.437272,38.904355],[-78.437015,38.904363],[-78.436877,38.904398],[-78.43668,38.904498],[-78.43494,38.906232],[-78.434831,38.906295],[-78.434689,38.906289],[-78.43298,38.905775],[-78.431722,38.905264],[-78.431235,38.905031],[-78.431063,38.90504],[-78.4298,38.905377],[-78.429653,38.905421],[-78.429532,38.905487],[-78.428631,38.90651],[-78.428387,38.906633],[-78.427891,38.906782],[-78.427836,38.906849],[-78.427817,38.906982],[-78.427939,38.907402],[-78.428079,38.908079],[-78.428066,38.908417],[-78.428011,38.908682],[-78.42776,38.909218],[-78.42696,38.909885],[-78.426863,38.910009],[-78.426876,38.910115],[-78.42624,38.909994],[-78.426118,38.909946],[-78.426029,38.909617],[-78.425308,38.909663],[-78.424146,38.909569],[-78.423809,38.909593],[-78.422353,38.909348],[-78.422104,38.909203],[-78.421921,38.909177],[-78.421635,38.908991],[-78.420982,38.908752],[-78.420439,38.908456],[-78.420044,38.908327],[-78.41997,38.908244],[-78.419289,38.907928],[-78.418328,38.907209],[-78.417669,38.906607],[-78.4168,38.906482],[-78.415962,38.906616],[-78.415147,38.907043],[-78.414787,38.907355],[-78.414487,38.908583],[-78.414696,38.909085],[-78.415583,38.910301],[-78.41641,38.911182],[-78.41738,38.911866],[-78.41772,38.912024],[-78.418201,38.912383],[-78.418338,38.912403],[-78.418773,38.912756],[-78.419002,38.912788],[-78.419346,38.913128],[-78.419574,38.913161],[-78.419798,38.913411],[-78.420055,38.91352],[-78.420316,38.913812],[-78.420536,38.91388],[-78.420833,38.914213],[-78.420925,38.914226],[-78.421111,38.914434],[-78.421758,38.91489],[-78.421932,38.914951],[-78.422413,38.915311],[-78.422871,38.915376],[-78.423168,38.91571],[-78.423535,38.915762],[-78.423832,38.916095],[-78.424198,38.916148],[-78.424459,38.916439],[-78.424633,38.916501],[-78.425117,38.917042],[-78.425083,38.917182],[-78.425215,38.917419],[-78.425006,38.918079],[-78.424897,38.918136],[-78.4248,38.91834],[-78.423859,38.918895],[-78.423631,38.918862],[-78.42303,38.918994],[-78.421748,38.91881],[-78.421067,38.918494],[-78.42014,38.918216],[-78.419937,38.918078],[-78.419408,38.91753],[-78.419047,38.917261],[-78.41879,38.917151],[-78.418355,38.916798],[-78.417247,38.916095],[-78.416775,38.9157],[-78.41592,38.914743],[-78.41529,38.914217],[-78.415061,38.914184],[-78.414775,38.913997],[-78.413903,38.913691],[-78.411843,38.913395],[-78.411451,38.913448],[-78.409495,38.914474],[-78.408934,38.91483],[-78.408557,38.915211],[-78.408434,38.91552],[-78.408206,38.916649],[-78.408392,38.917438],[-78.409119,38.918342],[-78.409302,38.918368],[-78.409821,38.91886],[-78.410126,38.919067],[-78.410263,38.919087],[-78.410652,38.919433],[-78.410835,38.919459],[-78.410984,38.919626],[-78.411814,38.920108],[-78.412163,38.920231],[-78.412615,38.920513],[-78.413101,38.920656],[-78.413213,38.920781],[-78.413811,38.921048],[-78.41414,38.921104],[-78.414243,38.921219],[-78.414795,38.92148],[-78.415064,38.921736],[-78.41523,38.921833],[-78.415459,38.921865],[-78.415811,38.92217],[-78.415986,38.922231],[-78.418092,38.923695],[-78.418183,38.923708],[-78.418813,38.924234],[-78.419148,38.924609],[-78.419291,38.924993],[-78.419238,38.925267],[-78.418549,38.925349],[-78.416687,38.924983],[-78.414603,38.924379],[-78.411967,38.923477],[-78.409658,38.922508],[-78.403712,38.919526],[-78.3998,38.9179],[-78.395434,38.91587],[-78.395022,38.916192],[-78.394557,38.916666],[-78.392939,38.917803],[-78.392185,38.918493],[-78.391224,38.91956],[-78.388296,38.921754],[-78.387141,38.922443],[-78.384943,38.924407],[-78.380392,38.928238],[-78.379297,38.929466],[-78.375821,38.932094],[-78.37473,38.933321],[-78.374158,38.933661],[-78.371763,38.935596],[-78.363421,38.942577],[-78.346938,38.955052],[-78.345691,38.95577],[-78.343778,38.956774],[-78.34238,38.957759],[-78.340519,38.958771],[-78.337715,38.960208],[-78.337039,38.960471],[-78.336136,38.960711],[-78.335417,38.960845],[-78.332435,38.962328],[-78.331413,38.962924],[-78.331413,38.962925],[-78.332394,38.965624],[-78.332639,38.966298],[-78.334806,38.972264],[-78.335206,38.973366]]]},"properties":{"UNIQUE_ID":"Shenandoah County-:-503 - Toms Brook","COUNTYFP":"171","locality":"Shenandoah County","precinct":"503 - Toms Brook","dem24":682,"rep24":1827}},
{"type":"Feature","geometry":{"type":"Polygon","coordinates":[[[-78.354246,39.097957],[-78.354692,39.097904],[-78.355844,39.097624],[-78.356006,39.097585],[-78.356427,39.09735],[-78.358002,39.096419],[-78.35866,39.096075],[-78.359227,39.095779],[-78.359473,39.09565],[-78.359941,39.095779],[-78.360844,39.096028],[-78.360875,39.096037],[-78.361119,39.096104],[-78.361157,39.096146],[-78.361194,39.096187],[-78.361346,39.09623],[-78.36146,39.096262],[-78.361793,39.096455],[-78.362332,39.096968],[-78.362522,39.097109],[-78.362533,39.097117],[-78.362538,39.097116],[-78.362836,39.09704],[-78.363218,39.096841],[-78.363634,39.096501],[-78.364242,39.096153],[-78.365154,39.09592],[-78.368003,39.094824],[-78.368248,39.09473],[-78.36834,39.09468],[-78.369946,39.093812],[-78.37019,39.093593],[-78.370626,39.093365],[-78.371563,39.093027],[-78.373315,39.092661],[-78.373957,39.092615],[-78.373992,39.092613],[-78.37404,39.092595],[-78.375424,39.092083],[-78.376411,39.091934],[-78.377383,39.092037],[-78.37777,39.092201],[-78.378486,39.092958],[-78.379252,39.093322],[-78.379739,39.093464],[-78.380244,39.093537],[-78.380818,39.093328],[-78.381861,39.093333],[-78.38234,39.09351],[-78.382676,39.093885],[-78.383051,39.094484],[-78.383033,39.094631],[-78.383019,39.094745],[-78.383,39.094895],[-78.382954,39.095269],[-78.383089,39.095687],[-78.383304,39.095972],[-78.383536,39.096187],[-78.384359,39.096705],[-78.385102,39.097356],[-78.385758,39.097777],[-78.386102,39.098117],[-78.387416,39.098958],[-78.388374,39.099895],[-78.38905,39.100427],[-78.389678,39.100771],[-78.389908,39.100804],[-78.390378,39.101017],[-78.391127,39.101451],[-78.391359,39.101666],[-78.391855,39.101773],[-78.392047,39.101765],[-78.39285,39.101589],[-78.392988,39.101609],[-78.393415,39.101416],[-78.39349,39.100918],[-78.393463,39.100861],[-78.393272,39.100451],[-78.39234,39.09941],[-78.391864,39.098252],[-78.391304,39.097628],[-78.390722,39.096709],[-78.390559,39.096214],[-78.390559,39.095633],[-78.39065,39.095065],[-78.391,39.094026],[-78.391236,39.093577],[-78.391464,39.093241],[-78.391662,39.093019],[-78.391934,39.092793],[-78.392117,39.092681],[-78.392364,39.092585],[-78.392667,39.092523],[-78.392935,39.092508],[-78.393266,39.092533],[-78.393442,39.092593],[-78.393857,39.092808],[-78.396117,39.094105],[-78.396969,39.094743],[-78.397705,39.095221],[-78.398071,39.09537],[-78.398388,39.095425],[-78.398836,39.095387],[-78.399407,39.095261],[-78.40272,39.09428],[-78.403894,39.093907],[-78.404422,39.093708],[-78.405064,39.093382],[-78.405776,39.093117],[-78.40634,39.092859],[-78.407542,39.0922],[-78.408022,39.091873],[-78.408301,39.091651],[-78.409482,39.090635],[-78.410333,39.089331],[-78.410802,39.088895],[-78.41144,39.088356],[-78.411574,39.088184],[-78.411705,39.087885],[-78.411793,39.087758],[-78.411973,39.087605],[-78.412421,39.087313],[-78.412982,39.086895],[-78.413345,39.086545],[-78.413504,39.086337],[-78.41361,39.085915],[-78.413751,39.085641],[-78.414033,39.085338],[-78.414361,39.085107],[-78.414604,39.084984],[-78.414844,39.084896],[-78.415032,39.084848],[-78.415218,39.084849],[-78.415707,39.085092],[-78.416555,39.085664],[-78.417048,39.08594],[-78.417429,39.086106],[-78.417626,39.086164],[-78.417872,39.086198],[-78.418056,39.086174],[-78.419797,39.085343],[-78.420015,39.085143],[-78.42016,39.084948],[-78.42021,39.084804],[-78.420213,39.084705],[-78.420136,39.084525],[-78.419956,39.0844],[-78.419499,39.084245],[-78.419073,39.083962],[-78.4189,39.083795],[-78.418826,39.08368],[-78.418777,39.08347],[-78.418837,39.083246],[-78.41907,39.082938],[-78.419871,39.082101],[-78.420192,39.081793],[-78.420407,39.081633],[-78.420594,39.081542],[-78.421302,39.081305],[-78.421848,39.081166],[-78.422003,39.081167],[-78.422098,39.081226],[-78.422172,39.081371],[-78.422295,39.081501],[-78.422651,39.081709],[-78.422932,39.081832],[-78.423172,39.081902],[-78.423404,39.081941],[-78.424024,39.081958],[-78.424377,39.081922],[-78.424761,39.081832],[-78.425085,39.081694],[-78.42542,39.081463],[-78.425567,39.081283],[-78.425632,39.081036],[-78.425727,39.080394],[-78.425824,39.079352],[-78.425764,39.079021],[-78.425623,39.078745],[-78.425483,39.078571],[-78.425162,39.078348],[-78.425057,39.078171],[-78.425025,39.078064],[-78.425032,39.077894],[-78.425082,39.077733],[-78.425325,39.077297],[-78.42577,39.076729],[-78.426422,39.076077],[-78.429131,39.074494],[-78.429281,39.074291],[-78.429337,39.07395],[-78.429478,39.073774],[-78.43081,39.073178],[-78.43104,39.073034],[-78.431604,39.072486],[-78.431886,39.072153],[-78.43226,39.071622],[-78.432429,39.071251],[-78.432482,39.070999],[-78.432472,39.070786],[-78.432384,39.07058],[-78.432261,39.070438],[-78.432049,39.070313],[-78.43144,39.070102],[-78.43099,39.069919],[-78.43094,39.06989],[-78.430891,39.069809],[-78.430891,39.069761],[-78.431032,39.069485],[-78.431057,39.069315],[-78.431065,39.068578],[-78.431006,39.06747],[-78.431014,39.066937],[-78.430933,39.066417],[-78.430972,39.066248],[-78.431081,39.066101],[-78.431282,39.06595],[-78.431455,39.065868],[-78.43173,39.065762],[-78.432001,39.065688],[-78.432797,39.065561],[-78.433974,39.065459],[-78.434502,39.06539],[-78.435509,39.065214],[-78.435981,39.065121],[-78.436228,39.06505],[-78.436665,39.064841],[-78.437669,39.064286],[-78.438279,39.06398],[-78.438451,39.063852],[-78.438694,39.063555],[-78.438832,39.06347],[-78.439487,39.063225],[-78.440421,39.062975],[-78.440805,39.062814],[-78.440917,39.062736],[-78.440988,39.06264],[-78.441126,39.062243],[-78.441803,39.061135],[-78.441905,39.060908],[-78.441923,39.060725],[-78.441884,39.060609],[-78.441817,39.060524],[-78.44067,39.059459],[-78.440628,39.05933],[-78.440628,39.059038],[-78.440671,39.058818],[-78.440716,39.058771],[-78.441956,39.058324],[-78.442203,39.058202],[-78.442858,39.057713],[-78.443553,39.056988],[-78.44388,39.056751],[-78.444173,39.056603],[-78.444518,39.056526],[-78.445092,39.056489],[-78.44611,39.056236],[-78.446832,39.056111],[-78.447054,39.056108],[-78.447434,39.056212],[-78.447702,39.056234],[-78.447969,39.056187],[-78.448107,39.056139],[-78.448177,39.056087],[-78.448699,39.05448],[-78.448791,39.054086],[-78.448802,39.053845],[-78.448746,39.05369],[-78.448573,39.053528],[-78.448436,39.053337],[-78.448183,39.052612],[-78.447969,39.052258],[-78.447786,39.052118],[-78.447567,39.052053],[-78.44737,39.052026],[-78.447046,39.052041],[-78.44674,39.052142],[-78.446546,39.052176],[-78.446088,39.052157],[-78.445754,39.052094],[-78.445155,39.051737],[-78.444335,39.051201],[-78.444184,39.051051],[-78.44411,39.050933],[-78.444079,39.050702],[-78.444249,39.049411],[-78.444326,39.049155],[-78.444492,39.048911],[-78.444527,39.048811],[-78.444535,39.047618],[-78.444599,39.047444],[-78.444814,39.047242],[-78.446656,39.046004],[-78.446716,39.045903],[-78.446621,39.045727],[-78.446628,39.045634],[-78.446769,39.045455],[-78.446924,39.045314],[-78.447657,39.044817],[-78.448164,39.044553],[-78.448274,39.04447],[-78.44846,39.044304],[-78.448525,39.044212],[-78.448763,39.043914],[-78.449007,39.043673],[-78.449235,39.043458],[-78.449545,39.043282],[-78.449901,39.043133],[-78.450454,39.042982],[-78.450844,39.042791],[-78.450993,39.042654],[-78.451056,39.042555],[-78.451092,39.042429],[-78.451066,39.042265],[-78.450973,39.042025],[-78.450947,39.041893],[-78.45086,39.041443],[-78.450797,39.041339],[-78.450663,39.041256],[-78.450389,39.041229],[-78.450318,39.041185],[-78.45017,39.04102],[-78.450043,39.040801],[-78.449987,39.040521],[-78.449712,39.039598],[-78.449621,39.038918],[-78.449536,39.038654],[-78.449304,39.038325],[-78.448713,39.037981],[-78.44848,39.037853],[-78.448325,39.037676],[-78.447798,39.036637],[-78.447797,39.036634],[-78.447796,39.03663],[-78.447727,39.036383],[-78.447773,39.036045],[-78.447748,39.035885],[-78.44753,39.03546],[-78.447439,39.035138],[-78.447439,39.034981],[-78.447538,39.034838],[-78.447657,39.03476],[-78.447883,39.034661],[-78.448499,39.034472],[-78.449425,39.03425],[-78.449974,39.034207],[-78.450087,39.034241],[-78.450196,39.034344],[-78.450305,39.03438],[-78.450541,39.034303],[-78.451809,39.033702],[-78.452013,39.033564],[-78.452189,39.033352],[-78.452267,39.033163],[-78.452242,39.033006],[-78.45217,39.032903],[-78.452105,39.032835],[-78.452006,39.032813],[-78.451781,39.032862],[-78.451702,39.032853],[-78.451598,39.03273],[-78.451556,39.032599],[-78.45157,39.032275],[-78.451619,39.032105],[-78.451682,39.032],[-78.45183,39.031896],[-78.451964,39.031879],[-78.452179,39.031937],[-78.452386,39.031945],[-78.452529,39.031914],[-78.452869,39.031885],[-78.453119,39.03181],[-78.453609,39.031516],[-78.454067,39.031154],[-78.454204,39.031092],[-78.454623,39.030993],[-78.454929,39.030804],[-78.45494,39.030742],[-78.454877,39.030669],[-78.454599,39.030461],[-78.454117,39.030001],[-78.454015,39.029884],[-78.453934,39.029725],[-78.453906,39.029524],[-78.453917,39.029337],[-78.454079,39.028482],[-78.454139,39.027805],[-78.454021,39.027523],[-78.454014,39.027182],[-78.454077,39.026726],[-78.454134,39.026551],[-78.454345,39.026167],[-78.454837,39.025513],[-78.455147,39.024986],[-78.455344,39.024415],[-78.455449,39.023745],[-78.455533,39.023542],[-78.455773,39.023301],[-78.456434,39.02279],[-78.456807,39.02246],[-78.457166,39.022252],[-78.457455,39.022131],[-78.457652,39.02207],[-78.458194,39.021983],[-78.458376,39.021977],[-78.459024,39.022026],[-78.459566,39.022092],[-78.459904,39.022048],[-78.460171,39.021916],[-78.460614,39.021598],[-78.460755,39.021554],[-78.460861,39.021554],[-78.46129,39.021631],[-78.46148,39.021603],[-78.461593,39.021537],[-78.46236,39.020878],[-78.462613,39.02073],[-78.462743,39.020698],[-78.452475,39.012464],[-78.456165,39.009646],[-78.455287,39.009915],[-78.454382,39.010455],[-78.453538,39.010749],[-78.45283,39.010804],[-78.452935,39.010462],[-78.453171,39.010167],[-78.453145,39.009969],[-78.4529,39.009914],[-78.45241,39.009989],[-78.451484,39.010755],[-78.45083,39.010986],[-78.450611,39.010897],[-78.450611,39.010562],[-78.450935,39.01007],[-78.45166,39.009591],[-78.452577,39.009256],[-78.453067,39.008887],[-78.453828,39.007724],[-78.454484,39.00743],[-78.455113,39.006691],[-78.456048,39.006116],[-78.456713,39.005207],[-78.457587,39.004632],[-78.458339,39.003579],[-78.458452,39.003176],[-78.458758,39.002655],[-78.45965,39.002498],[-78.459843,39.002355],[-78.459948,39.002088],[-78.459781,39.001951],[-78.458742,39.001985],[-78.457876,39.002306],[-78.457536,39.002566],[-78.457108,39.003235],[-78.456881,39.003364],[-78.456068,39.003412],[-78.455762,39.003556],[-78.455011,39.00372],[-78.454181,39.003439],[-78.453805,39.003439],[-78.453299,39.004355],[-78.452923,39.004396],[-78.45239,39.004211],[-78.450739,39.003909],[-78.450162,39.004306],[-78.450109,39.004531],[-78.449838,39.004728],[-78.449445,39.004852],[-78.44845,39.004366],[-78.446519,39.002287],[-78.445986,39.001876],[-78.444483,39.001692],[-78.444055,39.0015],[-78.442788,39.000371],[-78.442473,39.000282],[-78.44188,39.000323],[-78.44126,39.000433],[-78.440171,39.001018],[-78.439493,39.001293],[-78.439389,39.001381],[-78.439257,39.001673],[-78.438573,39.002222],[-78.438279,39.002655],[-78.438065,39.002606],[-78.437874,39.002521],[-78.437214,39.002024],[-78.436798,39.001783],[-78.436656,39.001751],[-78.435942,39.00173],[-78.435428,39.00175],[-78.435223,39.001727],[-78.434148,39.001424],[-78.431934,39.000688],[-78.431405,39.000453],[-78.431111,39.000249],[-78.43092,39.000038],[-78.430965,38.999996],[-78.429526,38.999139],[-78.428385,38.998907],[-78.428064,38.998801],[-78.426657,38.998193],[-78.426446,38.998153],[-78.426145,38.998133],[-78.425602,38.99827],[-78.425285,38.998321],[-78.424903,38.998286],[-78.424617,38.998187],[-78.424246,38.99792],[-78.423488,38.997198],[-78.423417,38.997073],[-78.423242,38.996402],[-78.422723,38.995312],[-78.422521,38.995056],[-78.42189,38.994608],[-78.421862,38.994547],[-78.42193,38.993731],[-78.421912,38.993599],[-78.421788,38.993325],[-78.421555,38.99297],[-78.421075,38.992409],[-78.420602,38.99176],[-78.419831,38.991098],[-78.419608,38.990965],[-78.419416,38.990927],[-78.418301,38.991026],[-78.415101,38.989953],[-78.414702,38.989808],[-78.414383,38.989595],[-78.413346,38.988767],[-78.413022,38.988987],[-78.412323,38.989398],[-78.41153,38.989822],[-78.410672,38.990235],[-78.383824,39.002739],[-78.383205,39.002199],[-78.382434,39.001553],[-78.382198,39.001332],[-78.381864,39.000953],[-78.381432,39.000295],[-78.381149,38.999782],[-78.380563,38.998967],[-78.379892,38.998097],[-78.378597,38.99679],[-78.376866,38.998074],[-78.3759,38.998752],[-78.37554,38.999075],[-78.375196,38.999332],[-78.374037,39.000809],[-78.373855,39.000978],[-78.373756,39.000985],[-78.373706,39.000951],[-78.37334,39.001399],[-78.371593,39.003892],[-78.370951,39.004557],[-78.370055,39.005274],[-78.370159,39.005319],[-78.370609,39.005741],[-78.371074,39.00609],[-78.371723,39.006455],[-78.372189,39.00667],[-78.372176,39.006694],[-78.371678,39.006745],[-78.372581,39.007529],[-78.372337,39.007643],[-78.372374,39.007686],[-78.372004,39.00786],[-78.368389,39.009544],[-78.367405,39.009945],[-78.366748,39.010063],[-78.364931,39.010255],[-78.364867,39.010228],[-78.365201,39.009762],[-78.365132,39.009724],[-78.364631,39.01042],[-78.364165,39.011134],[-78.363576,39.012166],[-78.358791,39.014385],[-78.357999,39.014719],[-78.357517,39.014894],[-78.35694,39.015053],[-78.356327,39.015186],[-78.355854,39.015254],[-78.354671,39.015335],[-78.353767,39.015304],[-78.352851,39.015197],[-78.352084,39.015044],[-78.351267,39.014807],[-78.348066,39.013562],[-78.348493,39.013445],[-78.334143,39.007837],[-78.33336,39.007528],[-78.331807,39.006865],[-78.326271,39.004758],[-78.32529,39.004449],[-78.324079,39.004133],[-78.32316,39.003939],[-78.32192,39.003726],[-78.321795,39.004011],[-78.321355,39.004549],[-78.32058,39.00528],[-78.320186,39.005616],[-78.31987,39.005827],[-78.319241,39.006138],[-78.318762,39.006278],[-78.318153,39.006343],[-78.31785,39.006405],[-78.31755,39.006466],[-78.316604,39.006758],[-78.316377,39.006848],[-78.316018,39.006981],[-78.315845,39.007048],[-78.31572,39.007117],[-78.31551,39.00726],[-78.315246,39.007483],[-78.314992,39.007621],[-78.314442,39.007894],[-78.314186,39.007982],[-78.314083,39.008002],[-78.312448,39.008889],[-78.31225,39.009005],[-78.312158,39.009094],[-78.312042,39.009348],[-78.312048,39.009573],[-78.312125,39.009697],[-78.312209,39.009771],[-78.312433,39.009858],[-78.31244,39.009865],[-78.312495,39.009873],[-78.313113,39.009973],[-78.314281,39.010063],[-78.31461,39.010149],[-78.314974,39.010557],[-78.315757,39.012195],[-78.316327,39.012967],[-78.316859,39.013117],[-78.317465,39.013433],[-78.317872,39.013717],[-78.31823,39.014013],[-78.318582,39.014355],[-78.318725,39.014538],[-78.318834,39.01475],[-78.318869,39.01492],[-78.318847,39.015027],[-78.318739,39.015251],[-78.318705,39.015452],[-78.318537,39.015621],[-78.318389,39.01577],[-78.318292,39.015974],[-78.317944,39.017195],[-78.317725,39.017508],[-78.317619,39.017739],[-78.31764,39.017829],[-78.3177,39.017908],[-78.317918,39.018014],[-78.318565,39.018247],[-78.319384,39.018581],[-78.319538,39.018685],[-78.319637,39.018786],[-78.319717,39.018964],[-78.319685,39.01915],[-78.31959,39.019312],[-78.319298,39.019628],[-78.319206,39.019709],[-78.319187,39.019726],[-78.319107,39.019796],[-78.319091,39.019804],[-78.318127,39.020308],[-78.317514,39.020292],[-78.317403,39.020167],[-78.316807,39.020081],[-78.316268,39.020229],[-78.315578,39.020228],[-78.315321,39.020251],[-78.315103,39.020305],[-78.314867,39.020391],[-78.314529,39.020561],[-78.313831,39.021019],[-78.313686,39.021154],[-78.313594,39.021293],[-78.313583,39.021418],[-78.313618,39.021506],[-78.313723,39.021629],[-78.313868,39.021708],[-78.314256,39.021813],[-78.314627,39.021973],[-78.314839,39.021904],[-78.315366,39.021957],[-78.315524,39.022002],[-78.315527,39.022003],[-78.315528,39.022004],[-78.315669,39.022094],[-78.315756,39.022216],[-78.315781,39.022329],[-78.315745,39.02246],[-78.315328,39.023009],[-78.31479,39.023627],[-78.314364,39.024368],[-78.314029,39.024767],[-78.313944,39.024919],[-78.313961,39.02507],[-78.31402,39.025233],[-78.314168,39.025463],[-78.314312,39.025621],[-78.314366,39.025758],[-78.314701,39.026133],[-78.314943,39.026273],[-78.315466,39.027095],[-78.315722,39.02733],[-78.316305,39.027773],[-78.31893,39.029489],[-78.319612,39.029848],[-78.320411,39.030227],[-78.320636,39.030356],[-78.320905,39.030551],[-78.32098,39.030622],[-78.321067,39.030773],[-78.321109,39.031108],[-78.321033,39.031471],[-78.320871,39.031787],[-78.320575,39.032093],[-78.320272,39.032273],[-78.319771,39.032454],[-78.31956,39.032475],[-78.319426,39.032464],[-78.319328,39.032439],[-78.319177,39.032338],[-78.318323,39.031606],[-78.317399,39.030981],[-78.317184,39.030867],[-78.316963,39.030783],[-78.316755,39.030751],[-78.31659,39.030774],[-78.316241,39.030904],[-78.315881,39.031089],[-78.314559,39.031947],[-78.314295,39.03209],[-78.314073,39.032179],[-78.313713,39.032293],[-78.312882,39.032506],[-78.31054,39.032964],[-78.310416,39.03304],[-78.31024,39.033205],[-78.309524,39.033657],[-78.30946,39.033773],[-78.309453,39.03388],[-78.309555,39.034066],[-78.309804,39.034212],[-78.310195,39.034363],[-78.311605,39.034754],[-78.312607,39.035299],[-78.313005,39.035413],[-78.314764,39.035742],[-78.316242,39.035963],[-78.316876,39.036034],[-78.318344,39.036026],[-78.318678,39.03608],[-78.318861,39.036151],[-78.319029,39.036314],[-78.319229,39.036742],[-78.320273,39.04024],[-78.320517,39.041024],[-78.320642,39.041312],[-78.320868,39.041564],[-78.321142,39.04178],[-78.322056,39.042285],[-78.32227,39.042795],[-78.324399,39.04436],[-78.325067,39.044801],[-78.325419,39.044967],[-78.325595,39.045013],[-78.325743,39.04502],[-78.326004,39.044941],[-78.326148,39.044843],[-78.326279,39.044601],[-78.326725,39.043488],[-78.328416,39.041737],[-78.328853,39.041347],[-78.329093,39.041292],[-78.329818,39.041201],[-78.330776,39.041098],[-78.331202,39.041087],[-78.331547,39.041153],[-78.331797,39.041248],[-78.332177,39.041457],[-78.332355,39.041622],[-78.332426,39.041868],[-78.332491,39.042567],[-78.331906,39.045121],[-78.331788,39.04541],[-78.331738,39.045436],[-78.331611,39.04582],[-78.331485,39.046086],[-78.331339,39.046287],[-78.33078,39.047405],[-78.330569,39.048263],[-78.330452,39.048737],[-78.330352,39.048946],[-78.330257,39.049145],[-78.330197,39.04939],[-78.330044,39.049819],[-78.330118,39.050073],[-78.330206,39.050192],[-78.330395,39.050345],[-78.33067,39.050484],[-78.330976,39.0506],[-78.331391,39.050661],[-78.331964,39.05077],[-78.331997,39.050772],[-78.332382,39.05054],[-78.332469,39.049609],[-78.332394,39.049525],[-78.332426,39.049203],[-78.332599,39.048502],[-78.332949,39.048044],[-78.333158,39.047934],[-78.333384,39.047816],[-78.333585,39.047772],[-78.333919,39.047854],[-78.333951,39.047869],[-78.334642,39.048687],[-78.335168,39.049516],[-78.335855,39.050907],[-78.336087,39.051199],[-78.336284,39.051386],[-78.336386,39.051435],[-78.337033,39.051575],[-78.337097,39.051608],[-78.337779,39.052195],[-78.338211,39.052616],[-78.338604,39.052929],[-78.339955,39.053767],[-78.341042,39.054297],[-78.342026,39.05511],[-78.342799,39.055833],[-78.34301,39.056097],[-78.343139,39.056432],[-78.343247,39.056982],[-78.343284,39.057979],[-78.34335,39.058114],[-78.343501,39.058268],[-78.343839,39.058502],[-78.344338,39.05876],[-78.344768,39.058948],[-78.345369,39.059154],[-78.345714,39.059248],[-78.346595,39.059231],[-78.34675,39.059269],[-78.346996,39.059454],[-78.34714,39.05964],[-78.347255,39.059928],[-78.34729,39.06028],[-78.34725,39.060601],[-78.347155,39.06084],[-78.346964,39.061158],[-78.346696,39.061431],[-78.34637,39.061638],[-78.346142,39.061735],[-78.345818,39.061813],[-78.345427,39.061851],[-78.345043,39.061834],[-78.34448,39.061739],[-78.341869,39.060705],[-78.341049,39.060455],[-78.339384,39.06003],[-78.338409,39.059868],[-78.337356,39.059787],[-78.336853,39.059796],[-78.336497,39.059842],[-78.336187,39.059937],[-78.335788,39.060134],[-78.335439,39.060379],[-78.335227,39.060582],[-78.335054,39.06083],[-78.335015,39.060974],[-78.335026,39.061075],[-78.335134,39.061271],[-78.335447,39.061491],[-78.335834,39.061678],[-78.336186,39.061813],[-78.340208,39.063208],[-78.340856,39.063504],[-78.340996,39.063606],[-78.341102,39.063727],[-78.341196,39.063986],[-78.341071,39.064958],[-78.341105,39.065418],[-78.341171,39.065941],[-78.341488,39.067275],[-78.341483,39.06824],[-78.34151,39.068752],[-78.341702,39.069562],[-78.341662,39.069705],[-78.341563,39.069861],[-78.341426,39.069997],[-78.341295,39.070086],[-78.341115,39.070176],[-78.340816,39.070277],[-78.340516,39.070316],[-78.340407,39.070278],[-78.339811,39.069921],[-78.339102,39.069828],[-78.337948,39.069304],[-78.337339,39.069144],[-78.336708,39.069043],[-78.336081,39.069035],[-78.335722,39.069069],[-78.335254,39.069146],[-78.334439,39.069367],[-78.333875,39.069602],[-78.333681,39.069708],[-78.333477,39.06986],[-78.333371,39.070016],[-78.333367,39.070152],[-78.333437,39.070313],[-78.333679,39.070625],[-78.334537,39.071444],[-78.335917,39.07309],[-78.336036,39.073349],[-78.336064,39.073494],[-78.336053,39.073621],[-78.335968,39.073762],[-78.33582,39.073866],[-78.335655,39.073907],[-78.335479,39.073916],[-78.334657,39.073904],[-78.334564,39.073914],[-78.333981,39.073865],[-78.333354,39.073812],[-78.333153,39.073856],[-78.332816,39.074073],[-78.332646,39.074182],[-78.332412,39.074258],[-78.331788,39.074386],[-78.33133,39.07432],[-78.331229,39.074358],[-78.329995,39.074202],[-78.329945,39.074157],[-78.329487,39.074091],[-78.329108,39.074194],[-78.328265,39.074424],[-78.327371,39.074586],[-78.326751,39.074787],[-78.326112,39.074877],[-78.325266,39.075227],[-78.324721,39.075512],[-78.32454,39.075667],[-78.324425,39.075994],[-78.324382,39.076117],[-78.324431,39.076305],[-78.32449,39.076383],[-78.324646,39.07659],[-78.324648,39.076751],[-78.324648,39.076772],[-78.324667,39.076786],[-78.324889,39.076952],[-78.325439,39.077612],[-78.325734,39.077764],[-78.325774,39.077805],[-78.326406,39.078417],[-78.326615,39.078598],[-78.327087,39.078871],[-78.328075,39.079444],[-78.328267,39.079681],[-78.329011,39.080599],[-78.329241,39.080883],[-78.32988,39.081374],[-78.329969,39.081474],[-78.330325,39.08166],[-78.33085,39.081872],[-78.331123,39.081916],[-78.331923,39.08214],[-78.332293,39.082375],[-78.332781,39.082791],[-78.333329,39.08312],[-78.33415,39.083514],[-78.334875,39.083654],[-78.335287,39.083681],[-78.335453,39.083682],[-78.335636,39.083739],[-78.335945,39.083871],[-78.336277,39.084052],[-78.336512,39.084144],[-78.336661,39.084311],[-78.336653,39.084343],[-78.336726,39.084446],[-78.336747,39.084526],[-78.336718,39.084725],[-78.336605,39.084955],[-78.336317,39.085298],[-78.336238,39.08552],[-78.33558,39.085962],[-78.334417,39.08687],[-78.333767,39.087334],[-78.33352,39.087455],[-78.333429,39.087477],[-78.333241,39.087473],[-78.332891,39.087473],[-78.33285,39.087459],[-78.331943,39.087446],[-78.331647,39.087511],[-78.33132,39.087682],[-78.330852,39.088232],[-78.329891,39.088857],[-78.329466,39.089231],[-78.329179,39.089626],[-78.329013,39.09011],[-78.329184,39.090571],[-78.329691,39.091406],[-78.329989,39.09174],[-78.330109,39.09183],[-78.33078,39.091999],[-78.331172,39.091813],[-78.331426,39.091692],[-78.331734,39.091333],[-78.331759,39.091304],[-78.331791,39.091285],[-78.332203,39.091041],[-78.333325,39.090731],[-78.333829,39.090803],[-78.334041,39.090906],[-78.334414,39.091189],[-78.3347,39.091509],[-78.335181,39.09245],[-78.335556,39.09363],[-78.335522,39.093769],[-78.335513,39.093805],[-78.335528,39.093821],[-78.335588,39.093888],[-78.335538,39.094092],[-78.335493,39.094274],[-78.335206,39.094669],[-78.335131,39.094974],[-78.334973,39.095616],[-78.3349,39.095744],[-78.334723,39.096052],[-78.334602,39.096543],[-78.334516,39.096894],[-78.334456,39.09703],[-78.33433,39.097311],[-78.334317,39.09734],[-78.334303,39.097372],[-78.333867,39.098016],[-78.333856,39.098033],[-78.33384,39.098077],[-78.333762,39.098286],[-78.333715,39.098413],[-78.333961,39.098956],[-78.334422,39.099563],[-78.334643,39.099853],[-78.335468,39.101134],[-78.335803,39.101509],[-78.336127,39.101737],[-78.336477,39.10186],[-78.338413,39.102102],[-78.33882,39.102378],[-78.339444,39.102676],[-78.339585,39.102743],[-78.339644,39.102751],[-78.339936,39.102858],[-78.340144,39.102861],[-78.340448,39.102781],[-78.340709,39.102625],[-78.341099,39.102379],[-78.341455,39.102285],[-78.34169,39.102298],[-78.342146,39.102566],[-78.342206,39.102576],[-78.342344,39.102525],[-78.342534,39.102372],[-78.342634,39.102207],[-78.342683,39.102018],[-78.342665,39.10181],[-78.3427,39.101665],[-78.342313,39.10092],[-78.341551,39.100156],[-78.341615,39.099512],[-78.341566,39.098742],[-78.3415,39.098624],[-78.341588,39.098265],[-78.341595,39.098238],[-78.341933,39.098025],[-78.342034,39.097613],[-78.342078,39.097436],[-78.342537,39.097076],[-78.342548,39.097068],[-78.342554,39.097048],[-78.34287,39.095952],[-78.342999,39.095885],[-78.343142,39.09581],[-78.343435,39.095779],[-78.34404,39.09583],[-78.344246,39.095871],[-78.344719,39.095964],[-78.345207,39.096319],[-78.34609,39.096959],[-78.346521,39.097021],[-78.347386,39.097291],[-78.34746,39.097374],[-78.347689,39.097407],[-78.347764,39.09749],[-78.347945,39.097564],[-78.348266,39.097696],[-78.348584,39.097826],[-78.349083,39.098116],[-78.34955,39.098252],[-78.34957,39.098258],[-78.34966,39.098253],[-78.349981,39.098236],[-78.350485,39.098208],[-78.351792,39.097974],[-78.352174,39.097906],[-78.352449,39.097946],[-78.352472,39.097972],[-78.352524,39.098029],[-78.352818,39.098071],[-78.353029,39.098101],[-78.354246,39.097957]]]},"properties":{"UNIQUE_ID":"Shenandoah County-:-504 - Lebanon Church","COUNTYFP":"171","locality":"Shenandoah County","precinct":"504 - Lebanon Church","dem24":406,"rep24":1395}},
{"type":"Feature","geometry":{"type":"Polygon","coordinates":[[[-78.335206,38.973366],[-78.335259,38.973511],[-78.335383,38.973852],[-78.335808,38.972276],[-78.335997,38.972085],[-78.336387,38.97127],[-78.337375,38.970141],[-78.337936,38.969786],[-78.338125,38.969595],[-78.338878,38.969233],[-78.339033,38.969182],[-78.33964,38.968834],[-78.339732,38.968847],[-78.340485,38.968483],[-78.341143,38.968506],[-78.341452,38.968405],[-78.344255,38.968772],[-78.345474,38.96902],[-78.34564,38.969117],[-78.346307,38.969685],[-78.347105,38.970489],[-78.347508,38.970584],[-78.348158,38.971222],[-78.348478,38.971268],[-78.349022,38.971564],[-78.349477,38.972029],[-78.349761,38.972034],[-78.350113,38.972338],[-78.350287,38.9724],[-78.350608,38.972446],[-78.350914,38.972744],[-78.351331,38.972832],[-78.351088,38.973034],[-78.349782,38.975894],[-78.349163,38.977067],[-78.349115,38.977046],[-78.34957,38.977746],[-78.351617,38.980332],[-78.355492,38.984682],[-78.357028,38.986053],[-78.357765,38.986648],[-78.358045,38.986903],[-78.358259,38.98703],[-78.35932,38.987333],[-78.358807,38.988483],[-78.358877,38.988504],[-78.35815,38.990214],[-78.356866,38.9928],[-78.356437,38.993889],[-78.356321,38.994102],[-78.356166,38.994295],[-78.355265,38.995005],[-78.352362,38.99695],[-78.351716,38.99736],[-78.350162,38.998238],[-78.346931,38.99997],[-78.345741,39.000655],[-78.341149,39.003664],[-78.339972,39.004412],[-78.338786,39.005143],[-78.335357,39.007114],[-78.334143,39.007837],[-78.348493,39.013445],[-78.348066,39.013562],[-78.351267,39.014807],[-78.352084,39.015044],[-78.352851,39.015197],[-78.353767,39.015304],[-78.354671,39.015335],[-78.355854,39.015254],[-78.356327,39.015186],[-78.35694,39.015053],[-78.357517,39.014894],[-78.357999,39.014719],[-78.358791,39.014385],[-78.363576,39.012166],[-78.364165,39.011134],[-78.364631,39.01042],[-78.365132,39.009724],[-78.365201,39.009762],[-78.364867,39.010228],[-78.364931,39.010255],[-78.366748,39.010063],[-78.367405,39.009945],[-78.368389,39.009544],[-78.372004,39.00786],[-78.372374,39.007686],[-78.372337,39.007643],[-78.372581,39.007529],[-78.371678,39.006745],[-78.372176,39.006694],[-78.372189,39.00667],[-78.371723,39.006455],[-78.371074,39.00609],[-78.370609,39.005741],[-78.370159,39.005319],[-78.370055,39.005274],[-78.370951,39.004557],[-78.371593,39.003892],[-78.37334,39.001399],[-78.373706,39.000951],[-78.373756,39.000985],[-78.373855,39.000978],[-78.374037,39.000809],[-78.375196,38.999332],[-78.37554,38.999075],[-78.3759,38.998752],[-78.376866,38.998074],[-78.378597,38.99679],[-78.379892,38.998097],[-78.380563,38.998967],[-78.381149,38.999782],[-78.381432,39.000295],[-78.381864,39.000953],[-78.382198,39.001332],[-78.382434,39.001553],[-78.383205,39.002199],[-78.383461,39.002031],[-78.383788,39.00189],[-78.384695,39.001688],[-78.385179,39.001504],[-78.389701,38.999392],[-78.390134,38.999176],[-78.390418,38.998967],[-78.39067,38.998743],[-78.390931,38.998414],[-78.391089,38.998089],[-78.391619,38.996672],[-78.391602,38.996348],[-78.391282,38.995415],[-78.391192,38.995015],[-78.391231,38.99426],[-78.390573,38.993431],[-78.390352,38.993089],[-78.390235,38.992815],[-78.390112,38.992631],[-78.389859,38.992422],[-78.389589,38.992307],[-78.389352,38.992252],[-78.388845,38.992211],[-78.388076,38.992057],[-78.386459,38.991634],[-78.385848,38.991422],[-78.385221,38.991129],[-78.382299,38.989589],[-78.381837,38.989427],[-78.380615,38.989118],[-78.38009,38.98886],[-78.379593,38.988667],[-78.379444,38.988636],[-78.379298,38.98864],[-78.37827,38.988834],[-78.375873,38.989029],[-78.375632,38.989027],[-78.375548,38.989014],[-78.375451,38.988964],[-78.373934,38.989056],[-78.372804,38.989076],[-78.372344,38.989118],[-78.372562,38.988317],[-78.372891,38.987451],[-78.372497,38.987417],[-78.371741,38.987259],[-78.370936,38.986957],[-78.370405,38.986707],[-78.36806,38.985499],[-78.366732,38.98463],[-78.367232,38.984403],[-78.366787,38.984057],[-78.36633,38.983503],[-78.365985,38.983173],[-78.365281,38.982641],[-78.364282,38.981719],[-78.363845,38.981401],[-78.36324,38.980869],[-78.362445,38.980249],[-78.360474,38.978048],[-78.359587,38.977143],[-78.359271,38.976852],[-78.357659,38.975584],[-78.357399,38.975398],[-78.356822,38.975052],[-78.356667,38.975025],[-78.35652,38.975047],[-78.356372,38.975014],[-78.355584,38.974383],[-78.354979,38.97401],[-78.354599,38.973839],[-78.353685,38.973527],[-78.352644,38.973104],[-78.351708,38.972786],[-78.351082,38.972506],[-78.350133,38.972007],[-78.349514,38.971722],[-78.34888,38.971266],[-78.348297,38.970992],[-78.347882,38.970723],[-78.347502,38.970416],[-78.347136,38.970164],[-78.346622,38.969609],[-78.346137,38.969203],[-78.345722,38.968967],[-78.345335,38.968808],[-78.344962,38.968742],[-78.343696,38.968589],[-78.343457,38.968523],[-78.342698,38.968413],[-78.342121,38.968282],[-78.34191,38.968265],[-78.341558,38.96826],[-78.341334,38.968282],[-78.341123,38.96837],[-78.341031,38.968364],[-78.340855,38.968298],[-78.340708,38.968353],[-78.340405,38.968359],[-78.34018,38.968441],[-78.338591,38.969166],[-78.337987,38.969474],[-78.33767,38.969759],[-78.337438,38.969864],[-78.337276,38.969984],[-78.336637,38.97061],[-78.33639,38.970885],[-78.336215,38.971126],[-78.335962,38.971566],[-78.335554,38.97217],[-78.335413,38.972532],[-78.335206,38.973366]]]},"properties":{"UNIQUE_ID":"Shenandoah County-:-601 - Strasburg West","COUNTYFP":"171","locality":"Shenandoah County","precinct":"601 - Strasburg West","dem24":616,"rep24":1172}},
{"type":"Feature","geometry":{"type":"Polygon","coordinates":[[[-78.335428,38.973979],[-78.335506,38.974195],[-78.33552,38.974232],[-78.336306,38.976397],[-78.336324,38.976443],[-78.336325,38.976446],[-78.336518,38.976791],[-78.336644,38.976935],[-78.337553,38.977796],[-78.337587,38.977828],[-78.337631,38.977871],[-78.338434,38.978653],[-78.338738,38.979003],[-78.338894,38.979372],[-78.33896,38.979688],[-78.338959,38.979952],[-78.338863,38.980177],[-78.338702,38.980426],[-78.338494,38.980663],[-78.337323,38.981422],[-78.336859,38.981621],[-78.33609,38.981857],[-78.335675,38.981907],[-78.335306,38.981881],[-78.334595,38.981778],[-78.334063,38.981676],[-78.333503,38.98153],[-78.332181,38.980956],[-78.331636,38.980664],[-78.331176,38.980349],[-78.327521,38.977446],[-78.326601,38.976629],[-78.325483,38.975695],[-78.324586,38.974862],[-78.323745,38.974179],[-78.323444,38.974057],[-78.3231,38.973967],[-78.322563,38.973937],[-78.322341,38.973942],[-78.321924,38.973998],[-78.32155,38.974095],[-78.321392,38.974189],[-78.321316,38.974236],[-78.321053,38.974473],[-78.320915,38.974655],[-78.320887,38.974743],[-78.320763,38.9755],[-78.32068,38.975799],[-78.320556,38.976024],[-78.320432,38.976205],[-78.320253,38.976387],[-78.319649,38.97691],[-78.319319,38.977241],[-78.319153,38.977444],[-78.318991,38.977807],[-78.318861,38.978171],[-78.318891,38.97895],[-78.318986,38.979335],[-78.318987,38.979339],[-78.319161,38.979738],[-78.319291,38.980193],[-78.319305,38.980594],[-78.319252,38.981115],[-78.319214,38.981268],[-78.319161,38.981356],[-78.318059,38.9822],[-78.316357,38.983325],[-78.316505,38.983517],[-78.316781,38.983743],[-78.317872,38.984831],[-78.318835,38.985619],[-78.321269,38.986827],[-78.32199,38.987227],[-78.322388,38.987583],[-78.323265,38.988527],[-78.324006,38.989096],[-78.325028,38.989788],[-78.325502,38.990057],[-78.326743,38.990407],[-78.327388,38.990618],[-78.327619,38.990716],[-78.327907,38.990889],[-78.328513,38.991311],[-78.329214,38.99207],[-78.329499,38.992463],[-78.329893,38.993158],[-78.329923,38.993555],[-78.329641,38.993798],[-78.328966,38.993982],[-78.328641,38.994099],[-78.328461,38.994231],[-78.328398,38.994371],[-78.328479,38.994756],[-78.328919,38.995392],[-78.329645,38.995976],[-78.330899,38.996893],[-78.331378,38.99729],[-78.331852,38.997779],[-78.332001,38.998048],[-78.332166,38.998244],[-78.332616,38.99857],[-78.333129,38.998995],[-78.333398,38.999355],[-78.333477,38.999558],[-78.333505,39.000035],[-78.33317,39.000536],[-78.332285,39.001054],[-78.331969,39.001307],[-78.331649,39.001469],[-78.331266,39.001499],[-78.33067,39.00146],[-78.32939,39.001148],[-78.328843,39.00089],[-78.327793,39.000216],[-78.327134,38.999939],[-78.326528,38.999862],[-78.325805,38.999857],[-78.325485,38.999925],[-78.325325,38.999959],[-78.324888,39.000136],[-78.324354,39.000456],[-78.324072,39.000687],[-78.323051,39.001927],[-78.322667,39.002394],[-78.322502,39.002545],[-78.322176,39.002979],[-78.322103,39.003172],[-78.322,39.003542],[-78.32192,39.003726],[-78.32316,39.003939],[-78.324079,39.004133],[-78.32529,39.004449],[-78.326271,39.004758],[-78.331807,39.006865],[-78.33336,39.007528],[-78.334143,39.007837],[-78.335357,39.007114],[-78.338786,39.005143],[-78.339972,39.004412],[-78.341149,39.003664],[-78.345741,39.000655],[-78.346931,38.99997],[-78.350162,38.998238],[-78.351716,38.99736],[-78.352362,38.99695],[-78.355265,38.995005],[-78.356166,38.994295],[-78.356321,38.994102],[-78.356437,38.993889],[-78.356866,38.9928],[-78.35815,38.990214],[-78.358877,38.988504],[-78.358807,38.988483],[-78.35932,38.987333],[-78.358259,38.98703],[-78.358045,38.986903],[-78.357765,38.986648],[-78.357028,38.986053],[-78.355492,38.984682],[-78.351617,38.980332],[-78.34957,38.977746],[-78.349115,38.977046],[-78.349163,38.977067],[-78.349782,38.975894],[-78.351088,38.973034],[-78.351331,38.972832],[-78.350914,38.972744],[-78.350608,38.972446],[-78.350287,38.9724],[-78.350113,38.972338],[-78.349761,38.972034],[-78.349477,38.972029],[-78.349022,38.971564],[-78.348478,38.971268],[-78.348158,38.971222],[-78.347508,38.970584],[-78.347105,38.970489],[-78.346307,38.969685],[-78.34564,38.969117],[-78.345474,38.96902],[-78.344255,38.968772],[-78.341452,38.968405],[-78.341143,38.968506],[-78.340485,38.968483],[-78.339732,38.968847],[-78.33964,38.968834],[-78.339033,38.969182],[-78.338878,38.969233],[-78.338125,38.969595],[-78.337936,38.969786],[-78.337375,38.970141],[-78.336387,38.97127],[-78.335997,38.972085],[-78.335808,38.972276],[-78.335383,38.973852],[-78.335428,38.973979]]]},"properties":{"UNIQUE_ID":"Shenandoah County-:-602 - Strasburg East","COUNTYFP":"171","locality":"Shenandoah County","precinct":"602 - Strasburg East","dem24":659,"rep24":1253}},
{"type":"Feature","geometry":{"type":"Polygon","coordinates":[[[-78.185115,38.926566],[-78.195201,38.926295],[-78.195612,38.926294],[-78.195967,38.926366],[-78.196542,38.926659],[-78.200533,38.928878],[-78.205735,38.93169],[-78.211987,38.935115],[-78.212037,38.935155],[-78.21209,38.935259],[-78.212449,38.935472],[-78.21657,38.937486],[-78.216603,38.937553],[-78.218646,38.936693],[-78.219989,38.934733],[-78.220418,38.93306],[-78.219908,38.931136],[-78.219269,38.92563],[-78.218013,38.923389],[-78.215178,38.920131],[-78.210216,38.91347],[-78.210144,38.913372],[-78.207826,38.913478],[-78.205276,38.913095],[-78.204839,38.91307],[-78.204647,38.912617],[-78.20449,38.912384],[-78.203884,38.911777],[-78.203287,38.911288],[-78.203122,38.911178],[-78.200819,38.90985],[-78.200604,38.909746],[-78.197343,38.908741],[-78.196585,38.909233],[-78.196292,38.909449],[-78.196021,38.90967],[-78.195594,38.91008],[-78.195287,38.910433],[-78.194932,38.910943],[-78.194806,38.911158],[-78.19457,38.911681],[-78.19423,38.912742],[-78.193608,38.914389],[-78.193542,38.916976],[-78.193545,38.918],[-78.193256,38.918034],[-78.192881,38.918004],[-78.190377,38.917582],[-78.187252,38.91709],[-78.187143,38.91708],[-78.187007,38.917103],[-78.186621,38.917283],[-78.187418,38.918426],[-78.18757,38.91859],[-78.187937,38.918815],[-78.187492,38.919082],[-78.187349,38.919208],[-78.187242,38.919392],[-78.187144,38.91977],[-78.18708,38.920274],[-78.187072,38.920631],[-78.187165,38.921263],[-78.187127,38.922904],[-78.187081,38.923286],[-78.187032,38.923323],[-78.186899,38.923336],[-78.184961,38.923307],[-78.185115,38.926566]]]},"properties":{"UNIQUE_ID":"Warren County-:-101 - Fork Town","COUNTYFP":"187","locality":"Warren County","precinct":"101 - Fork Town","dem24":492,"rep24":950}},
{"type":"Feature","geometry":{"type":"Polygon","coordinates":[[[-78.339742,38.874683],[-78.339461,38.874498],[-78.338091,38.873393],[-78.336333,38.871867],[-78.335483,38.871038],[-78.335034,38.870676],[-78.335033,38.870675],[-78.335025,38.870658],[-78.334303,38.869989],[-78.334113,38.86988],[-78.333958,38.869753],[-78.333306,38.869079],[-78.333305,38.869078],[-78.333263,38.869018],[-78.333088,38.868794],[-78.333087,38.868793],[-78.333031,38.868738],[-78.332906,38.868585],[-78.332715,38.86831],[-78.332638,38.868156],[-78.332548,38.868047],[-78.332427,38.867925],[-78.332167,38.867733],[-78.331893,38.867574],[-78.331402,38.867234],[-78.33098,38.866883],[-78.33077,38.866751],[-78.330721,38.866691],[-78.33072,38.86669],[-78.33063,38.866565],[-78.330594,38.866526],[-78.330468,38.866504],[-78.330313,38.866493],[-78.330089,38.86652],[-78.329955,38.866498],[-78.329914,38.866444],[-78.32973,38.866268],[-78.329084,38.865785],[-78.328656,38.865549],[-78.32822,38.865346],[-78.32789,38.86523],[-78.327139,38.865033],[-78.326563,38.865033],[-78.326212,38.864962],[-78.325454,38.864687],[-78.325215,38.864561],[-78.324927,38.864374],[-78.324604,38.864204],[-78.324281,38.864122],[-78.324014,38.864127],[-78.323502,38.864248],[-78.323087,38.864391],[-78.322526,38.864638],[-78.322118,38.864781],[-78.321704,38.864847],[-78.320777,38.864901],[-78.320384,38.865017],[-78.319829,38.865269],[-78.319162,38.865692],[-78.318797,38.865862],[-78.318593,38.866027],[-78.318319,38.866329],[-78.318249,38.866477],[-78.318263,38.866609],[-78.31834,38.866762],[-78.31834,38.8669],[-78.318312,38.866944],[-78.318172,38.867064],[-78.31794,38.867191],[-78.31787,38.867257],[-78.316634,38.868459],[-78.316276,38.868848],[-78.315461,38.869617],[-78.315356,38.869727],[-78.315215,38.869903],[-78.31504,38.870067],[-78.314822,38.870243],[-78.314338,38.87055],[-78.313691,38.871127],[-78.313397,38.871313],[-78.312631,38.871731],[-78.312027,38.871967],[-78.310349,38.872554],[-78.310096,38.872669],[-78.310026,38.872757],[-78.309948,38.873481],[-78.309885,38.873646],[-78.309737,38.8738],[-78.309365,38.874041],[-78.308927,38.874498],[-78.309447,38.875106],[-78.309986,38.875747],[-78.310322,38.876297],[-78.31038,38.876749],[-78.31028,38.877458],[-78.309987,38.878005],[-78.309301,38.878493],[-78.30844,38.879045],[-78.307756,38.879388],[-78.306917,38.879642],[-78.305615,38.879949],[-78.304037,38.879771],[-78.301056,38.878516],[-78.299535,38.877819],[-78.298056,38.87706],[-78.296562,38.876001],[-78.294814,38.875207],[-78.292601,38.873928],[-78.290115,38.872635],[-78.288516,38.871744],[-78.287211,38.870915],[-78.28671,38.870625],[-78.282689,38.868775],[-78.281215,38.868262],[-78.279454,38.867758],[-78.27722,38.867336],[-78.275357,38.867162],[-78.272362,38.866806],[-78.271241,38.866808],[-78.270245,38.867076],[-78.269132,38.866975],[-78.268938,38.866974],[-78.268422,38.866792],[-78.267176,38.866405],[-78.265044,38.865821],[-78.264366,38.865944],[-78.263431,38.86634],[-78.259087,38.867473],[-78.255767,38.868371],[-78.254494,38.868929],[-78.253511,38.869971],[-78.253454,38.871128],[-78.253425,38.871285],[-78.253544,38.871598],[-78.253426,38.871286],[-78.253545,38.871599],[-78.253808,38.872292],[-78.253921,38.872808],[-78.254642,38.87512],[-78.254966,38.875701],[-78.255385,38.876085],[-78.255497,38.876161],[-78.255754,38.876424],[-78.256678,38.876897],[-78.257745,38.877508],[-78.258722,38.877917],[-78.260223,38.878474],[-78.261331,38.87915],[-78.261838,38.879386],[-78.26243,38.879624],[-78.262768,38.879915],[-78.263472,38.880792],[-78.263805,38.881672],[-78.263969,38.882592],[-78.263953,38.883084],[-78.263784,38.883777],[-78.263311,38.884621],[-78.262467,38.885454],[-78.261667,38.885966],[-78.260633,38.886234],[-78.25901,38.886468],[-78.25709,38.886592],[-78.254849,38.8867],[-78.253334,38.886546],[-78.249725,38.886121],[-78.248319,38.88635],[-78.246952,38.886304],[-78.246075,38.886363],[-78.245342,38.886704],[-78.244796,38.887092],[-78.244467,38.887496],[-78.244263,38.888215],[-78.244162,38.888917],[-78.244184,38.889595],[-78.244342,38.890529],[-78.244696,38.891496],[-78.245101,38.892253],[-78.245588,38.892921],[-78.246096,38.893322],[-78.249724,38.895204],[-78.251399,38.89648],[-78.251971,38.897048],[-78.252579,38.898245],[-78.252943,38.89903],[-78.253131,38.899862],[-78.253247,38.900653],[-78.253146,38.901483],[-78.252598,38.902577],[-78.25198,38.903541],[-78.251324,38.904085],[-78.250555,38.904637],[-78.249724,38.905037],[-78.247639,38.905424],[-78.245749,38.905332],[-78.245193,38.905267],[-78.245062,38.905275],[-78.24492,38.905235],[-78.244032,38.905127],[-78.241934,38.904649],[-78.2413,38.904373],[-78.24122,38.904357],[-78.241158,38.904314],[-78.238298,38.903166],[-78.236447,38.902395],[-78.23628,38.902367],[-78.233735,38.901576],[-78.230724,38.9011],[-78.229571,38.900846],[-78.22737,38.900489],[-78.225617,38.900273],[-78.222967,38.899856],[-78.221283,38.89982],[-78.220322,38.899863],[-78.220001,38.899909],[-78.2196,38.90001],[-78.218726,38.900421],[-78.217842,38.900847],[-78.216464,38.901583],[-78.21529,38.902642],[-78.21486,38.903171],[-78.21459,38.903724],[-78.21424,38.904339],[-78.211792,38.907767],[-78.211056,38.909002],[-78.210936,38.909389],[-78.210576,38.910175],[-78.210384,38.910575],[-78.210181,38.910889],[-78.20996,38.911645],[-78.209894,38.912278],[-78.209925,38.912713],[-78.210112,38.913145],[-78.210216,38.91347],[-78.215178,38.920131],[-78.218013,38.923389],[-78.219269,38.92563],[-78.219908,38.931136],[-78.220418,38.93306],[-78.219989,38.934733],[-78.218646,38.936693],[-78.216603,38.937553],[-78.213122,38.937811],[-78.214311,38.938707],[-78.214074,38.939024],[-78.21488,38.939119],[-78.215175,38.939243],[-78.215951,38.940988],[-78.21635,38.941096],[-78.216828,38.94151],[-78.217225,38.941567],[-78.21769,38.942207],[-78.218273,38.942361],[-78.219829,38.943292],[-78.220687,38.943922],[-78.218071,38.946257],[-78.218005,38.946212],[-78.21548,38.948464],[-78.216045,38.948479],[-78.21828,38.948204],[-78.219056,38.948159],[-78.21944,38.948167],[-78.22501,38.948672],[-78.225547,38.948763],[-78.226093,38.948921],[-78.231301,38.950934],[-78.231857,38.951165],[-78.232279,38.951376],[-78.234184,38.952679],[-78.234797,38.95316],[-78.237913,38.956145],[-78.238308,38.956486],[-78.238554,38.956658],[-78.238894,38.956841],[-78.239322,38.957012],[-78.239743,38.957118],[-78.240394,38.957205],[-78.241036,38.957199],[-78.245923,38.956826],[-78.246514,38.956749],[-78.247166,38.956598],[-78.250383,38.955674],[-78.251103,38.955503],[-78.251614,38.955444],[-78.25364,38.955354],[-78.254265,38.955345],[-78.254622,38.955366],[-78.25503,38.95542],[-78.255931,38.955627],[-78.256485,38.955841],[-78.256855,38.956042],[-78.257864,38.956877],[-78.258056,38.956993],[-78.261483,38.958478],[-78.261915,38.958623],[-78.26238,38.958729],[-78.263189,38.958831],[-78.269809,38.95939],[-78.270474,38.959483],[-78.270941,38.959587],[-78.271573,38.959773],[-78.272184,38.960003],[-78.272801,38.9603],[-78.273387,38.960662],[-78.273797,38.96097],[-78.277303,38.963936],[-78.277841,38.964327],[-78.278235,38.964573],[-78.278726,38.964823],[-78.279126,38.964994],[-78.279699,38.965198],[-78.28048,38.965394],[-78.286643,38.966466],[-78.287726,38.966702],[-78.288347,38.96688],[-78.289083,38.967134],[-78.304854,38.973154],[-78.305462,38.973363],[-78.306228,38.973568],[-78.3072,38.973755],[-78.30911,38.974031],[-78.310869,38.974246],[-78.311789,38.974291],[-78.312795,38.974289],[-78.313341,38.974271],[-78.314435,38.974192],[-78.315512,38.974061],[-78.316361,38.973891],[-78.317061,38.973696],[-78.317964,38.973391],[-78.321166,38.972221],[-78.321836,38.972039],[-78.322419,38.971938],[-78.323028,38.97189],[-78.323547,38.9719],[-78.32403,38.971945],[-78.324583,38.972046],[-78.324941,38.97214],[-78.325962,38.97246],[-78.326902,38.972788],[-78.327601,38.973076],[-78.329217,38.973941],[-78.329709,38.974137],[-78.330703,38.974483],[-78.330972,38.974607],[-78.331355,38.974835],[-78.331606,38.975021],[-78.332565,38.975922],[-78.333072,38.976365],[-78.33347,38.976623],[-78.333902,38.97683],[-78.334498,38.977013],[-78.335214,38.977106],[-78.335901,38.977078],[-78.336231,38.977038],[-78.336644,38.976935],[-78.336647,38.976934],[-78.336515,38.976783],[-78.336325,38.976446],[-78.336324,38.976443],[-78.335428,38.973979],[-78.335259,38.973511],[-78.335206,38.973366],[-78.334806,38.972264],[-78.332636,38.96629],[-78.332394,38.965624],[-78.331413,38.962924],[-78.330915,38.961551],[-78.330983,38.961379],[-78.33107,38.961047],[-78.331116,38.960933],[-78.331147,38.960833],[-78.33118,38.960724],[-78.331196,38.960681],[-78.331257,38.960521],[-78.331287,38.960298],[-78.331398,38.959767],[-78.331574,38.95936],[-78.331679,38.958953],[-78.331749,38.958777],[-78.331827,38.958634],[-78.331925,38.958496],[-78.331966,38.958385],[-78.331968,38.958381],[-78.331969,38.958376],[-78.332094,38.957973],[-78.332117,38.957944],[-78.332221,38.957808],[-78.332297,38.957618],[-78.332503,38.957176],[-78.332622,38.956669],[-78.332847,38.956284],[-78.332974,38.955998],[-78.33334,38.955426],[-78.333629,38.954887],[-78.33384,38.954144],[-78.333967,38.953819],[-78.334185,38.953407],[-78.334269,38.953286],[-78.334403,38.953143],[-78.334449,38.953018],[-78.334459,38.952988],[-78.334462,38.952976],[-78.334607,38.952515],[-78.334649,38.952251],[-78.334804,38.951738],[-78.334825,38.95158],[-78.33483,38.951446],[-78.334832,38.951398],[-78.334806,38.95123],[-78.334804,38.951217],[-78.334802,38.951209],[-78.334768,38.951002],[-78.334754,38.950804],[-78.334775,38.950639],[-78.334796,38.950524],[-78.33486,38.950381],[-78.334944,38.950249],[-78.335071,38.950122],[-78.335211,38.949568],[-78.335197,38.949434],[-78.335155,38.949341],[-78.335121,38.94932],[-78.335049,38.949275],[-78.334958,38.949264],[-78.334861,38.949292],[-78.334697,38.949374],[-78.334359,38.949891],[-78.334218,38.950029],[-78.333993,38.950161],[-78.333577,38.950359],[-78.33288,38.950623],[-78.331316,38.950992],[-78.330774,38.951136],[-78.330562,38.951218],[-78.330055,38.951576],[-78.3289,38.952258],[-78.328808,38.952275],[-78.328379,38.952121],[-78.328231,38.952044],[-78.326624,38.951934],[-78.325948,38.951857],[-78.325363,38.951693],[-78.324977,38.95169],[-78.32487,38.951693],[-78.324738,38.951683],[-78.323813,38.95161],[-78.323732,38.951625],[-78.323658,38.951638],[-78.323481,38.951646],[-78.323291,38.951655],[-78.322326,38.951842],[-78.321974,38.95188],[-78.320861,38.951941],[-78.320503,38.95202],[-78.320382,38.952079],[-78.320206,38.952114],[-78.320135,38.952128],[-78.320013,38.952146],[-78.319875,38.952167],[-78.319629,38.952179],[-78.318797,38.952222],[-78.318099,38.952134],[-78.315118,38.950369],[-78.315055,38.950242],[-78.314815,38.950149],[-78.313899,38.949995],[-78.313322,38.949846],[-78.312385,38.949714],[-78.312039,38.949868],[-78.311489,38.950223],[-78.311117,38.950501],[-78.310778,38.950692],[-78.309574,38.95125],[-78.309382,38.951358],[-78.309287,38.951446],[-78.308813,38.95186],[-78.308545,38.952047],[-78.3082,38.95224],[-78.307249,38.952631],[-78.302973,38.946977],[-78.302335,38.946132],[-78.300418,38.943597],[-78.300597,38.943345],[-78.300893,38.943042],[-78.301161,38.942668],[-78.301401,38.942431],[-78.30195,38.941441],[-78.302182,38.941171],[-78.30238,38.940874],[-78.302499,38.940638],[-78.302809,38.940209],[-78.303324,38.939653],[-78.303436,38.93946],[-78.303683,38.939191],[-78.303774,38.939015],[-78.30395,38.938795],[-78.304183,38.938553],[-78.304331,38.93847],[-78.304408,38.938184],[-78.304641,38.937705],[-78.304944,38.937177],[-78.305451,38.936451],[-78.305606,38.935967],[-78.305613,38.935752],[-78.305732,38.935246],[-78.30576,38.934669],[-78.306042,38.934201],[-78.306282,38.93392],[-78.306725,38.933139],[-78.307211,38.932506],[-78.307232,38.932182],[-78.307183,38.931764],[-78.307246,38.931362],[-78.307591,38.930823],[-78.307704,38.930702],[-78.307781,38.930542],[-78.307803,38.930355],[-78.307929,38.929937],[-78.308042,38.929717],[-78.308225,38.929475],[-78.308473,38.928982],[-78.308507,38.928925],[-78.308512,38.928837],[-78.308556,38.928265],[-78.308528,38.928045],[-78.308556,38.92772],[-78.308507,38.927407],[-78.308506,38.92706],[-78.308549,38.926889],[-78.308654,38.926741],[-78.308746,38.926526],[-78.309091,38.926268],[-78.309295,38.926185],[-78.309774,38.925783],[-78.310161,38.925288],[-78.310288,38.92509],[-78.310429,38.924744],[-78.310612,38.92454],[-78.310732,38.92454],[-78.310957,38.924375],[-78.311161,38.924105],[-78.311373,38.923935],[-78.311647,38.923775],[-78.311992,38.923599],[-78.312267,38.923511],[-78.313147,38.923082],[-78.31333,38.922906],[-78.313746,38.922356],[-78.314091,38.922081],[-78.314792,38.921627],[-78.314923,38.921549],[-78.315076,38.92142],[-78.315358,38.92125],[-78.315626,38.921151],[-78.316245,38.920837],[-78.316802,38.92049],[-78.316964,38.920419],[-78.318457,38.919929],[-78.318928,38.919808],[-78.319414,38.919637],[-78.32009,38.919312],[-78.320879,38.91885],[-78.321097,38.918674],[-78.321435,38.9183],[-78.321544,38.918023],[-78.321548,38.918014],[-78.32151,38.918019],[-78.321604,38.917662],[-78.321745,38.917386],[-78.321836,38.917133],[-78.322244,38.916539],[-78.32235,38.916325],[-78.322709,38.915802],[-78.323152,38.915037],[-78.323307,38.914751],[-78.323645,38.913964],[-78.323849,38.913414],[-78.324074,38.913199],[-78.324151,38.912968],[-78.324172,38.912715],[-78.324158,38.912545],[-78.324186,38.912341],[-78.32432,38.912077],[-78.324334,38.911675],[-78.325421,38.909694],[-78.325664,38.909249],[-78.325734,38.909045],[-78.325854,38.908869],[-78.325952,38.908578],[-78.325988,38.90838],[-78.325987,38.90813],[-78.326065,38.907675],[-78.326111,38.907542],[-78.326149,38.907433],[-78.326177,38.907103],[-78.326241,38.906919],[-78.326395,38.906636],[-78.326754,38.906173],[-78.327106,38.905354],[-78.32724,38.905029],[-78.327268,38.904633],[-78.327366,38.904275],[-78.327753,38.903813],[-78.32795,38.903527],[-78.328147,38.903301],[-78.328264,38.903076],[-78.328267,38.90307],[-78.328245,38.903062],[-78.328386,38.902801],[-78.328612,38.90258],[-78.328766,38.902212],[-78.328794,38.90197],[-78.328935,38.901871],[-78.329189,38.901805],[-78.329428,38.901667],[-78.329892,38.901249],[-78.329963,38.901095],[-78.330364,38.900825],[-78.330561,38.900621],[-78.330849,38.900181],[-78.331018,38.899659],[-78.331138,38.899444],[-78.331286,38.899306],[-78.331525,38.899141],[-78.331856,38.89885],[-78.332334,38.898569],[-78.332447,38.898437],[-78.332517,38.897711],[-78.332573,38.897425],[-78.333073,38.896858],[-78.333382,38.896594],[-78.33379,38.896131],[-78.334037,38.895735],[-78.334381,38.895097],[-78.334909,38.894673],[-78.335085,38.894497],[-78.335345,38.894304],[-78.335866,38.894029],[-78.33626,38.893759],[-78.336464,38.893413],[-78.33714,38.892543],[-78.337379,38.892186],[-78.33766,38.891894],[-78.33835,38.890953],[-78.338483,38.890562],[-78.338518,38.890271],[-78.338553,38.889181],[-78.33851,38.888917],[-78.338576,38.88865],[-78.338581,38.888631],[-78.335744,38.888456],[-78.335525,38.8885],[-78.33523,38.888594],[-78.334906,38.888638],[-78.334674,38.888666],[-78.333942,38.888671],[-78.333688,38.888704],[-78.333188,38.888815],[-78.332696,38.888848],[-78.332485,38.888892],[-78.332252,38.888875],[-78.332076,38.88876],[-78.331875,38.888359],[-78.331808,38.887913],[-78.331822,38.88772],[-78.33178,38.8875],[-78.331822,38.887186],[-78.331906,38.886856],[-78.332138,38.886416],[-78.332342,38.88575],[-78.332441,38.885525],[-78.332581,38.884964],[-78.332905,38.884523],[-78.333496,38.883594],[-78.333706,38.882719],[-78.33384,38.882455],[-78.334114,38.88224],[-78.33422,38.881987],[-78.334227,38.881827],[-78.334325,38.881497],[-78.334677,38.881013],[-78.335127,38.880622],[-78.335669,38.879659],[-78.335929,38.879142],[-78.336091,38.878927],[-78.336295,38.878768],[-78.336499,38.878685],[-78.336724,38.878542],[-78.3369,38.878399],[-78.337441,38.877744],[-78.3378,38.877166],[-78.337995,38.876921],[-78.338222,38.876605],[-78.338262,38.876542],[-78.338327,38.87644],[-78.338448,38.87604],[-78.338475,38.875923],[-78.338488,38.875855],[-78.338524,38.875675],[-78.338566,38.875549],[-78.339122,38.875218],[-78.339742,38.874683]]]},"properties":{"UNIQUE_ID":"Warren County-:-102 - Otterburn","COUNTYFP":"187","locality":"Warren County","precinct":"102 - Otterburn","dem24":728,"rep24":2165}},
{"type":"Feature","geometry":{"type":"Polygon","coordinates":[[[-78.118431,38.882797],[-78.118056,38.882947],[-78.117826,38.883201],[-78.117104,38.883792],[-78.116517,38.884544],[-78.117012,38.88519],[-78.117338,38.885669],[-78.117663,38.886025],[-78.117773,38.886257],[-78.117857,38.889273],[-78.11788,38.889387],[-78.11876,38.889268],[-78.119398,38.889157],[-78.119472,38.892531],[-78.119513,38.893293],[-78.119498,38.894024],[-78.119971,38.894353],[-78.120329,38.894684],[-78.120451,38.894853],[-78.120495,38.895085],[-78.120486,38.895532],[-78.120566,38.896397],[-78.120618,38.89659],[-78.120819,38.896894],[-78.120814,38.897348],[-78.121233,38.897881],[-78.121329,38.898121],[-78.121381,38.898802],[-78.121618,38.899718],[-78.121675,38.900071],[-78.121952,38.902287],[-78.122022,38.903216],[-78.122082,38.90337],[-78.122131,38.903433],[-78.122325,38.903569],[-78.122373,38.903694],[-78.122316,38.903861],[-78.121599,38.904694],[-78.121465,38.90495],[-78.121399,38.905169],[-78.121261,38.905967],[-78.121278,38.906207],[-78.12136,38.906491],[-78.121541,38.906877],[-78.121722,38.907043],[-78.1224,38.907244],[-78.122598,38.907258],[-78.122768,38.907237],[-78.122979,38.90728],[-78.123131,38.907363],[-78.123354,38.907557],[-78.123768,38.908176],[-78.124259,38.908807],[-78.124615,38.909718],[-78.124623,38.910012],[-78.124664,38.910195],[-78.124774,38.910358],[-78.125061,38.910574],[-78.125516,38.910802],[-78.125726,38.910872],[-78.126071,38.910935],[-78.126196,38.910993],[-78.126708,38.911582],[-78.127125,38.911799],[-78.12762,38.912255],[-78.127925,38.912657],[-78.12586,38.913858],[-78.12535,38.91413],[-78.124865,38.914343],[-78.1243,38.914519],[-78.123553,38.91467],[-78.122936,38.914725],[-78.122124,38.914715],[-78.120721,38.914651],[-78.120218,38.915031],[-78.119937,38.915317],[-78.119559,38.915899],[-78.119377,38.916353],[-78.11927,38.91646],[-78.11919,38.916499],[-78.119016,38.916534],[-78.118525,38.9165],[-78.118141,38.916499],[-78.117938,38.916526],[-78.117674,38.9166],[-78.116843,38.917085],[-78.11572,38.917682],[-78.118003,38.918053],[-78.118613,38.918133],[-78.119685,38.918171],[-78.120125,38.918229],[-78.120616,38.918371],[-78.121376,38.918642],[-78.122195,38.918801],[-78.122407,38.918876],[-78.122635,38.919008],[-78.122844,38.919205],[-78.122964,38.919387],[-78.123315,38.919944],[-78.123765,38.920754],[-78.123842,38.921108],[-78.123763,38.921937],[-78.123795,38.922331],[-78.123902,38.922892],[-78.124166,38.923895],[-78.124239,38.924086],[-78.124379,38.924297],[-78.124631,38.924517],[-78.12483,38.924633],[-78.125213,38.924748],[-78.125483,38.924763],[-78.125666,38.924745],[-78.126325,38.924587],[-78.126529,38.924516],[-78.126793,38.924384],[-78.127016,38.924218],[-78.127227,38.924],[-78.127439,38.923669],[-78.127774,38.92298],[-78.128143,38.923459],[-78.128552,38.924102],[-78.128837,38.924646],[-78.129,38.925023],[-78.129277,38.925854],[-78.129432,38.926547],[-78.129474,38.92686],[-78.129511,38.927669],[-78.129497,38.928095],[-78.128968,38.933109],[-78.128949,38.93408],[-78.129047,38.934928],[-78.129298,38.935942],[-78.129558,38.936624],[-78.130004,38.937492],[-78.133485,38.935768],[-78.134381,38.935377],[-78.135153,38.935178],[-78.135798,38.935077],[-78.136281,38.93489],[-78.136452,38.934845],[-78.139032,38.934392],[-78.139355,38.934371],[-78.139945,38.934374],[-78.140295,38.934322],[-78.140859,38.934166],[-78.141525,38.933934],[-78.142809,38.933391],[-78.142765,38.93336],[-78.143258,38.933145],[-78.143835,38.93285],[-78.1509,38.928773],[-78.15179,38.928345],[-78.152745,38.927966],[-78.153112,38.927865],[-78.154054,38.927751],[-78.155426,38.927674],[-78.156366,38.927521],[-78.156831,38.927509],[-78.157253,38.927551],[-78.157539,38.927664],[-78.157809,38.927824],[-78.158374,38.928276],[-78.158697,38.928457],[-78.159654,38.928965],[-78.160146,38.929206],[-78.160465,38.929335],[-78.161016,38.929521],[-78.161608,38.929646],[-78.162295,38.929729],[-78.162792,38.929723],[-78.163503,38.929634],[-78.164143,38.92951],[-78.165325,38.929256],[-78.16631,38.928993],[-78.1668,38.928925],[-78.167862,38.928827],[-78.168758,38.928664],[-78.170762,38.928274],[-78.174146,38.927564],[-78.175432,38.927343],[-78.176745,38.927047],[-78.178427,38.926778],[-78.179498,38.926724],[-78.179576,38.92666],[-78.180269,38.926506],[-78.180524,38.926409],[-78.180765,38.926213],[-78.181117,38.925707],[-78.181515,38.925275],[-78.182623,38.923654],[-78.182189,38.923418],[-78.182052,38.923288],[-78.181881,38.923095],[-78.181813,38.922817],[-78.180161,38.923071],[-78.178726,38.923212],[-78.177146,38.923431],[-78.176995,38.92257],[-78.176928,38.922357],[-78.176704,38.921858],[-78.176405,38.921907],[-78.17626,38.921889],[-78.176131,38.921835],[-78.176035,38.921761],[-78.175961,38.92165],[-78.175938,38.921547],[-78.17596,38.921386],[-78.176043,38.921269],[-78.176217,38.921167],[-78.176523,38.921045],[-78.17826,38.920462],[-78.177936,38.920102],[-78.177554,38.919825],[-78.177803,38.919726],[-78.178118,38.919505],[-78.178933,38.918522],[-78.179232,38.918255],[-78.179592,38.918021],[-78.180686,38.917569],[-78.18259,38.91696],[-78.183832,38.916593],[-78.18472,38.916391],[-78.185924,38.916244],[-78.185707,38.915875],[-78.185551,38.915474],[-78.184742,38.912371],[-78.184652,38.911618],[-78.184664,38.911202],[-78.184729,38.910688],[-78.178184,38.909448],[-78.177622,38.909366],[-78.176969,38.909321],[-78.173661,38.909375],[-78.171785,38.909365],[-78.16813,38.909153],[-78.166846,38.909127],[-78.16171,38.909494],[-78.160743,38.909544],[-78.159874,38.909554],[-78.15913,38.909542],[-78.158126,38.909488],[-78.154415,38.90917],[-78.153078,38.909078],[-78.153539,38.908319],[-78.153576,38.908117],[-78.153569,38.90774],[-78.153657,38.90729],[-78.153749,38.907334],[-78.15421,38.905767],[-78.154256,38.9054],[-78.154251,38.905132],[-78.154087,38.904609],[-78.154072,38.90422],[-78.154163,38.903347],[-78.154303,38.902672],[-78.154458,38.902252],[-78.154646,38.901862],[-78.15576,38.899683],[-78.155862,38.899394],[-78.155934,38.898877],[-78.156871,38.89848],[-78.157318,38.898259],[-78.157584,38.89807],[-78.158195,38.897557],[-78.158707,38.897201],[-78.158856,38.89703],[-78.159371,38.896229],[-78.159414,38.89612],[-78.159415,38.896003],[-78.159201,38.895614],[-78.159076,38.895238],[-78.159048,38.895087],[-78.159055,38.894356],[-78.159021,38.894234],[-78.158943,38.894141],[-78.158452,38.893711],[-78.15803,38.893261],[-78.15757,38.89293],[-78.157332,38.892725],[-78.156835,38.892244],[-78.156698,38.892029],[-78.156494,38.891982],[-78.155892,38.891578],[-78.155496,38.891254],[-78.155036,38.89082],[-78.154645,38.890531],[-78.154183,38.890135],[-78.153968,38.889918],[-78.153555,38.889284],[-78.153356,38.889036],[-78.153121,38.88888],[-78.152445,38.888606],[-78.152219,38.888458],[-78.151623,38.88784],[-78.151048,38.887384],[-78.150844,38.887176],[-78.150495,38.886738],[-78.150115,38.88635],[-78.14984,38.886008],[-78.149598,38.885788],[-78.149284,38.885597],[-78.149056,38.885518],[-78.148666,38.885427],[-78.148326,38.885301],[-78.148053,38.885156],[-78.147583,38.884809],[-78.147214,38.884618],[-78.146425,38.884396],[-78.14529,38.883995],[-78.144705,38.883763],[-78.143538,38.8832],[-78.142766,38.882773],[-78.14225,38.882523],[-78.141709,38.882324],[-78.140948,38.882142],[-78.140337,38.881875],[-78.13999,38.881771],[-78.139682,38.881746],[-78.139587,38.88176],[-78.139334,38.881853],[-78.138987,38.88204],[-78.138354,38.882449],[-78.138265,38.882478],[-78.138131,38.882475],[-78.137854,38.882373],[-78.137676,38.882334],[-78.137421,38.882309],[-78.1373,38.882335],[-78.137206,38.88242],[-78.136912,38.882485],[-78.1366,38.882624],[-78.136082,38.883019],[-78.135906,38.883081],[-78.135444,38.88306],[-78.134666,38.882882],[-78.134475,38.882888],[-78.134101,38.88295],[-78.133961,38.88294],[-78.133898,38.882888],[-78.133729,38.882625],[-78.133716,38.882471],[-78.133766,38.882028],[-78.133749,38.881915],[-78.133525,38.881495],[-78.133543,38.881251],[-78.133722,38.880783],[-78.133768,38.880175],[-78.13369,38.879991],[-78.133517,38.879902],[-78.132518,38.879906],[-78.132255,38.879963],[-78.130672,38.880515],[-78.129149,38.88055],[-78.128695,38.880521],[-78.127948,38.880752],[-78.127752,38.880779],[-78.127209,38.880742],[-78.12686,38.880761],[-78.126741,38.880708],[-78.126646,38.880619],[-78.126546,38.880431],[-78.12619,38.880314],[-78.125611,38.880304],[-78.125151,38.880349],[-78.124948,38.880323],[-78.12471,38.880329],[-78.124553,38.880429],[-78.124404,38.88062],[-78.124382,38.880703],[-78.124116,38.880912],[-78.123427,38.881282],[-78.122264,38.881976],[-78.122139,38.882019],[-78.118929,38.882661],[-78.118431,38.882797]]]},"properties":{"UNIQUE_ID":"Warren County-:-201 - Happy Creek","COUNTYFP":"187","locality":"Warren County","precinct":"201 - Happy Creek","dem24":786,"rep24":1599}},
{"type":"Feature","geometry":{"type":"Polygon","coordinates":[[[-78.112222,38.880374],[-78.1121,38.880359],[-78.111338,38.880264],[-78.10695,38.879719],[-78.105974,38.879598],[-78.102495,38.879165],[-78.101787,38.879077],[-78.096377,38.879676],[-78.094917,38.879838],[-78.094307,38.880615],[-78.09402,38.881038],[-78.093936,38.881162],[-78.093919,38.881216],[-78.093902,38.881267],[-78.09336,38.882907],[-78.092988,38.884035],[-78.091981,38.885586],[-78.09104,38.885925],[-78.090792,38.886015],[-78.090016,38.885907],[-78.088799,38.885753],[-78.088702,38.88574],[-78.088677,38.885737],[-78.088632,38.885733],[-78.088462,38.885719],[-78.087176,38.885789],[-78.086169,38.885853],[-78.086023,38.885935],[-78.085335,38.886156],[-78.084676,38.886268],[-78.082864,38.886251],[-78.081635,38.886385],[-78.081093,38.886368],[-78.080521,38.886226],[-78.080387,38.886217],[-78.080359,38.886215],[-78.079985,38.88619],[-78.07964,38.886233],[-78.079565,38.886243],[-78.079376,38.886332],[-78.078903,38.886554],[-78.077771,38.887564],[-78.077539,38.887716],[-78.076398,38.886636],[-78.075794,38.88607],[-78.074793,38.886312],[-78.073676,38.886582],[-78.073674,38.886583],[-78.073673,38.886591],[-78.073673,38.886599],[-78.073499,38.888132],[-78.073476,38.888334],[-78.073196,38.890803],[-78.073169,38.891043],[-78.073151,38.891047],[-78.068393,38.89217],[-78.068382,38.892173],[-78.068342,38.892182],[-78.068518,38.892756],[-78.068639,38.892977],[-78.068639,38.892978],[-78.06859,38.892958],[-78.067381,38.892445],[-78.067376,38.892443],[-78.067477,38.892187],[-78.067477,38.892186],[-78.067731,38.891542],[-78.06774,38.891521],[-78.067745,38.891507],[-78.067394,38.891334],[-78.067368,38.89132],[-78.067344,38.891303],[-78.067234,38.891215],[-78.067152,38.891121],[-78.067151,38.89112],[-78.067054,38.890944],[-78.067027,38.890957],[-78.06701,38.890965],[-78.066645,38.891146],[-78.066222,38.891341],[-78.064629,38.891581],[-78.064182,38.891566],[-78.063673,38.891548],[-78.063128,38.891605],[-78.062683,38.891769],[-78.062016,38.891926],[-78.061804,38.891946],[-78.061895,38.894158],[-78.061904,38.895012],[-78.061922,38.896714],[-78.061862,38.896718],[-78.061167,38.896769],[-78.061168,38.896769],[-78.061202,38.896774],[-78.062309,38.896952],[-78.062308,38.896959],[-78.061816,38.89991],[-78.06176,38.90025],[-78.061764,38.900252],[-78.062713,38.900653],[-78.064035,38.900607],[-78.06404,38.900607],[-78.064195,38.900689],[-78.064193,38.900694],[-78.064161,38.900788],[-78.063981,38.901314],[-78.063968,38.901354],[-78.063952,38.901402],[-78.063898,38.901592],[-78.063886,38.901651],[-78.068715,38.902855],[-78.070077,38.903195],[-78.070413,38.903279],[-78.070432,38.903282],[-78.071253,38.903408],[-78.07209,38.903597],[-78.072139,38.903605],[-78.072239,38.903875],[-78.071917,38.904721],[-78.071792,38.905065],[-78.072328,38.905413],[-78.072955,38.905806],[-78.074268,38.906626],[-78.074387,38.9067],[-78.074549,38.906802],[-78.074796,38.906956],[-78.075068,38.907126],[-78.075071,38.907128],[-78.075135,38.907168],[-78.075302,38.907279],[-78.075302,38.907293],[-78.075271,38.90771],[-78.07586,38.908577],[-78.075859,38.90858],[-78.075852,38.908623],[-78.07585,38.908632],[-78.07585,38.908634],[-78.075834,38.908723],[-78.075792,38.908964],[-78.075788,38.908984],[-78.07578,38.909057],[-78.075778,38.909081],[-78.075776,38.909092],[-78.075651,38.909794],[-78.075571,38.910239],[-78.075563,38.910284],[-78.075344,38.911513],[-78.075246,38.91206],[-78.075149,38.912607],[-78.075061,38.912679],[-78.073239,38.914177],[-78.072903,38.914482],[-78.072727,38.914705],[-78.07128,38.916534],[-78.070894,38.917023],[-78.069668,38.917248],[-78.068504,38.919471],[-78.067303,38.920306],[-78.067225,38.920361],[-78.066648,38.921153],[-78.066634,38.921173],[-78.066591,38.921232],[-78.066511,38.921262],[-78.066483,38.921273],[-78.066232,38.921368],[-78.063793,38.923967],[-78.063793,38.92399],[-78.06381,38.924677],[-78.064065,38.924977],[-78.064212,38.925149],[-78.064328,38.925286],[-78.064339,38.925303],[-78.064382,38.925556],[-78.064546,38.926508],[-78.064572,38.926657],[-78.064646,38.927091],[-78.064267,38.92781],[-78.063981,38.92835],[-78.063974,38.928363],[-78.063973,38.928364],[-78.063301,38.928968],[-78.062511,38.929679],[-78.062342,38.929935],[-78.062191,38.930162],[-78.061489,38.930655],[-78.060489,38.931523],[-78.060142,38.931721],[-78.059578,38.931955],[-78.059311,38.932127],[-78.059094,38.932305],[-78.058848,38.93262],[-78.059087,38.932594],[-78.059097,38.932593],[-78.058405,38.9337],[-78.058118,38.934097],[-78.057844,38.934369],[-78.057269,38.934774],[-78.057359,38.935331],[-78.057519,38.93599],[-78.057666,38.936419],[-78.057661,38.936505],[-78.057706,38.936602],[-78.057791,38.936687],[-78.058149,38.936786],[-78.059014,38.936961],[-78.059464,38.93712],[-78.059581,38.937109],[-78.05984,38.937001],[-78.060052,38.936952],[-78.06019,38.936946],[-78.060421,38.936983],[-78.060603,38.937061],[-78.060703,38.937146],[-78.060935,38.937509],[-78.060977,38.937678],[-78.060897,38.938057],[-78.060909,38.938298],[-78.061018,38.938619],[-78.06132,38.939836],[-78.06134,38.940144],[-78.061066,38.941308],[-78.060805,38.941791],[-78.061093,38.941934],[-78.061877,38.942218],[-78.062414,38.942546],[-78.063101,38.942859],[-78.063294,38.942924],[-78.0636,38.94297],[-78.063658,38.942819],[-78.063857,38.942567],[-78.063988,38.942448],[-78.064322,38.942219],[-78.064506,38.942033],[-78.065029,38.941416],[-78.06529,38.941068],[-78.065496,38.940753],[-78.06627,38.939033],[-78.066328,38.938839],[-78.066488,38.938808],[-78.06709,38.938586],[-78.067228,38.938578],[-78.067065,38.939085],[-78.066805,38.939573],[-78.066777,38.939699],[-78.066784,38.939941],[-78.06684,38.940193],[-78.06684,38.940495],[-78.066784,38.940901],[-78.066692,38.941148],[-78.066601,38.941769],[-78.066573,38.942515],[-78.066503,38.942669],[-78.06639,38.943064],[-78.066172,38.943393],[-78.065983,38.94375],[-78.065976,38.94392],[-78.065469,38.94521],[-78.065498,38.945408],[-78.065483,38.945529],[-78.065308,38.946538],[-78.065216,38.94689],[-78.065181,38.947318],[-78.065069,38.947944],[-78.065076,38.948515],[-78.065188,38.949168],[-78.065273,38.949376],[-78.065406,38.949535],[-78.065975,38.950046],[-78.066306,38.950244],[-78.066657,38.950337],[-78.067346,38.950595],[-78.067466,38.950661],[-78.067705,38.950864],[-78.067923,38.9511],[-78.068,38.951253],[-78.068148,38.951649],[-78.068169,38.952291],[-78.067965,38.953076],[-78.067923,38.953597],[-78.067951,38.954728],[-78.068049,38.955101],[-78.068183,38.955447],[-78.068253,38.955535],[-78.068591,38.955798],[-78.068745,38.956029],[-78.068907,38.956452],[-78.0689,38.956605],[-78.068752,38.956775],[-78.068499,38.957149],[-78.068478,38.957286],[-78.068499,38.957818],[-78.068387,38.95812],[-78.068295,38.958488],[-78.068288,38.958801],[-78.068253,38.958982],[-78.068141,38.959245],[-78.066959,38.960755],[-78.066692,38.961018],[-78.066615,38.961128],[-78.066615,38.961271],[-78.06684,38.961759],[-78.066833,38.961984],[-78.066791,38.962138],[-78.066706,38.962264],[-78.06613,38.962747],[-78.06594,38.963066],[-78.065511,38.963505],[-78.065202,38.963944],[-78.06511,38.96412],[-78.065103,38.964399],[-78.065223,38.964603],[-78.065504,38.964817],[-78.066081,38.965151],[-78.066692,38.965404],[-78.067079,38.965497],[-78.067276,38.965591],[-78.067543,38.96581],[-78.067663,38.96598],[-78.068014,38.966376],[-78.068197,38.966633],[-78.068408,38.967007],[-78.068485,38.96721],[-78.06857,38.967616],[-78.068555,38.967847],[-78.068436,38.968176],[-78.068464,38.968571],[-78.068626,38.968994],[-78.068598,38.969866],[-78.068759,38.970317],[-78.068844,38.970382],[-78.069287,38.970602],[-78.069969,38.970915],[-78.070433,38.971294],[-78.070728,38.971639],[-78.070932,38.971947],[-78.070897,38.972825],[-78.070967,38.972973],[-78.071052,38.973056],[-78.071192,38.973121],[-78.071199,38.973143],[-78.07146,38.973165],[-78.071614,38.973231],[-78.071713,38.973302],[-78.071804,38.973467],[-78.071889,38.974087],[-78.071938,38.974126],[-78.072486,38.974307],[-78.072662,38.97429],[-78.07295,38.974104],[-78.073189,38.974027],[-78.073646,38.973989],[-78.074132,38.97417],[-78.074293,38.974181],[-78.074469,38.97423],[-78.074568,38.974307],[-78.074638,38.974329],[-78.074793,38.974285],[-78.075222,38.974104],[-78.075636,38.973983],[-78.075918,38.973961],[-78.076614,38.97412],[-78.077514,38.974427],[-78.077929,38.974543],[-78.078288,38.974565],[-78.078857,38.974647],[-78.079019,38.974619],[-78.079152,38.974559],[-78.079588,38.974219],[-78.079729,38.974158],[-78.079905,38.97412],[-78.080763,38.974076],[-78.080931,38.974043],[-78.081241,38.973928],[-78.081694,38.973709],[-78.081939,38.973258],[-78.082159,38.972977],[-78.08236,38.972798],[-78.083047,38.972288],[-78.083304,38.972017],[-78.083477,38.971732],[-78.083554,38.971499],[-78.083588,38.97116],[-78.083577,38.970874],[-78.083482,38.970136],[-78.083485,38.969668],[-78.083706,38.968653],[-78.083907,38.968164],[-78.084276,38.967521],[-78.084713,38.966892],[-78.085103,38.9664],[-78.085723,38.965712],[-78.087763,38.963736],[-78.088232,38.963353],[-78.089245,38.962619],[-78.089609,38.962282],[-78.089889,38.961917],[-78.090944,38.960249],[-78.09122,38.959955],[-78.091528,38.959692],[-78.092089,38.959259],[-78.092584,38.958982],[-78.094587,38.958051],[-78.095484,38.957668],[-78.098679,38.95662],[-78.099132,38.956491],[-78.101717,38.955834],[-78.102164,38.95574],[-78.10298,38.955622],[-78.104249,38.955515],[-78.104963,38.955484],[-78.106742,38.95555],[-78.107339,38.955593],[-78.107923,38.955704],[-78.108329,38.955845],[-78.108596,38.956009],[-78.108869,38.956273],[-78.109057,38.95636],[-78.109531,38.956421],[-78.110387,38.956486],[-78.110698,38.956488],[-78.111263,38.956395],[-78.112032,38.956195],[-78.113664,38.95623],[-78.113929,38.956157],[-78.114995,38.9557],[-78.116333,38.955368],[-78.116661,38.955312],[-78.117012,38.955277],[-78.117861,38.955274],[-78.119766,38.955513],[-78.120257,38.955526],[-78.120775,38.955452],[-78.12284,38.954991],[-78.122543,38.953976],[-78.12251,38.953687],[-78.122688,38.951917],[-78.12283,38.950983],[-78.12293,38.950652],[-78.123045,38.950386],[-78.123561,38.949507],[-78.126178,38.944294],[-78.127266,38.942012],[-78.127408,38.941675],[-78.127552,38.941222],[-78.127866,38.939517],[-78.12793,38.939276],[-78.128071,38.938937],[-78.128397,38.938482],[-78.128774,38.938153],[-78.129231,38.937875],[-78.130004,38.937492],[-78.129558,38.936624],[-78.129298,38.935942],[-78.129047,38.934928],[-78.128949,38.93408],[-78.128968,38.933109],[-78.129497,38.928095],[-78.129511,38.927669],[-78.129474,38.92686],[-78.129432,38.926547],[-78.129277,38.925854],[-78.129,38.925023],[-78.128837,38.924646],[-78.128552,38.924102],[-78.128143,38.923459],[-78.127774,38.92298],[-78.127439,38.923669],[-78.127227,38.924],[-78.127016,38.924218],[-78.126793,38.924384],[-78.126529,38.924516],[-78.126325,38.924587],[-78.125666,38.924745],[-78.125483,38.924763],[-78.125213,38.924748],[-78.12483,38.924633],[-78.124631,38.924517],[-78.124379,38.924297],[-78.124239,38.924086],[-78.124166,38.923895],[-78.123902,38.922892],[-78.123795,38.922331],[-78.123763,38.921937],[-78.123842,38.921108],[-78.123765,38.920754],[-78.123315,38.919944],[-78.122964,38.919387],[-78.122844,38.919205],[-78.122635,38.919008],[-78.122407,38.918876],[-78.122195,38.918801],[-78.121376,38.918642],[-78.120616,38.918371],[-78.120125,38.918229],[-78.119685,38.918171],[-78.118613,38.918133],[-78.118003,38.918053],[-78.11572,38.917682],[-78.116843,38.917085],[-78.117674,38.9166],[-78.117938,38.916526],[-78.118141,38.916499],[-78.118525,38.9165],[-78.119016,38.916534],[-78.11919,38.916499],[-78.11927,38.91646],[-78.119377,38.916353],[-78.119559,38.915899],[-78.119937,38.915317],[-78.120218,38.915031],[-78.120721,38.914651],[-78.122124,38.914715],[-78.122936,38.914725],[-78.123553,38.91467],[-78.1243,38.914519],[-78.124865,38.914343],[-78.12535,38.91413],[-78.12586,38.913858],[-78.127925,38.912657],[-78.12762,38.912255],[-78.127125,38.911799],[-78.126708,38.911582],[-78.126196,38.910993],[-78.126071,38.910935],[-78.125726,38.910872],[-78.125516,38.910802],[-78.125061,38.910574],[-78.124774,38.910358],[-78.124664,38.910195],[-78.124623,38.910012],[-78.124615,38.909718],[-78.124259,38.908807],[-78.123768,38.908176],[-78.123354,38.907557],[-78.123131,38.907363],[-78.122979,38.90728],[-78.122768,38.907237],[-78.122598,38.907258],[-78.1224,38.907244],[-78.121722,38.907043],[-78.121541,38.906877],[-78.12136,38.906491],[-78.121278,38.906207],[-78.121261,38.905967],[-78.121399,38.905169],[-78.121465,38.90495],[-78.121599,38.904694],[-78.122316,38.903861],[-78.122373,38.903694],[-78.122325,38.903569],[-78.122131,38.903433],[-78.122082,38.90337],[-78.122022,38.903216],[-78.121952,38.902287],[-78.121675,38.900071],[-78.121618,38.899718],[-78.121381,38.898802],[-78.121329,38.898121],[-78.121233,38.897881],[-78.120814,38.897348],[-78.120819,38.896894],[-78.120618,38.89659],[-78.120566,38.896397],[-78.120486,38.895532],[-78.120495,38.895085],[-78.120451,38.894853],[-78.120329,38.894684],[-78.119971,38.894353],[-78.119498,38.894024],[-78.119513,38.893293],[-78.119472,38.892531],[-78.119398,38.889157],[-78.11876,38.889268],[-78.11788,38.889387],[-78.117857,38.889273],[-78.117773,38.886257],[-78.117663,38.886025],[-78.117338,38.885669],[-78.117012,38.88519],[-78.116517,38.884544],[-78.117104,38.883792],[-78.117826,38.883201],[-78.118056,38.882947],[-78.118431,38.882797],[-78.117921,38.881302],[-78.117248,38.879856],[-78.116597,38.878647],[-78.116287,38.878185],[-78.115021,38.878591],[-78.113078,38.880081],[-78.112461,38.880277],[-78.11225,38.880268],[-78.112246,38.880268],[-78.112222,38.880374]]]},"properties":{"UNIQUE_ID":"Warren County-:-202 - Linden","COUNTYFP":"187","locality":"Warren County","precinct":"202 - Linden","dem24":911,"rep24":1613}},
{"type":"Feature","geometry":{"type":"Polygon","coordinates":[[[-78.194805,38.947988],[-78.199107,38.949554],[-78.199065,38.948647],[-78.199477,38.94883],[-78.199471,38.948695],[-78.199529,38.948694],[-78.199506,38.948191],[-78.199166,38.947891],[-78.199493,38.947974],[-78.19942,38.947124],[-78.19929,38.947104],[-78.19906,38.946621],[-78.199364,38.946268],[-78.199322,38.945379],[-78.19945,38.945101],[-78.199217,38.940098],[-78.199496,38.940059],[-78.199731,38.945093],[-78.199884,38.945363],[-78.199926,38.946252],[-78.200303,38.946688],[-78.200081,38.947218],[-78.19994,38.947731],[-78.199861,38.947711],[-78.199861,38.947884],[-78.199831,38.947983],[-78.199882,38.948329],[-78.200028,38.951464],[-78.200234,38.951733],[-78.200317,38.952373],[-78.200862,38.952595],[-78.200861,38.952809],[-78.200804,38.953215],[-78.200825,38.95361],[-78.200536,38.953969],[-78.200365,38.954577],[-78.200251,38.954613],[-78.200254,38.954535],[-78.200014,38.954529],[-78.199746,38.954986],[-78.199433,38.955373],[-78.199213,38.95526],[-78.198685,38.955782],[-78.198865,38.955925],[-78.197084,38.957264],[-78.19426,38.959792],[-78.194244,38.960051],[-78.194357,38.960093],[-78.194234,38.960232],[-78.196015,38.962043],[-78.196339,38.962231],[-78.196552,38.961452],[-78.196213,38.960782],[-78.195907,38.960669],[-78.195661,38.960118],[-78.195883,38.959668],[-78.196491,38.958642],[-78.196958,38.957795],[-78.19721,38.957531],[-78.197384,38.9572],[-78.197649,38.956967],[-78.198379,38.957228],[-78.198306,38.957353],[-78.199265,38.957696],[-78.200271,38.956028],[-78.200666,38.955865],[-78.201089,38.955434],[-78.202171,38.955815],[-78.202186,38.954189],[-78.201892,38.953854],[-78.201829,38.953407],[-78.201693,38.950495],[-78.206331,38.952182],[-78.211495,38.953465],[-78.211893,38.952978],[-78.212295,38.953093],[-78.213796,38.950932],[-78.213438,38.95084],[-78.215109,38.948779],[-78.21548,38.948464],[-78.218005,38.946212],[-78.218071,38.946257],[-78.220687,38.943922],[-78.219829,38.943292],[-78.218273,38.942361],[-78.21769,38.942207],[-78.217225,38.941567],[-78.216828,38.94151],[-78.21635,38.941096],[-78.215951,38.940988],[-78.215175,38.939243],[-78.21488,38.939119],[-78.214074,38.939024],[-78.214311,38.938707],[-78.213122,38.937811],[-78.216603,38.937553],[-78.21657,38.937486],[-78.212449,38.935472],[-78.21209,38.935259],[-78.212037,38.935155],[-78.211987,38.935115],[-78.205735,38.93169],[-78.200533,38.928878],[-78.196542,38.926659],[-78.195967,38.926366],[-78.195612,38.926294],[-78.195201,38.926295],[-78.185115,38.926566],[-78.185262,38.92982],[-78.18522,38.929962],[-78.184892,38.930343],[-78.185992,38.931383],[-78.186788,38.932547],[-78.18716,38.933145],[-78.187631,38.934521],[-78.187686,38.935677],[-78.187476,38.937079],[-78.18695,38.938291],[-78.186828,38.939091],[-78.187096,38.939784],[-78.187547,38.940525],[-78.18841,38.941541],[-78.189096,38.942301],[-78.188806,38.942592],[-78.188607,38.942953],[-78.188148,38.94414],[-78.188059,38.944523],[-78.189853,38.944927],[-78.190975,38.945548],[-78.193692,38.947504],[-78.194577,38.947894],[-78.194727,38.94796],[-78.194805,38.947988]]]},"properties":{"UNIQUE_ID":"Warren County-:-301 - North River","COUNTYFP":"187","locality":"Warren County","precinct":"301 - North River","dem24":641,"rep24":1214}},
{"type":"Feature","geometry":{"type":"Polygon","coordinates":[[[-78.336647,38.976934],[-78.336644,38.976935],[-78.336231,38.977038],[-78.335901,38.977078],[-78.335214,38.977106],[-78.334498,38.977013],[-78.333902,38.97683],[-78.33347,38.976623],[-78.333072,38.976365],[-78.332565,38.975922],[-78.331606,38.975021],[-78.331355,38.974835],[-78.330972,38.974607],[-78.330703,38.974483],[-78.329709,38.974137],[-78.329217,38.973941],[-78.327601,38.973076],[-78.326902,38.972788],[-78.325962,38.97246],[-78.324941,38.97214],[-78.324583,38.972046],[-78.32403,38.971945],[-78.323547,38.9719],[-78.323028,38.97189],[-78.322419,38.971938],[-78.321836,38.972039],[-78.321166,38.972221],[-78.317964,38.973391],[-78.317061,38.973696],[-78.316361,38.973891],[-78.315512,38.974061],[-78.314435,38.974192],[-78.313341,38.974271],[-78.312795,38.974289],[-78.311789,38.974291],[-78.310869,38.974246],[-78.30911,38.974031],[-78.3072,38.973755],[-78.306228,38.973568],[-78.305462,38.973363],[-78.304854,38.973154],[-78.289083,38.967134],[-78.288347,38.96688],[-78.287726,38.966702],[-78.286643,38.966466],[-78.28048,38.965394],[-78.279699,38.965198],[-78.279126,38.964994],[-78.278726,38.964823],[-78.278235,38.964573],[-78.277841,38.964327],[-78.277303,38.963936],[-78.273797,38.96097],[-78.273387,38.960662],[-78.272801,38.9603],[-78.272184,38.960003],[-78.271573,38.959773],[-78.270941,38.959587],[-78.270474,38.959483],[-78.269809,38.95939],[-78.263189,38.958831],[-78.26238,38.958729],[-78.261915,38.958623],[-78.261483,38.958478],[-78.258056,38.956993],[-78.257864,38.956877],[-78.256855,38.956042],[-78.256485,38.955841],[-78.255931,38.955627],[-78.25503,38.95542],[-78.254622,38.955366],[-78.254265,38.955345],[-78.25364,38.955354],[-78.251614,38.955444],[-78.251103,38.955503],[-78.250383,38.955674],[-78.247166,38.956598],[-78.246514,38.956749],[-78.245923,38.956826],[-78.241036,38.957199],[-78.240394,38.957205],[-78.239743,38.957118],[-78.239322,38.957012],[-78.238894,38.956841],[-78.238554,38.956658],[-78.238308,38.956486],[-78.237913,38.956145],[-78.234797,38.95316],[-78.234184,38.952679],[-78.232279,38.951376],[-78.231857,38.951165],[-78.231301,38.950934],[-78.226093,38.948921],[-78.225547,38.948763],[-78.22501,38.948672],[-78.21944,38.948167],[-78.219056,38.948159],[-78.21828,38.948204],[-78.216045,38.948479],[-78.21548,38.948464],[-78.215109,38.948779],[-78.213438,38.95084],[-78.213796,38.950932],[-78.212295,38.953093],[-78.211893,38.952978],[-78.211495,38.953465],[-78.206331,38.952182],[-78.201693,38.950495],[-78.201829,38.953407],[-78.201892,38.953854],[-78.202186,38.954189],[-78.202171,38.955815],[-78.201089,38.955434],[-78.200666,38.955865],[-78.200271,38.956028],[-78.199265,38.957696],[-78.198306,38.957353],[-78.198379,38.957228],[-78.197649,38.956967],[-78.197384,38.9572],[-78.19721,38.957531],[-78.196958,38.957795],[-78.196491,38.958642],[-78.195883,38.959668],[-78.195661,38.960118],[-78.195907,38.960669],[-78.196213,38.960782],[-78.196552,38.961452],[-78.196339,38.962231],[-78.196015,38.962043],[-78.194234,38.960232],[-78.194357,38.960093],[-78.194244,38.960051],[-78.19426,38.959792],[-78.197084,38.957264],[-78.198865,38.955925],[-78.198685,38.955782],[-78.199213,38.95526],[-78.199433,38.955373],[-78.199746,38.954986],[-78.200014,38.954529],[-78.200254,38.954535],[-78.200251,38.954613],[-78.200365,38.954577],[-78.200536,38.953969],[-78.200825,38.95361],[-78.200804,38.953215],[-78.200861,38.952809],[-78.200862,38.952595],[-78.200317,38.952373],[-78.200234,38.951733],[-78.200028,38.951464],[-78.199882,38.948329],[-78.199831,38.947983],[-78.199861,38.947884],[-78.199861,38.947711],[-78.19994,38.947731],[-78.200081,38.947218],[-78.200303,38.946688],[-78.199926,38.946252],[-78.199884,38.945363],[-78.199731,38.945093],[-78.199496,38.940059],[-78.199217,38.940098],[-78.19945,38.945101],[-78.199322,38.945379],[-78.199364,38.946268],[-78.19906,38.946621],[-78.19929,38.947104],[-78.19942,38.947124],[-78.199493,38.947974],[-78.199166,38.947891],[-78.199506,38.948191],[-78.199529,38.948694],[-78.199471,38.948695],[-78.199477,38.94883],[-78.199065,38.948647],[-78.199107,38.949554],[-78.194805,38.947988],[-78.194727,38.94796],[-78.194577,38.947894],[-78.193692,38.947504],[-78.190975,38.945548],[-78.189853,38.944927],[-78.188059,38.944523],[-78.187987,38.944799],[-78.187877,38.946208],[-78.187964,38.94687],[-78.188059,38.94732],[-78.18934,38.949655],[-78.189669,38.950455],[-78.189763,38.950987],[-78.189781,38.951316],[-78.189832,38.951425],[-78.189751,38.95226],[-78.189634,38.952802],[-78.189409,38.953316],[-78.188905,38.954],[-78.188469,38.95442],[-78.188273,38.95451],[-78.187485,38.955058],[-78.186049,38.95572],[-78.185108,38.956659],[-78.184994,38.957205],[-78.185081,38.959857],[-78.184902,38.960678],[-78.184311,38.9615],[-78.182759,38.962829],[-78.181311,38.963565],[-78.179848,38.964455],[-78.178818,38.965407],[-78.176568,38.967702],[-78.174528,38.970258],[-78.173743,38.971494],[-78.173537,38.97193],[-78.171852,38.976686],[-78.168511,38.983489],[-78.16731,38.984829],[-78.162206,38.988681],[-78.151291,38.997254],[-78.147604,39.000121],[-78.138334,39.007767],[-78.136963,39.009565],[-78.131071,39.018773],[-78.126073,39.025365],[-78.125991,39.025478],[-78.134671,39.029223],[-78.151317,39.036497],[-78.151563,39.036606],[-78.152026,39.03584],[-78.152541,39.034901],[-78.153046,39.033884],[-78.153378,39.032114],[-78.153415,39.031785],[-78.153472,39.031619],[-78.153783,39.031415],[-78.154992,39.030374],[-78.155893,39.02974],[-78.156381,39.029233],[-78.156838,39.028669],[-78.158407,39.026556],[-78.159339,39.02537],[-78.161414,39.022773],[-78.16226,39.021764],[-78.162863,39.019896],[-78.163752,39.017997],[-78.163936,39.017985],[-78.168709,39.017664],[-78.16898,39.017646],[-78.177154,39.017138],[-78.177149,39.017152],[-78.177139,39.017179],[-78.179963,39.018174],[-78.183229,39.019365],[-78.183645,39.019429],[-78.18563,39.020119],[-78.186137,39.019146],[-78.186324,39.01862],[-78.186237,39.018563],[-78.18559,39.018345],[-78.185313,39.018178],[-78.185377,39.017999],[-78.185572,39.01769],[-78.185671,39.017426],[-78.185878,39.016816],[-78.185856,39.016605],[-78.187478,39.016507],[-78.195563,39.016016],[-78.202358,39.015578],[-78.206522,39.015296],[-78.209135,39.015084],[-78.213012,39.01481],[-78.228902,39.013646],[-78.234479,39.013222],[-78.246193,39.01238],[-78.249569,39.01211],[-78.302021,39.008814],[-78.313961,39.008063],[-78.31408,39.007994],[-78.314174,39.007976],[-78.314439,39.007886],[-78.315051,39.007583],[-78.315243,39.007475],[-78.315507,39.007252],[-78.315657,39.007143],[-78.315842,39.007041],[-78.316602,39.006751],[-78.317548,39.006459],[-78.31815,39.006335],[-78.318759,39.00627],[-78.319238,39.00613],[-78.319867,39.005819],[-78.320183,39.005608],[-78.320577,39.005272],[-78.321354,39.004539],[-78.321792,39.004003],[-78.321997,39.003534],[-78.3221,39.003164],[-78.322173,39.002971],[-78.322499,39.002537],[-78.322664,39.002386],[-78.32407,39.000679],[-78.324351,39.000449],[-78.324885,39.000128],[-78.325322,38.999951],[-78.325802,38.999849],[-78.326525,38.999854],[-78.327131,38.999931],[-78.32779,39.000208],[-78.32884,39.000882],[-78.329387,39.00114],[-78.330667,39.001452],[-78.331263,39.001491],[-78.331646,39.001461],[-78.331966,39.001299],[-78.332282,39.001046],[-78.333171,39.000526],[-78.333502,39.000027],[-78.333474,38.99955],[-78.333398,38.999355],[-78.333126,38.998987],[-78.332613,38.998562],[-78.332163,38.998236],[-78.331998,38.99804],[-78.331849,38.997771],[-78.331375,38.997282],[-78.330896,38.996885],[-78.329642,38.995968],[-78.328916,38.995384],[-78.328479,38.994756],[-78.328395,38.994363],[-78.328458,38.994223],[-78.328638,38.994091],[-78.328963,38.993974],[-78.329638,38.99379],[-78.32992,38.993547],[-78.329893,38.993158],[-78.329496,38.992455],[-78.329211,38.992062],[-78.32851,38.991303],[-78.327904,38.990881],[-78.327616,38.990708],[-78.327385,38.99061],[-78.32674,38.990399],[-78.325499,38.990049],[-78.325025,38.98978],[-78.324003,38.989088],[-78.323262,38.988519],[-78.322385,38.987575],[-78.321987,38.987219],[-78.321266,38.986819],[-78.318832,38.985611],[-78.317869,38.984823],[-78.316778,38.983735],[-78.316502,38.983509],[-78.316357,38.983325],[-78.318056,38.982192],[-78.319158,38.981348],[-78.319211,38.98126],[-78.319249,38.981107],[-78.319303,38.980574],[-78.319288,38.980185],[-78.319161,38.979738],[-78.31916,38.979733],[-78.318986,38.979335],[-78.318888,38.978942],[-78.318858,38.978163],[-78.318988,38.977799],[-78.31915,38.977436],[-78.319316,38.977233],[-78.319646,38.976902],[-78.32025,38.976379],[-78.320429,38.976197],[-78.320553,38.976016],[-78.320677,38.975791],[-78.32076,38.975492],[-78.320871,38.974775],[-78.320913,38.974647],[-78.321051,38.974465],[-78.321318,38.974224],[-78.321547,38.974087],[-78.321922,38.97399],[-78.322339,38.973934],[-78.322703,38.973926],[-78.323098,38.973959],[-78.323441,38.974049],[-78.323743,38.974171],[-78.324584,38.974854],[-78.32548,38.975687],[-78.326599,38.976621],[-78.327518,38.977438],[-78.331174,38.980341],[-78.331633,38.980656],[-78.332179,38.980948],[-78.3335,38.981522],[-78.334061,38.981668],[-78.334592,38.98177],[-78.335304,38.981873],[-78.335672,38.981899],[-78.336088,38.981849],[-78.336856,38.981613],[-78.337321,38.981414],[-78.338491,38.980655],[-78.338699,38.980418],[-78.33886,38.980169],[-78.338956,38.979944],[-78.338957,38.979682],[-78.338894,38.979372],[-78.338894,38.97937],[-78.338738,38.979003],[-78.338431,38.978645],[-78.337585,38.977821],[-78.336647,38.976934]]]},"properties":{"UNIQUE_ID":"Warren County-:-302 - Riverton","COUNTYFP":"187","locality":"Warren County","precinct":"302 - Riverton","dem24":657,"rep24":1824}},
{"type":"Feature","geometry":{"type":"Polygon","coordinates":[[[-78.130004,38.937492],[-78.129231,38.937875],[-78.128774,38.938153],[-78.128397,38.938482],[-78.128071,38.938937],[-78.12793,38.939276],[-78.127866,38.939517],[-78.127552,38.941222],[-78.127408,38.941675],[-78.127266,38.942012],[-78.126178,38.944294],[-78.123561,38.949507],[-78.123045,38.950386],[-78.12293,38.950652],[-78.12283,38.950983],[-78.122688,38.951917],[-78.12251,38.953687],[-78.122543,38.953976],[-78.12284,38.954991],[-78.120775,38.955452],[-78.120257,38.955526],[-78.119766,38.955513],[-78.117861,38.955274],[-78.117012,38.955277],[-78.116661,38.955312],[-78.116333,38.955368],[-78.114995,38.9557],[-78.113929,38.956157],[-78.113664,38.95623],[-78.112032,38.956195],[-78.111263,38.956395],[-78.110698,38.956488],[-78.110387,38.956486],[-78.109531,38.956421],[-78.109057,38.95636],[-78.108869,38.956273],[-78.108596,38.956009],[-78.108329,38.955845],[-78.107923,38.955704],[-78.107339,38.955593],[-78.106742,38.95555],[-78.104963,38.955484],[-78.104249,38.955515],[-78.10298,38.955622],[-78.102164,38.95574],[-78.101717,38.955834],[-78.099132,38.956491],[-78.098679,38.95662],[-78.095484,38.957668],[-78.094587,38.958051],[-78.092584,38.958982],[-78.092089,38.959259],[-78.091528,38.959692],[-78.09122,38.959955],[-78.090944,38.960249],[-78.089889,38.961917],[-78.089609,38.962282],[-78.089245,38.962619],[-78.088232,38.963353],[-78.087763,38.963736],[-78.085723,38.965712],[-78.085103,38.9664],[-78.084713,38.966892],[-78.084276,38.967521],[-78.083907,38.968164],[-78.083706,38.968653],[-78.083485,38.969668],[-78.083482,38.970136],[-78.083577,38.970874],[-78.083588,38.97116],[-78.083554,38.971499],[-78.083477,38.971732],[-78.083304,38.972017],[-78.083047,38.972288],[-78.08236,38.972798],[-78.082159,38.972977],[-78.081939,38.973258],[-78.081694,38.973709],[-78.081241,38.973928],[-78.080931,38.974043],[-78.080763,38.974076],[-78.079905,38.97412],[-78.079729,38.974158],[-78.079588,38.974219],[-78.079152,38.974559],[-78.079019,38.974619],[-78.078857,38.974647],[-78.078288,38.974565],[-78.077929,38.974543],[-78.077514,38.974427],[-78.076614,38.97412],[-78.075918,38.973961],[-78.075636,38.973983],[-78.075222,38.974104],[-78.074793,38.974285],[-78.074638,38.974329],[-78.074568,38.974307],[-78.074469,38.97423],[-78.074293,38.974181],[-78.074132,38.97417],[-78.073646,38.973989],[-78.073189,38.974027],[-78.07295,38.974104],[-78.072662,38.97429],[-78.072486,38.974307],[-78.071938,38.974126],[-78.071889,38.974087],[-78.071804,38.973467],[-78.071713,38.973302],[-78.071614,38.973231],[-78.07146,38.973165],[-78.071199,38.973143],[-78.071192,38.973121],[-78.071052,38.973056],[-78.070967,38.972973],[-78.070897,38.972825],[-78.070932,38.971947],[-78.070728,38.971639],[-78.070433,38.971294],[-78.069969,38.970915],[-78.069287,38.970602],[-78.068844,38.970382],[-78.068759,38.970317],[-78.068598,38.969866],[-78.068626,38.968994],[-78.068464,38.968571],[-78.068436,38.968176],[-78.068555,38.967847],[-78.06857,38.967616],[-78.068485,38.96721],[-78.068408,38.967007],[-78.068197,38.966633],[-78.068014,38.966376],[-78.067663,38.96598],[-78.067543,38.96581],[-78.067276,38.965591],[-78.067079,38.965497],[-78.066692,38.965404],[-78.066081,38.965151],[-78.065504,38.964817],[-78.065223,38.964603],[-78.065103,38.964399],[-78.06511,38.96412],[-78.065202,38.963944],[-78.065511,38.963505],[-78.06594,38.963066],[-78.06613,38.962747],[-78.066706,38.962264],[-78.066791,38.962138],[-78.066833,38.961984],[-78.06684,38.961759],[-78.066615,38.961271],[-78.066615,38.961128],[-78.066692,38.961018],[-78.066959,38.960755],[-78.068141,38.959245],[-78.068253,38.958982],[-78.068288,38.958801],[-78.068295,38.958488],[-78.068387,38.95812],[-78.068499,38.957818],[-78.068478,38.957286],[-78.068499,38.957149],[-78.068752,38.956775],[-78.0689,38.956605],[-78.068907,38.956452],[-78.068745,38.956029],[-78.068591,38.955798],[-78.068253,38.955535],[-78.068183,38.955447],[-78.068049,38.955101],[-78.067951,38.954728],[-78.067923,38.953597],[-78.067965,38.953076],[-78.068169,38.952291],[-78.068148,38.951649],[-78.068,38.951253],[-78.067923,38.9511],[-78.067705,38.950864],[-78.067466,38.950661],[-78.067346,38.950595],[-78.066657,38.950337],[-78.066306,38.950244],[-78.065975,38.950046],[-78.065406,38.949535],[-78.065273,38.949376],[-78.065188,38.949168],[-78.065076,38.948515],[-78.065069,38.947944],[-78.065181,38.947318],[-78.065216,38.94689],[-78.065308,38.946538],[-78.065483,38.945529],[-78.065498,38.945408],[-78.065469,38.94521],[-78.065976,38.94392],[-78.065983,38.94375],[-78.066172,38.943393],[-78.06639,38.943064],[-78.066503,38.942669],[-78.066573,38.942515],[-78.066601,38.941769],[-78.066692,38.941148],[-78.066784,38.940901],[-78.06684,38.940495],[-78.06684,38.940193],[-78.066784,38.939941],[-78.066777,38.939699],[-78.066805,38.939573],[-78.067065,38.939085],[-78.067228,38.938578],[-78.06709,38.938586],[-78.066488,38.938808],[-78.066328,38.938839],[-78.06627,38.939033],[-78.065496,38.940753],[-78.06529,38.941068],[-78.065029,38.941416],[-78.064506,38.942033],[-78.064322,38.942219],[-78.063988,38.942448],[-78.063857,38.942567],[-78.063658,38.942819],[-78.0636,38.94297],[-78.063294,38.942924],[-78.063101,38.942859],[-78.062414,38.942546],[-78.061877,38.942218],[-78.061093,38.941934],[-78.060805,38.941791],[-78.061066,38.941308],[-78.06134,38.940144],[-78.06132,38.939836],[-78.061018,38.938619],[-78.060909,38.938298],[-78.060897,38.938057],[-78.060977,38.937678],[-78.060935,38.937509],[-78.060703,38.937146],[-78.060603,38.937061],[-78.060421,38.936983],[-78.06019,38.936946],[-78.060052,38.936952],[-78.05984,38.937001],[-78.059581,38.937109],[-78.059464,38.93712],[-78.059014,38.936961],[-78.058149,38.936786],[-78.057791,38.936687],[-78.057706,38.936602],[-78.057661,38.936505],[-78.057666,38.936419],[-78.057519,38.93599],[-78.057359,38.935331],[-78.057269,38.934774],[-78.057844,38.934369],[-78.058118,38.934097],[-78.058405,38.9337],[-78.059097,38.932593],[-78.059087,38.932594],[-78.058843,38.93262],[-78.055709,38.932955],[-78.053198,38.93396],[-78.053153,38.933978],[-78.052791,38.934353],[-78.051517,38.935673],[-78.051143,38.935723],[-78.050755,38.935775],[-78.049995,38.935926],[-78.046371,38.936884],[-78.045778,38.937116],[-78.045406,38.937232],[-78.044596,38.937426],[-78.044009,38.937536],[-78.043669,38.937622],[-78.04335,38.937748],[-78.042717,38.938078],[-78.04249,38.93808],[-78.041662,38.938094],[-78.041576,38.938096],[-78.041542,38.938126],[-78.039556,38.93983],[-78.039042,38.941436],[-78.039068,38.942223],[-78.039068,38.942304],[-78.03907,38.943109],[-78.038729,38.943307],[-78.038443,38.943473],[-78.038233,38.943923],[-78.037556,38.94598],[-78.03727,38.94654],[-78.036926,38.947214],[-78.035727,38.947854],[-78.035088,38.948195],[-78.035011,38.948827],[-78.034993,38.948979],[-78.034637,38.949822],[-78.032437,38.950696],[-78.031635,38.950569],[-78.031616,38.950566],[-78.030745,38.950425],[-78.030432,38.950378],[-78.030012,38.950314],[-78.029029,38.950165],[-78.029013,38.950163],[-78.028987,38.950159],[-78.028969,38.950197],[-78.028531,38.951167],[-78.027791,38.951733],[-78.027381,38.952077],[-78.027298,38.952903],[-78.026978,38.953672],[-78.02727,38.954331],[-78.026705,38.95575],[-78.025746,38.95612],[-78.025213,38.956265],[-78.024868,38.956076],[-78.024634,38.956651],[-78.024066,38.956751],[-78.024042,38.956755],[-78.024024,38.956781],[-78.02384,38.957052],[-78.023782,38.957137],[-78.023376,38.957731],[-78.02335,38.957897],[-78.023215,38.958616],[-78.022741,38.959017],[-78.022532,38.959183],[-78.02243,38.959264],[-78.022071,38.959547],[-78.021976,38.95978],[-78.021515,38.960897],[-78.021256,38.961117],[-78.02085,38.961462],[-78.020639,38.961852],[-78.020424,38.962704],[-78.019935,38.964123],[-78.018163,38.964811],[-78.017882,38.965141],[-78.017149,38.966124],[-78.017462,38.96922],[-78.017166,38.970565],[-78.017029,38.971189],[-78.014485,38.971566],[-78.014006,38.972254],[-78.012885,38.972704],[-78.011958,38.973404],[-78.011773,38.973544],[-78.011016,38.974075],[-78.010883,38.974164],[-78.010501,38.974417],[-78.009573,38.97517],[-78.008937,38.975798],[-78.008091,38.976634],[-78.0069,38.977443],[-78.006793,38.9777],[-78.006596,38.978179],[-78.005715,38.978862],[-78.005609,38.978977],[-78.005498,38.979098],[-78.004834,38.979289],[-78.004643,38.979343],[-78.004313,38.979438],[-78.004321,38.979444],[-78.027881,38.996607],[-78.034664,39.001548],[-78.034388,39.001673],[-78.033877,39.001906],[-78.034743,39.003133],[-78.034795,39.003207],[-78.034871,39.003314],[-78.03503,39.003233],[-78.035539,39.002808],[-78.035745,39.002712],[-78.03627,39.002469],[-78.03642,39.002568],[-78.036745,39.002423],[-78.037819,39.003129],[-78.037597,39.003403],[-78.0376,39.003406],[-78.039462,39.005053],[-78.039516,39.004976],[-78.039763,39.005141],[-78.040041,39.005324],[-78.040101,39.005356],[-78.041037,39.005946],[-78.040978,39.006181],[-78.041136,39.006313],[-78.043546,39.007858],[-78.043576,39.007877],[-78.042574,39.008872],[-78.042555,39.008902],[-78.042617,39.008936],[-78.042724,39.008996],[-78.04605,39.011614],[-78.046134,39.011682],[-78.046165,39.011752],[-78.046176,39.011779],[-78.04556,39.012158],[-78.045163,39.012407],[-78.044752,39.012681],[-78.044555,39.012819],[-78.044458,39.012888],[-78.044448,39.012894],[-78.044584,39.012992],[-78.044823,39.013139],[-78.045096,39.013369],[-78.04535,39.013233],[-78.04586,39.012835],[-78.046958,39.012251],[-78.047711,39.011619],[-78.052559,39.014128],[-78.05326,39.014463],[-78.056321,39.015933],[-78.056163,39.017334],[-78.055934,39.019373],[-78.055992,39.019369],[-78.058079,39.019237],[-78.058195,39.01923],[-78.058201,39.019217],[-78.058353,39.018851],[-78.05837,39.018653],[-78.058517,39.017973],[-78.059478,39.013966],[-78.059684,39.012563],[-78.059216,39.010887],[-78.058879,39.007936],[-78.058911,39.00637],[-78.059317,39.004642],[-78.05936,39.003439],[-78.059003,39.002137],[-78.058799,39.001933],[-78.058525,39.001514],[-78.058576,39.000877],[-78.058716,38.999994],[-78.0592,38.999294],[-78.06036,38.998462],[-78.061458,38.997744],[-78.064456,38.99571],[-78.068201,38.993629],[-78.070528,38.992686],[-78.071064,38.992357],[-78.072045,38.992113],[-78.076414,38.991472],[-78.078095,38.991435],[-78.080015,38.991302],[-78.081011,38.991447],[-78.081338,38.991277],[-78.081814,38.991274],[-78.082317,38.991347],[-78.082584,38.991208],[-78.083158,38.9912],[-78.085002,38.990742],[-78.086108,38.98959],[-78.087264,38.988255],[-78.087764,38.98683],[-78.08767,38.985047],[-78.087728,38.984171],[-78.088406,38.981841],[-78.088639,38.980835],[-78.088424,38.979752],[-78.088067,38.978641],[-78.086382,38.976102],[-78.085244,38.973739],[-78.084607,38.971446],[-78.084865,38.96974],[-78.086893,38.96734],[-78.08999,38.963743],[-78.091431,38.962744],[-78.091786,38.962457],[-78.092405,38.962118],[-78.092788,38.961856],[-78.094108,38.96111],[-78.095477,38.960555],[-78.098894,38.959863],[-78.100629,38.959633],[-78.102842,38.958926],[-78.102936,38.958922],[-78.104394,38.958142],[-78.104872,38.958019],[-78.106709,38.957426],[-78.109657,38.95705],[-78.112178,38.957015],[-78.112304,38.957033],[-78.11235,38.957012],[-78.113166,38.957001],[-78.114798,38.957172],[-78.119444,38.957985],[-78.121247,38.958273],[-78.123677,38.958444],[-78.124249,38.958667],[-78.125307,38.958998],[-78.127981,38.95989],[-78.130596,38.960953],[-78.130745,38.960987],[-78.130788,38.961031],[-78.131797,38.961451],[-78.13274,38.962286],[-78.137936,38.965482],[-78.138933,38.966256],[-78.141631,38.967676],[-78.143727,38.969259],[-78.145704,38.969995],[-78.150153,38.970481],[-78.152993,38.970204],[-78.156148,38.969464],[-78.156502,38.969363],[-78.157326,38.969055],[-78.157358,38.969021],[-78.157784,38.968884],[-78.158348,38.96799],[-78.158574,38.967138],[-78.158357,38.965959],[-78.157199,38.96477],[-78.15435,38.962667],[-78.151284,38.960821],[-78.149058,38.958493],[-78.148448,38.95704],[-78.148128,38.956027],[-78.147955,38.955569],[-78.148361,38.95435],[-78.14841,38.954279],[-78.14888,38.95308],[-78.151276,38.952224],[-78.15398,38.952631],[-78.158292,38.954638],[-78.160436,38.955557],[-78.162328,38.95612],[-78.165068,38.957339],[-78.170943,38.960537],[-78.171992,38.961177],[-78.172633,38.961521],[-78.175224,38.962571],[-78.178124,38.96313],[-78.179912,38.962906],[-78.181391,38.961515],[-78.181563,38.960228],[-78.181344,38.958531],[-78.181514,38.957298],[-78.182313,38.956548],[-78.183208,38.955978],[-78.184629,38.955389],[-78.185057,38.955155],[-78.186419,38.954573],[-78.187658,38.953911],[-78.188493,38.952716],[-78.188479,38.951391],[-78.187627,38.949728],[-78.186482,38.948262],[-78.186267,38.947939],[-78.185843,38.946688],[-78.186164,38.945712],[-78.187327,38.94454],[-78.187566,38.944424],[-78.188047,38.94452],[-78.187324,38.944357],[-78.187488,38.943767],[-78.18815,38.943396],[-78.188023,38.942929],[-78.187591,38.942494],[-78.187493,38.94222],[-78.187376,38.942223],[-78.18614,38.942438],[-78.185432,38.942313],[-78.182315,38.943739],[-78.181886,38.947008],[-78.182326,38.94723],[-78.181212,38.950163],[-78.18063,38.951356],[-78.176428,38.950732],[-78.176427,38.950757],[-78.175699,38.950675],[-78.175531,38.950766],[-78.174923,38.950827],[-78.174584,38.950758],[-78.175306,38.948767],[-78.175213,38.948398],[-78.173138,38.948001],[-78.168821,38.947374],[-78.168764,38.946907],[-78.168832,38.946833],[-78.168871,38.946721],[-78.168904,38.945768],[-78.162245,38.94505],[-78.163348,38.942107],[-78.166406,38.941862],[-78.166826,38.938877],[-78.165723,38.938726],[-78.163162,38.940941],[-78.150959,38.938453],[-78.151377,38.937486],[-78.143771,38.936329],[-78.143068,38.933567],[-78.142809,38.933391],[-78.141525,38.933934],[-78.140859,38.934166],[-78.140295,38.934322],[-78.139945,38.934374],[-78.139355,38.934371],[-78.139032,38.934392],[-78.136452,38.934845],[-78.136281,38.93489],[-78.135798,38.935077],[-78.135153,38.935178],[-78.134381,38.935377],[-78.133485,38.935768],[-78.130004,38.937492]]]},"properties":{"UNIQUE_ID":"Warren County-:-401 - East Shenandoah","COUNTYFP":"187","locality":"Warren County","precinct":"401 - East Shenandoah","dem24":860,"rep24":2287}},
{"type":"Feature","geometry":{"type":"Polygon","coordinates":[[[-78.058654,39.019187],[-78.058737,39.019171],[-78.059914,39.018979],[-78.096992,39.012923],[-78.125991,39.025478],[-78.126073,39.025365],[-78.131071,39.018773],[-78.136963,39.009565],[-78.138334,39.007767],[-78.147604,39.000121],[-78.151291,38.997254],[-78.162206,38.988681],[-78.16731,38.984829],[-78.168511,38.983489],[-78.171852,38.976686],[-78.173537,38.97193],[-78.173743,38.971494],[-78.174528,38.970258],[-78.176568,38.967702],[-78.178818,38.965407],[-78.179848,38.964455],[-78.181311,38.963565],[-78.182759,38.962829],[-78.184311,38.9615],[-78.184902,38.960678],[-78.185081,38.959857],[-78.184994,38.957205],[-78.185108,38.956659],[-78.186049,38.95572],[-78.187485,38.955058],[-78.188273,38.95451],[-78.188469,38.95442],[-78.188905,38.954],[-78.189409,38.953316],[-78.189634,38.952802],[-78.189751,38.95226],[-78.189832,38.951425],[-78.189781,38.951316],[-78.189763,38.950987],[-78.189669,38.950455],[-78.18934,38.949655],[-78.188059,38.94732],[-78.187964,38.94687],[-78.187877,38.946208],[-78.187987,38.944799],[-78.188059,38.944523],[-78.188148,38.94414],[-78.188607,38.942953],[-78.188806,38.942592],[-78.189096,38.942301],[-78.18841,38.941541],[-78.187547,38.940525],[-78.187096,38.939784],[-78.186828,38.939091],[-78.18695,38.938291],[-78.187476,38.937079],[-78.187686,38.935677],[-78.187631,38.934521],[-78.18716,38.933145],[-78.186788,38.932547],[-78.185992,38.931383],[-78.184892,38.930343],[-78.18522,38.929962],[-78.185262,38.92982],[-78.185115,38.926566],[-78.184961,38.923307],[-78.186899,38.923336],[-78.187032,38.923323],[-78.187081,38.923286],[-78.187127,38.922904],[-78.187165,38.921263],[-78.187072,38.920631],[-78.18708,38.920274],[-78.187144,38.91977],[-78.187242,38.919392],[-78.187349,38.919208],[-78.187492,38.919082],[-78.187937,38.918815],[-78.18757,38.91859],[-78.187418,38.918426],[-78.186621,38.917283],[-78.185924,38.916244],[-78.18472,38.916391],[-78.183832,38.916593],[-78.18259,38.91696],[-78.180686,38.917569],[-78.179592,38.918021],[-78.179232,38.918255],[-78.178933,38.918522],[-78.178118,38.919505],[-78.177803,38.919726],[-78.177554,38.919825],[-78.177936,38.920102],[-78.17826,38.920462],[-78.176523,38.921045],[-78.176217,38.921167],[-78.176043,38.921269],[-78.17596,38.921386],[-78.175938,38.921547],[-78.175961,38.92165],[-78.176035,38.921761],[-78.176131,38.921835],[-78.17626,38.921889],[-78.176405,38.921907],[-78.176704,38.921858],[-78.176928,38.922357],[-78.176995,38.92257],[-78.177146,38.923431],[-78.178726,38.923212],[-78.180161,38.923071],[-78.181813,38.922817],[-78.181881,38.923095],[-78.182052,38.923288],[-78.182189,38.923418],[-78.182623,38.923654],[-78.181515,38.925275],[-78.181117,38.925707],[-78.180765,38.926213],[-78.180524,38.926409],[-78.180269,38.926506],[-78.179576,38.92666],[-78.179498,38.926724],[-78.178427,38.926778],[-78.176745,38.927047],[-78.175432,38.927343],[-78.174146,38.927564],[-78.170762,38.928274],[-78.168758,38.928664],[-78.167862,38.928827],[-78.1668,38.928925],[-78.16631,38.928993],[-78.165325,38.929256],[-78.164143,38.92951],[-78.163503,38.929634],[-78.162792,38.929723],[-78.162295,38.929729],[-78.161608,38.929646],[-78.161016,38.929521],[-78.160465,38.929335],[-78.160146,38.929206],[-78.159654,38.928965],[-78.158697,38.928457],[-78.158374,38.928276],[-78.157809,38.927824],[-78.157539,38.927664],[-78.157253,38.927551],[-78.156831,38.927509],[-78.156366,38.927521],[-78.155426,38.927674],[-78.154054,38.927751],[-78.153112,38.927865],[-78.152745,38.927966],[-78.15179,38.928345],[-78.1509,38.928773],[-78.143835,38.93285],[-78.143258,38.933145],[-78.142765,38.93336],[-78.142809,38.933391],[-78.143068,38.933567],[-78.143771,38.936329],[-78.151377,38.937486],[-78.150959,38.938453],[-78.163162,38.940941],[-78.165723,38.938726],[-78.166826,38.938877],[-78.166406,38.941862],[-78.163348,38.942107],[-78.162245,38.94505],[-78.168904,38.945768],[-78.168871,38.946721],[-78.168832,38.946833],[-78.168764,38.946907],[-78.168821,38.947374],[-78.173138,38.948001],[-78.175213,38.948398],[-78.175306,38.948767],[-78.174584,38.950758],[-78.174923,38.950827],[-78.175531,38.950766],[-78.175699,38.950675],[-78.176427,38.950757],[-78.176428,38.950732],[-78.18063,38.951356],[-78.181212,38.950163],[-78.182326,38.94723],[-78.181886,38.947008],[-78.182315,38.943739],[-78.185432,38.942313],[-78.18614,38.942438],[-78.187376,38.942223],[-78.187493,38.94222],[-78.187591,38.942494],[-78.188023,38.942929],[-78.18815,38.943396],[-78.187488,38.943767],[-78.187324,38.944357],[-78.188047,38.94452],[-78.187566,38.944424],[-78.187327,38.94454],[-78.186164,38.945712],[-78.185843,38.946688],[-78.186267,38.947939],[-78.186482,38.948262],[-78.187627,38.949728],[-78.188479,38.951391],[-78.188493,38.952716],[-78.187658,38.953911],[-78.186419,38.954573],[-78.185057,38.955155],[-78.184629,38.955389],[-78.183208,38.955978],[-78.182313,38.956548],[-78.181514,38.957298],[-78.181344,38.958531],[-78.181563,38.960228],[-78.181391,38.961515],[-78.179912,38.962906],[-78.178124,38.96313],[-78.175224,38.962571],[-78.172633,38.961521],[-78.171992,38.961177],[-78.170943,38.960537],[-78.165068,38.957339],[-78.162328,38.95612],[-78.160436,38.955557],[-78.158292,38.954638],[-78.15398,38.952631],[-78.151276,38.952224],[-78.14888,38.95308],[-78.14841,38.954279],[-78.148361,38.95435],[-78.147955,38.955569],[-78.148128,38.956027],[-78.148448,38.95704],[-78.149058,38.958493],[-78.151284,38.960821],[-78.15435,38.962667],[-78.157199,38.96477],[-78.158357,38.965959],[-78.158574,38.967138],[-78.158348,38.96799],[-78.157784,38.968884],[-78.157358,38.969021],[-78.157326,38.969055],[-78.156502,38.969363],[-78.156148,38.969464],[-78.152993,38.970204],[-78.150153,38.970481],[-78.145704,38.969995],[-78.143727,38.969259],[-78.141631,38.967676],[-78.138933,38.966256],[-78.137936,38.965482],[-78.13274,38.962286],[-78.131797,38.961451],[-78.130788,38.961031],[-78.130745,38.960987],[-78.130596,38.960953],[-78.127981,38.95989],[-78.125307,38.958998],[-78.124249,38.958667],[-78.123677,38.958444],[-78.121247,38.958273],[-78.119444,38.957985],[-78.114798,38.957172],[-78.113166,38.957001],[-78.11235,38.957012],[-78.112304,38.957033],[-78.112178,38.957015],[-78.109657,38.95705],[-78.106709,38.957426],[-78.104872,38.958019],[-78.104394,38.958142],[-78.102936,38.958922],[-78.102842,38.958926],[-78.100629,38.959633],[-78.098894,38.959863],[-78.095477,38.960555],[-78.094108,38.96111],[-78.092788,38.961856],[-78.092405,38.962118],[-78.091786,38.962457],[-78.091431,38.962744],[-78.08999,38.963743],[-78.086893,38.96734],[-78.084865,38.96974],[-78.084607,38.971446],[-78.085244,38.973739],[-78.086382,38.976102],[-78.088067,38.978641],[-78.088424,38.979752],[-78.088639,38.980835],[-78.088406,38.981841],[-78.087728,38.984171],[-78.08767,38.985047],[-78.087764,38.98683],[-78.087264,38.988255],[-78.086108,38.98959],[-78.085002,38.990742],[-78.083158,38.9912],[-78.082584,38.991208],[-78.082317,38.991347],[-78.081814,38.991274],[-78.081338,38.991277],[-78.081011,38.991447],[-78.080015,38.991302],[-78.078095,38.991435],[-78.076414,38.991472],[-78.072045,38.992113],[-78.071064,38.992357],[-78.070528,38.992686],[-78.068201,38.993629],[-78.064456,38.99571],[-78.061458,38.997744],[-78.06036,38.998462],[-78.0592,38.999294],[-78.058716,38.999994],[-78.058576,39.000877],[-78.058525,39.001514],[-78.058799,39.001933],[-78.059003,39.002137],[-78.05936,39.003439],[-78.059317,39.004642],[-78.058911,39.00637],[-78.058879,39.007936],[-78.059216,39.010887],[-78.059684,39.012563],[-78.059478,39.013966],[-78.058517,39.017973],[-78.05837,39.018653],[-78.058353,39.018851],[-78.058201,39.019217],[-78.058195,39.01923],[-78.058654,39.019187]]]},"properties":{"UNIQUE_ID":"Warren County-:-402 - Town - West Shenandoah","COUNTYFP":"187","locality":"Warren County","precinct":"402 - Town - West Shenandoah","dem24":452,"rep24":960}},
{"type":"Feature","geometry":{"type":"Polygon","coordinates":[[[-78.242994,38.877317],[-78.242657,38.877301],[-78.242397,38.877356],[-78.242088,38.877488],[-78.241737,38.877691],[-78.241576,38.87785],[-78.241288,38.878026],[-78.241204,38.878054],[-78.24067,38.878153],[-78.239905,38.878153],[-78.239497,38.87834],[-78.239294,38.878389],[-78.239146,38.87856],[-78.238866,38.878724],[-78.238473,38.878807],[-78.237995,38.878824],[-78.237819,38.878752],[-78.237589,38.878697],[-78.237433,38.878676],[-78.237054,38.878681],[-78.236844,38.878632],[-78.236667,38.878555],[-78.236337,38.878358],[-78.235923,38.878155],[-78.235796,38.877996],[-78.235642,38.877858],[-78.235311,38.877633],[-78.235108,38.877447],[-78.234623,38.876843],[-78.234342,38.876558],[-78.234173,38.876476],[-78.233816,38.876404],[-78.23366,38.876339],[-78.233358,38.876053],[-78.233091,38.875603],[-78.232964,38.875482],[-78.232852,38.875406],[-78.232395,38.875192],[-78.232199,38.875043],[-78.232129,38.875016],[-78.23201,38.874988],[-78.231525,38.875],[-78.23057,38.874967],[-78.229853,38.874726],[-78.229713,38.874665],[-78.229573,38.874632],[-78.229467,38.874621],[-78.229116,38.874638],[-78.229068,38.874627],[-78.228877,38.874545],[-78.228442,38.874298],[-78.22795,38.874095],[-78.227866,38.874035],[-78.227781,38.873958],[-78.227592,38.8737],[-78.227423,38.873639],[-78.227184,38.873272],[-78.226952,38.873014],[-78.22625,38.872701],[-78.225407,38.87201],[-78.224374,38.87139],[-78.224142,38.871291],[-78.223855,38.871093],[-78.223321,38.870907],[-78.222113,38.87027],[-78.222016,38.870184],[-78.221994,38.870182],[-78.221811,38.870084],[-78.221628,38.869946],[-78.221207,38.869727],[-78.22035,38.869162],[-78.220125,38.868926],[-78.21997,38.868684],[-78.219886,38.868618],[-78.219795,38.868586],[-78.219317,38.868509],[-78.219135,38.868503],[-78.218573,38.868569],[-78.218278,38.868663],[-78.217949,38.868635],[-78.217948,38.868635],[-78.217822,38.868586],[-78.217542,38.868531],[-78.217541,38.868531],[-78.217303,38.86846],[-78.217084,38.868476],[-78.216768,38.868559],[-78.216277,38.868614],[-78.215877,38.868762],[-78.215569,38.868729],[-78.215336,38.868603],[-78.215224,38.868559],[-78.215098,38.868532],[-78.214851,38.868581],[-78.214558,38.868586],[-78.21436,38.86846],[-78.214191,38.868389],[-78.214045,38.868356],[-78.213889,38.868191],[-78.213756,38.867977],[-78.213714,38.867791],[-78.213587,38.867637],[-78.213356,38.867467],[-78.21316,38.867401],[-78.213025,38.86739],[-78.212872,38.86739],[-78.21285,38.867379],[-78.212752,38.867346],[-78.212471,38.867374],[-78.212042,38.867341],[-78.211755,38.867297],[-78.211598,38.867296],[-78.210892,38.863399],[-78.211363,38.855575],[-78.21224,38.835325],[-78.211271,38.834801],[-78.208533,38.832643],[-78.202905,38.826104],[-78.203148,38.824738],[-78.205598,38.822859],[-78.205582,38.822449],[-78.205034,38.822707],[-78.20488,38.822932],[-78.204803,38.822998],[-78.20469,38.823048],[-78.204438,38.823086],[-78.204298,38.823163],[-78.204185,38.823339],[-78.204073,38.823619],[-78.203827,38.823838],[-78.20368,38.823953],[-78.203189,38.824255],[-78.202859,38.824404],[-78.20215,38.824601],[-78.201652,38.824579],[-78.201154,38.824656],[-78.200705,38.824673],[-78.200249,38.824805],[-78.200017,38.824799],[-78.199764,38.824755],[-78.199252,38.824772],[-78.198768,38.824744],[-78.198614,38.824755],[-78.198445,38.824799],[-78.198221,38.824893],[-78.197638,38.8252],[-78.197112,38.825288],[-78.196291,38.825381],[-78.195596,38.825694],[-78.195477,38.825798],[-78.1954,38.825908],[-78.195126,38.826084],[-78.194691,38.82643],[-78.194361,38.826468],[-78.194186,38.826512],[-78.193779,38.826704],[-78.193196,38.827028],[-78.192747,38.827231],[-78.192494,38.827423],[-78.19215,38.827593],[-78.191624,38.827983],[-78.191435,38.828181],[-78.191273,38.828252],[-78.190501,38.828329],[-78.190038,38.828433],[-78.189729,38.828433],[-78.189252,38.828313],[-78.188956,38.828134],[-78.188221,38.828249],[-78.188049,38.828297],[-78.187788,38.828418],[-78.18757,38.828583],[-78.187326,38.82889],[-78.187134,38.829183],[-78.186951,38.82957],[-78.186827,38.82994],[-78.186704,38.830088],[-78.18652,38.83021],[-78.186346,38.830366],[-78.185877,38.831051],[-78.185809,38.831221],[-78.185803,38.83131],[-78.185867,38.831575],[-78.185862,38.831755],[-78.185751,38.831977],[-78.185736,38.832155],[-78.185823,38.832521],[-78.185751,38.833758],[-78.185862,38.834211],[-78.185811,38.834332],[-78.185698,38.834423],[-78.185031,38.83284],[-78.184587,38.831319],[-78.184471,38.831086],[-78.184295,38.830904],[-78.184039,38.830746],[-78.183667,38.830595],[-78.182852,38.83036],[-78.182374,38.830297],[-78.181345,38.83031],[-78.180958,38.830277],[-78.180796,38.830238],[-78.180348,38.830031],[-78.177824,38.82857],[-78.177584,38.828453],[-78.177264,38.828349],[-78.177105,38.828317],[-78.176655,38.828276],[-78.175304,38.828255],[-78.174806,38.828204],[-78.173807,38.828042],[-78.173453,38.827938],[-78.173316,38.827872],[-78.173101,38.827719],[-78.172903,38.827477],[-78.172543,38.826838],[-78.172337,38.826559],[-78.171599,38.825876],[-78.171456,38.825699],[-78.171354,38.825496],[-78.171308,38.825317],[-78.171243,38.824459],[-78.171206,38.824288],[-78.171095,38.824038],[-78.170944,38.823856],[-78.170944,38.823855],[-78.170967,38.823798],[-78.170797,38.82413],[-78.169883,38.825465],[-78.169821,38.825783],[-78.169718,38.826102],[-78.169709,38.826674],[-78.16972,38.826712],[-78.169789,38.826959],[-78.169796,38.826983],[-78.169798,38.82699],[-78.169924,38.82732],[-78.170157,38.827719],[-78.170305,38.828172],[-78.170765,38.828897],[-78.170956,38.829279],[-78.170956,38.82928],[-78.170849,38.829437],[-78.170591,38.829682],[-78.170186,38.82997],[-78.169964,38.830177],[-78.169706,38.830494],[-78.169475,38.830899],[-78.169319,38.831399],[-78.169156,38.83241],[-78.168587,38.833693],[-78.167873,38.83389],[-78.16661,38.834114],[-78.166207,38.834226],[-78.165725,38.834425],[-78.165355,38.834669],[-78.165059,38.835184],[-78.164721,38.835665],[-78.164011,38.836027],[-78.163537,38.836226],[-78.163127,38.836338],[-78.162985,38.836414],[-78.162597,38.836421],[-78.160945,38.836345],[-78.160382,38.836295],[-78.160143,38.836337],[-78.15996,38.836503],[-78.159985,38.836577],[-78.160051,38.836776],[-78.160187,38.837119],[-78.160333,38.837682],[-78.160334,38.837685],[-78.160579,38.838097],[-78.160994,38.83873],[-78.161086,38.839021],[-78.160984,38.839257],[-78.160635,38.839529],[-78.159831,38.840027],[-78.159516,38.840366],[-78.159303,38.840501],[-78.159074,38.84078],[-78.158942,38.841114],[-78.158964,38.841472],[-78.15915,38.842184],[-78.159145,38.842525],[-78.158967,38.842634],[-78.158667,38.842928],[-78.157748,38.844103],[-78.157233,38.844577],[-78.156896,38.845003],[-78.156703,38.845155],[-78.156263,38.845393],[-78.15559,38.845662],[-78.153998,38.846181],[-78.153176,38.846525],[-78.152749,38.846846],[-78.152633,38.847059],[-78.152333,38.847364],[-78.151902,38.847911],[-78.151413,38.848364],[-78.152539,38.850337],[-78.152057,38.850784],[-78.152641,38.854385],[-78.149548,38.8544],[-78.142019,38.85565],[-78.142203,38.856316],[-78.142974,38.859098],[-78.140638,38.85942],[-78.140635,38.859452],[-78.1404,38.859391],[-78.13831,38.859639],[-78.138303,38.85964],[-78.137828,38.859825],[-78.135503,38.860731],[-78.135283,38.860828],[-78.135226,38.860853],[-78.135051,38.860931],[-78.132991,38.861991],[-78.131696,38.861789],[-78.131486,38.861768],[-78.131264,38.861719],[-78.130792,38.861614],[-78.130569,38.86174],[-78.130335,38.861873],[-78.129875,38.862807],[-78.130061,38.863603],[-78.130483,38.864638],[-78.130586,38.864896],[-78.130588,38.864902],[-78.130635,38.865045],[-78.130562,38.865863],[-78.130564,38.865875],[-78.130765,38.865803],[-78.130767,38.865811],[-78.131267,38.867459],[-78.131173,38.868168],[-78.131064,38.868344],[-78.130855,38.868683],[-78.130759,38.868838],[-78.130538,38.869197],[-78.130466,38.869313],[-78.13021,38.869727],[-78.130059,38.870011],[-78.12898,38.871037],[-78.128096,38.871018],[-78.127961,38.871015],[-78.127326,38.871993],[-78.126825,38.87248],[-78.126535,38.872761],[-78.126365,38.872925],[-78.126355,38.872935],[-78.125612,38.873222],[-78.125577,38.873235],[-78.125157,38.873398],[-78.120594,38.875161],[-78.120044,38.875373],[-78.118487,38.875934],[-78.118027,38.8761],[-78.117766,38.876222],[-78.117126,38.876521],[-78.114209,38.876886],[-78.1139,38.877283],[-78.112546,38.879021],[-78.1124,38.879626],[-78.112246,38.880268],[-78.11225,38.880268],[-78.112461,38.880277],[-78.113078,38.880081],[-78.115021,38.878591],[-78.116287,38.878185],[-78.116597,38.878647],[-78.117248,38.879856],[-78.117921,38.881302],[-78.118431,38.882797],[-78.118929,38.882661],[-78.122139,38.882019],[-78.122264,38.881976],[-78.123427,38.881282],[-78.124116,38.880912],[-78.124382,38.880703],[-78.124404,38.88062],[-78.124553,38.880429],[-78.12471,38.880329],[-78.124948,38.880323],[-78.125151,38.880349],[-78.125611,38.880304],[-78.12619,38.880314],[-78.126546,38.880431],[-78.126646,38.880619],[-78.126741,38.880708],[-78.12686,38.880761],[-78.127209,38.880742],[-78.127752,38.880779],[-78.127948,38.880752],[-78.128695,38.880521],[-78.129149,38.88055],[-78.130672,38.880515],[-78.132255,38.879963],[-78.132518,38.879906],[-78.133517,38.879902],[-78.13369,38.879991],[-78.133768,38.880175],[-78.133722,38.880783],[-78.133543,38.881251],[-78.133525,38.881495],[-78.133749,38.881915],[-78.133766,38.882028],[-78.133716,38.882471],[-78.133729,38.882625],[-78.133898,38.882888],[-78.133961,38.88294],[-78.134101,38.88295],[-78.134475,38.882888],[-78.134666,38.882882],[-78.135444,38.88306],[-78.135906,38.883081],[-78.136082,38.883019],[-78.1366,38.882624],[-78.136912,38.882485],[-78.137206,38.88242],[-78.1373,38.882335],[-78.137421,38.882309],[-78.137676,38.882334],[-78.137854,38.882373],[-78.138131,38.882475],[-78.138265,38.882478],[-78.138354,38.882449],[-78.138987,38.88204],[-78.139334,38.881853],[-78.139587,38.88176],[-78.139682,38.881746],[-78.13999,38.881771],[-78.140337,38.881875],[-78.140948,38.882142],[-78.141709,38.882324],[-78.14225,38.882523],[-78.142766,38.882773],[-78.143538,38.8832],[-78.144705,38.883763],[-78.14529,38.883995],[-78.146425,38.884396],[-78.147214,38.884618],[-78.147583,38.884809],[-78.148053,38.885156],[-78.148326,38.885301],[-78.148666,38.885427],[-78.149056,38.885518],[-78.149284,38.885597],[-78.149598,38.885788],[-78.14984,38.886008],[-78.150115,38.88635],[-78.150495,38.886738],[-78.150844,38.887176],[-78.151048,38.887384],[-78.151623,38.88784],[-78.152219,38.888458],[-78.152445,38.888606],[-78.153121,38.88888],[-78.153356,38.889036],[-78.153555,38.889284],[-78.153968,38.889918],[-78.154183,38.890135],[-78.154645,38.890531],[-78.155036,38.89082],[-78.155496,38.891254],[-78.155892,38.891578],[-78.156494,38.891982],[-78.156698,38.892029],[-78.156835,38.892244],[-78.157332,38.892725],[-78.15757,38.89293],[-78.15803,38.893261],[-78.158452,38.893711],[-78.158943,38.894141],[-78.159021,38.894234],[-78.159055,38.894356],[-78.159048,38.895087],[-78.159076,38.895238],[-78.159201,38.895614],[-78.159415,38.896003],[-78.159414,38.89612],[-78.159371,38.896229],[-78.158856,38.89703],[-78.158707,38.897201],[-78.158195,38.897557],[-78.157584,38.89807],[-78.157318,38.898259],[-78.156871,38.89848],[-78.155934,38.898877],[-78.155862,38.899394],[-78.15576,38.899683],[-78.154646,38.901862],[-78.154458,38.902252],[-78.154303,38.902672],[-78.154163,38.903347],[-78.154072,38.90422],[-78.154087,38.904609],[-78.154251,38.905132],[-78.154256,38.9054],[-78.15421,38.905767],[-78.153749,38.907334],[-78.153657,38.90729],[-78.153569,38.90774],[-78.153576,38.908117],[-78.153539,38.908319],[-78.153078,38.909078],[-78.154415,38.90917],[-78.158126,38.909488],[-78.15913,38.909542],[-78.159874,38.909554],[-78.160743,38.909544],[-78.16171,38.909494],[-78.166846,38.909127],[-78.16813,38.909153],[-78.171785,38.909365],[-78.173661,38.909375],[-78.176969,38.909321],[-78.177622,38.909366],[-78.178184,38.909448],[-78.184729,38.910688],[-78.184664,38.911202],[-78.184652,38.911618],[-78.184742,38.912371],[-78.185551,38.915474],[-78.185707,38.915875],[-78.185924,38.916244],[-78.186621,38.917283],[-78.187007,38.917103],[-78.187143,38.91708],[-78.187252,38.91709],[-78.190377,38.917582],[-78.192881,38.918004],[-78.193256,38.918034],[-78.193545,38.918],[-78.193542,38.916976],[-78.193608,38.914389],[-78.19423,38.912742],[-78.19457,38.911681],[-78.194806,38.911158],[-78.194932,38.910943],[-78.195287,38.910433],[-78.195594,38.91008],[-78.196021,38.90967],[-78.196292,38.909449],[-78.196585,38.909233],[-78.197343,38.908741],[-78.200604,38.909746],[-78.200819,38.90985],[-78.203122,38.911178],[-78.203287,38.911288],[-78.203884,38.911777],[-78.20449,38.912384],[-78.204647,38.912617],[-78.204839,38.91307],[-78.205276,38.913095],[-78.207826,38.913478],[-78.210144,38.913372],[-78.210216,38.91347],[-78.210112,38.913145],[-78.209925,38.912713],[-78.209894,38.912278],[-78.20996,38.911645],[-78.210181,38.910889],[-78.210384,38.910575],[-78.210576,38.910175],[-78.210936,38.909389],[-78.211056,38.909002],[-78.211792,38.907767],[-78.21424,38.904339],[-78.21459,38.903724],[-78.21486,38.903171],[-78.21529,38.902642],[-78.216464,38.901583],[-78.217842,38.900847],[-78.218726,38.900421],[-78.2196,38.90001],[-78.220001,38.899909],[-78.220322,38.899863],[-78.221283,38.89982],[-78.222967,38.899856],[-78.225617,38.900273],[-78.22737,38.900489],[-78.229571,38.900846],[-78.230724,38.9011],[-78.233735,38.901576],[-78.23628,38.902367],[-78.236447,38.902395],[-78.238298,38.903166],[-78.241158,38.904314],[-78.24122,38.904357],[-78.2413,38.904373],[-78.241934,38.904649],[-78.244032,38.905127],[-78.24492,38.905235],[-78.245062,38.905275],[-78.245193,38.905267],[-78.245749,38.905332],[-78.247639,38.905424],[-78.249724,38.905037],[-78.250555,38.904637],[-78.251324,38.904085],[-78.25198,38.903541],[-78.252598,38.902577],[-78.253146,38.901483],[-78.253247,38.900653],[-78.253131,38.899862],[-78.252943,38.89903],[-78.252579,38.898245],[-78.251971,38.897048],[-78.251399,38.89648],[-78.249724,38.895204],[-78.246096,38.893322],[-78.245588,38.892921],[-78.245101,38.892253],[-78.244696,38.891496],[-78.244342,38.890529],[-78.244184,38.889595],[-78.244162,38.888917],[-78.244263,38.888215],[-78.244467,38.887496],[-78.244796,38.887092],[-78.245342,38.886704],[-78.246075,38.886363],[-78.246952,38.886304],[-78.248319,38.88635],[-78.249725,38.886121],[-78.253334,38.886546],[-78.254849,38.8867],[-78.25709,38.886592],[-78.25901,38.886468],[-78.260633,38.886234],[-78.261667,38.885966],[-78.262467,38.885454],[-78.263311,38.884621],[-78.263784,38.883777],[-78.263953,38.883084],[-78.263969,38.882592],[-78.263805,38.881672],[-78.263472,38.880792],[-78.262768,38.879915],[-78.26243,38.879624],[-78.261838,38.879386],[-78.261331,38.87915],[-78.260223,38.878474],[-78.258722,38.877917],[-78.257745,38.877508],[-78.256678,38.876897],[-78.255754,38.876424],[-78.255497,38.876161],[-78.255385,38.876085],[-78.254966,38.875701],[-78.254642,38.87512],[-78.253921,38.872808],[-78.253808,38.872292],[-78.253545,38.871599],[-78.253544,38.871598],[-78.25334,38.871706],[-78.253045,38.871609],[-78.252747,38.871375],[-78.252616,38.871329],[-78.252291,38.871064],[-78.251893,38.870516],[-78.251105,38.869966],[-78.25066,38.869532],[-78.250702,38.869483],[-78.250528,38.868847],[-78.247856,38.871832],[-78.247416,38.8725],[-78.247118,38.873158],[-78.246971,38.873638],[-78.246899,38.87406],[-78.246518,38.880297],[-78.246086,38.879973],[-78.245685,38.879341],[-78.245404,38.879144],[-78.244955,38.878936],[-78.244779,38.87876],[-78.244428,38.878491],[-78.244182,38.878261],[-78.243943,38.878014],[-78.243739,38.87774],[-78.243591,38.877602],[-78.24331,38.877427],[-78.24317,38.877361],[-78.242994,38.877317]]]},"properties":{"UNIQUE_ID":"Warren County-:-501 - South River","COUNTYFP":"187","locality":"Warren County","precinct":"501 - South River","dem24":914,"rep24":1602}},
{"type":"Feature","geometry":{"type":"Polygon","coordinates":[[[-78.336752,38.798025],[-78.336749,38.797984],[-78.336749,38.797983],[-78.336631,38.797845],[-78.336166,38.797553],[-78.335233,38.79702],[-78.334971,38.796747],[-78.334079,38.795956],[-78.333487,38.795679],[-78.332878,38.795507],[-78.332639,38.795521],[-78.332416,38.795436],[-78.332207,38.795312],[-78.331979,38.795128],[-78.331753,38.794801],[-78.331658,38.794618],[-78.331548,38.794474],[-78.331183,38.794079],[-78.330929,38.793729],[-78.330715,38.793545],[-78.330255,38.793347],[-78.329971,38.793097],[-78.329595,38.792883],[-78.329343,38.792825],[-78.328737,38.79256],[-78.328457,38.792468],[-78.327826,38.792384],[-78.327605,38.792178],[-78.327296,38.791811],[-78.327157,38.79171],[-78.326982,38.791648],[-78.326842,38.791646],[-78.326721,38.791694],[-78.326401,38.791894],[-78.326288,38.791909],[-78.326176,38.791881],[-78.326003,38.791763],[-78.325884,38.791734],[-78.325348,38.79181],[-78.324892,38.79175],[-78.324547,38.791768],[-78.324028,38.791702],[-78.32361,38.791548],[-78.323423,38.791392],[-78.323259,38.791131],[-78.323121,38.791003],[-78.323003,38.790914],[-78.322802,38.790779],[-78.322551,38.790661],[-78.321995,38.790291],[-78.321865,38.790136],[-78.3217,38.789925],[-78.321576,38.789791],[-78.321229,38.789534],[-78.320978,38.789443],[-78.320676,38.789401],[-78.31984,38.789386],[-78.318922,38.789601],[-78.318619,38.789647],[-78.317853,38.789616],[-78.317594,38.789558],[-78.317057,38.789359],[-78.316834,38.789252],[-78.316571,38.789012],[-78.316441,38.788823],[-78.316303,38.78869],[-78.315813,38.788574],[-78.31531,38.788409],[-78.314893,38.788156],[-78.314805,38.788007],[-78.314371,38.787897],[-78.314026,38.78792],[-78.313704,38.787862],[-78.313061,38.787645],[-78.312591,38.787573],[-78.312201,38.787393],[-78.311872,38.787339],[-78.311543,38.787231],[-78.311139,38.787039],[-78.310973,38.786894],[-78.310519,38.78674],[-78.309718,38.786753],[-78.309453,38.786656],[-78.309435,38.786581],[-78.309434,38.78658],[-78.308997,38.786194],[-78.308734,38.785999],[-78.308516,38.785974],[-78.308256,38.785993],[-78.308045,38.785979],[-78.307234,38.78575],[-78.305533,38.785724],[-78.305366,38.785634],[-78.305229,38.78549],[-78.304868,38.785243],[-78.304639,38.785053],[-78.304409,38.784963],[-78.30413,38.784882],[-78.303865,38.784769],[-78.303697,38.784723],[-78.303377,38.784532],[-78.303232,38.784377],[-78.302988,38.784275],[-78.302756,38.784277],[-78.302553,38.784236],[-78.302408,38.784108],[-78.302024,38.783972],[-78.301328,38.783974],[-78.30101,38.784075],[-78.300881,38.784189],[-78.300106,38.784626],[-78.299992,38.784723],[-78.299786,38.784837],[-78.299526,38.784817],[-78.299282,38.784721],[-78.298906,38.784529],[-78.298661,38.784493],[-78.298374,38.784413],[-78.297571,38.784117],[-78.297592,38.784128],[-78.297327,38.784037],[-78.296816,38.783915],[-78.296375,38.783839],[-78.295825,38.783915],[-78.295569,38.78406],[-78.295305,38.784266],[-78.295142,38.784308],[-78.29494,38.78424],[-78.294871,38.78414],[-78.294706,38.784006],[-78.294705,38.784006],[-78.294648,38.783808],[-78.294648,38.783807],[-78.294586,38.783658],[-78.294377,38.783285],[-78.294376,38.783284],[-78.294363,38.783216],[-78.294184,38.782965],[-78.293625,38.782447],[-78.293343,38.782125],[-78.29208,38.781625],[-78.291712,38.781395],[-78.290887,38.780813],[-78.290403,38.780373],[-78.290225,38.780162],[-78.289993,38.779807],[-78.28988,38.779568],[-78.289996,38.779815],[-78.28988,38.779568],[-78.289995,38.779815],[-78.28988,38.779567],[-78.289834,38.779304],[-78.289761,38.77905],[-78.289741,38.778903],[-78.28961,38.779113],[-78.289491,38.779872],[-78.2895,38.780064],[-78.289347,38.780221],[-78.288661,38.780324],[-78.288245,38.780505],[-78.287939,38.780947],[-78.288042,38.781551],[-78.28669,38.78246],[-78.286148,38.78279],[-78.285493,38.783683],[-78.284859,38.784424],[-78.284326,38.78481],[-78.283824,38.785043],[-78.28322,38.785607],[-78.281826,38.785864],[-78.28156,38.786089],[-78.28155,38.786178],[-78.281397,38.786572],[-78.281059,38.786878],[-78.280496,38.787321],[-78.280138,38.787892],[-78.279811,38.789035],[-78.279566,38.789534],[-78.27927,38.790403],[-78.279016,38.791643],[-78.278893,38.79186],[-78.27875,38.792311],[-78.278628,38.792939],[-78.27863,38.794235],[-78.278673,38.795346],[-78.278295,38.796601],[-78.277795,38.797833],[-78.276566,38.798942],[-78.275531,38.799457],[-78.274035,38.800141],[-78.273236,38.800607],[-78.272478,38.801114],[-78.27174,38.80142],[-78.270909,38.801556],[-78.27052,38.801806],[-78.270018,38.802304],[-78.269568,38.802852],[-78.269169,38.803512],[-78.268718,38.804051],[-78.268196,38.804509],[-78.270213,38.808876],[-78.270646,38.809945],[-78.270546,38.810753],[-78.270691,38.811028],[-78.271105,38.812452],[-78.271054,38.812646],[-78.270369,38.814123],[-78.269881,38.814061],[-78.269295,38.814047],[-78.268734,38.814003],[-78.267356,38.813838],[-78.266376,38.813748],[-78.264425,38.813744],[-78.263455,38.813926],[-78.263197,38.813934],[-78.262564,38.813877],[-78.262031,38.813737],[-78.261857,38.813718],[-78.261622,38.813718],[-78.261345,38.813769],[-78.261248,38.81385],[-78.261223,38.813902],[-78.261216,38.813957],[-78.261265,38.814035],[-78.261424,38.814131],[-78.262082,38.814343],[-78.262545,38.814625],[-78.263177,38.815163],[-78.263657,38.815659],[-78.263724,38.815819],[-78.263698,38.816249],[-78.263571,38.816632],[-78.263426,38.816902],[-78.263329,38.817004],[-78.26315,38.817161],[-78.262647,38.817506],[-78.261328,38.818334],[-78.26065,38.818676],[-78.259811,38.819033],[-78.259596,38.819098],[-78.259398,38.819125],[-78.256898,38.818989],[-78.255776,38.818854],[-78.255291,38.818699],[-78.254841,38.819402],[-78.254098,38.820389],[-78.253958,38.820504],[-78.253796,38.82057],[-78.252937,38.820704],[-78.252704,38.820705],[-78.252449,38.82066],[-78.252184,38.820648],[-78.251821,38.820678],[-78.251587,38.820824],[-78.250133,38.821899],[-78.249927,38.821991],[-78.249587,38.822047],[-78.249447,38.822106],[-78.249394,38.822153],[-78.249316,38.822339],[-78.249094,38.823176],[-78.248924,38.823462],[-78.247772,38.825063],[-78.246002,38.827654],[-78.245845,38.827799],[-78.245753,38.827845],[-78.245402,38.827949],[-78.245204,38.828035],[-78.245028,38.828174],[-78.244964,38.828259],[-78.244739,38.828654],[-78.244429,38.82952],[-78.243956,38.830523],[-78.243899,38.830585],[-78.243475,38.83082],[-78.243321,38.830964],[-78.243037,38.831535],[-78.242798,38.831946],[-78.242765,38.832107],[-78.242807,38.832303],[-78.243126,38.832237],[-78.245596,38.832403],[-78.245975,38.832462],[-78.246139,38.832545],[-78.246287,38.832691],[-78.246506,38.833063],[-78.246685,38.833505],[-78.246739,38.83384],[-78.246692,38.835116],[-78.246577,38.83603],[-78.246602,38.836494],[-78.247281,38.838476],[-78.247401,38.838676],[-78.247584,38.838865],[-78.247619,38.838936],[-78.247626,38.839367],[-78.24752,38.839939],[-78.247481,38.840327],[-78.24746,38.840886],[-78.247481,38.841289],[-78.247517,38.841356],[-78.248033,38.84193],[-78.247767,38.842035],[-78.247454,38.842229],[-78.247169,38.842641],[-78.246831,38.843016],[-78.246343,38.844009],[-78.24606,38.84525],[-78.245178,38.84751],[-78.244737,38.848131],[-78.244013,38.848776],[-78.243225,38.849422],[-78.242117,38.848672],[-78.241583,38.849229],[-78.241296,38.849915],[-78.23995,38.850038],[-78.239464,38.850451],[-78.239943,38.850519],[-78.2404,38.850623],[-78.240849,38.850667],[-78.241326,38.850749],[-78.241818,38.850902],[-78.242141,38.851056],[-78.242464,38.851308],[-78.242654,38.851539],[-78.242689,38.851737],[-78.242619,38.852022],[-78.242514,38.852236],[-78.242373,38.852439],[-78.242065,38.85278],[-78.241763,38.853208],[-78.241518,38.853433],[-78.241335,38.853543],[-78.241069,38.853763],[-78.240956,38.8539],[-78.240732,38.854263],[-78.240564,38.85457],[-78.240473,38.854856],[-78.240473,38.855234],[-78.240375,38.855739],[-78.240263,38.855915],[-78.239898,38.856305],[-78.239814,38.856492],[-78.239821,38.856695],[-78.239863,38.856826],[-78.239933,38.856898],[-78.240095,38.857233],[-78.240503,38.857842],[-78.240552,38.857952],[-78.240559,38.858259],[-78.240601,38.858369],[-78.240805,38.858555],[-78.241268,38.858852],[-78.241416,38.859044],[-78.2415,38.859208],[-78.241571,38.859565],[-78.241536,38.859867],[-78.241445,38.859993],[-78.241318,38.860037],[-78.24129,38.860109],[-78.241382,38.860443],[-78.241445,38.860817],[-78.241544,38.860921],[-78.241846,38.861069],[-78.242049,38.861239],[-78.242071,38.8613],[-78.242021,38.861448],[-78.242029,38.861563],[-78.242225,38.861848],[-78.242289,38.862227],[-78.242338,38.86232],[-78.242682,38.862792],[-78.242697,38.863023],[-78.242781,38.863259],[-78.242894,38.863467],[-78.243547,38.864214],[-78.243638,38.864373],[-78.243884,38.864532],[-78.244095,38.864839],[-78.244313,38.865081],[-78.244432,38.865147],[-78.244489,38.865152],[-78.244538,38.865147],[-78.245064,38.864905],[-78.245148,38.864839],[-78.245254,38.864718],[-78.245283,38.864459],[-78.245359,38.86447],[-78.245407,38.864275],[-78.2458,38.863978],[-78.24604,38.864013],[-78.246432,38.864152],[-78.246777,38.864338],[-78.247137,38.864608],[-78.247353,38.864884],[-78.247401,38.865409],[-78.247667,38.866346],[-78.248227,38.867245],[-78.248533,38.867589],[-78.248831,38.867822],[-78.249341,38.86806],[-78.249546,38.86809],[-78.250002,38.868301],[-78.250157,38.868414],[-78.250528,38.868847],[-78.250702,38.869483],[-78.25066,38.869532],[-78.251105,38.869966],[-78.251893,38.870516],[-78.252291,38.871064],[-78.252616,38.871329],[-78.252747,38.871375],[-78.253045,38.871609],[-78.25334,38.871706],[-78.253544,38.871598],[-78.253425,38.871285],[-78.253454,38.871128],[-78.253511,38.869971],[-78.254494,38.868929],[-78.255767,38.868371],[-78.259087,38.867473],[-78.263431,38.86634],[-78.264366,38.865944],[-78.265044,38.865821],[-78.267176,38.866405],[-78.268422,38.866792],[-78.268938,38.866974],[-78.269132,38.866975],[-78.270245,38.867076],[-78.271241,38.866808],[-78.272362,38.866806],[-78.275357,38.867162],[-78.27722,38.867336],[-78.279454,38.867758],[-78.281215,38.868262],[-78.282689,38.868775],[-78.28671,38.870625],[-78.287211,38.870915],[-78.288516,38.871744],[-78.290115,38.872635],[-78.292601,38.873928],[-78.294814,38.875207],[-78.296562,38.876001],[-78.298056,38.87706],[-78.299535,38.877819],[-78.301056,38.878516],[-78.304037,38.879771],[-78.305615,38.879949],[-78.306917,38.879642],[-78.307756,38.879388],[-78.30844,38.879045],[-78.309301,38.878493],[-78.309987,38.878005],[-78.31028,38.877458],[-78.31038,38.876749],[-78.310322,38.876297],[-78.309986,38.875747],[-78.309448,38.875107],[-78.308927,38.874498],[-78.309365,38.874041],[-78.309737,38.8738],[-78.309885,38.873646],[-78.309948,38.873481],[-78.310026,38.872757],[-78.310096,38.872669],[-78.310349,38.872554],[-78.312027,38.871967],[-78.312631,38.871731],[-78.313397,38.871313],[-78.313691,38.871127],[-78.314338,38.87055],[-78.314822,38.870243],[-78.31504,38.870067],[-78.315215,38.869903],[-78.315356,38.869727],[-78.315461,38.869617],[-78.316276,38.868848],[-78.316634,38.868459],[-78.31787,38.867257],[-78.31794,38.867191],[-78.318172,38.867064],[-78.318312,38.866944],[-78.31834,38.8669],[-78.31834,38.866762],[-78.318263,38.866609],[-78.318249,38.866477],[-78.318319,38.866329],[-78.318593,38.866027],[-78.318797,38.865862],[-78.319162,38.865692],[-78.319829,38.865269],[-78.320384,38.865017],[-78.320777,38.864901],[-78.321704,38.864847],[-78.322118,38.864781],[-78.322526,38.864638],[-78.323087,38.864391],[-78.323502,38.864248],[-78.324014,38.864127],[-78.324281,38.864122],[-78.324604,38.864204],[-78.324927,38.864374],[-78.325215,38.864561],[-78.325454,38.864687],[-78.326212,38.864962],[-78.326563,38.865033],[-78.327139,38.865033],[-78.32789,38.86523],[-78.32822,38.865346],[-78.328656,38.865549],[-78.329084,38.865785],[-78.32973,38.866268],[-78.329914,38.866444],[-78.329955,38.866498],[-78.330089,38.86652],[-78.330313,38.866493],[-78.330468,38.866504],[-78.330594,38.866526],[-78.33063,38.866565],[-78.33072,38.86669],[-78.330721,38.866691],[-78.33077,38.866751],[-78.33098,38.866883],[-78.331402,38.867234],[-78.331893,38.867574],[-78.332167,38.867733],[-78.332427,38.867925],[-78.332548,38.868047],[-78.332638,38.868156],[-78.332715,38.86831],[-78.332906,38.868585],[-78.333031,38.868738],[-78.333087,38.868793],[-78.333088,38.868794],[-78.333263,38.869018],[-78.333305,38.869078],[-78.333306,38.869079],[-78.333958,38.869753],[-78.334113,38.86988],[-78.334303,38.869989],[-78.335025,38.870658],[-78.335033,38.870675],[-78.335034,38.870676],[-78.335483,38.871038],[-78.336333,38.871867],[-78.338091,38.873393],[-78.339461,38.874498],[-78.339742,38.874683],[-78.340188,38.874321],[-78.340607,38.873737],[-78.340767,38.873431],[-78.340924,38.872987],[-78.341055,38.872741],[-78.341575,38.872406],[-78.342178,38.872149],[-78.342321,38.872013],[-78.342521,38.871883],[-78.342637,38.871692],[-78.343513,38.870761],[-78.343773,38.870439],[-78.344014,38.87031],[-78.344442,38.870001],[-78.344651,38.869762],[-78.344894,38.869555],[-78.345137,38.869008],[-78.345529,38.868336],[-78.34566,38.868128],[-78.345889,38.867916],[-78.346748,38.86753],[-78.347147,38.867281],[-78.34743,38.867169],[-78.348867,38.866762],[-78.34993,38.866367],[-78.350073,38.86622],[-78.350501,38.86552],[-78.351377,38.864639],[-78.351677,38.864367],[-78.35189,38.86426],[-78.352619,38.864048],[-78.352966,38.86392],[-78.353308,38.863693],[-78.354272,38.862961],[-78.355116,38.862222],[-78.356237,38.86136],[-78.35659,38.860951],[-78.356889,38.860751],[-78.357213,38.860348],[-78.358132,38.859764],[-78.35868,38.859016],[-78.35877,38.858759],[-78.359129,38.85835],[-78.359687,38.857856],[-78.359936,38.857704],[-78.360269,38.857609],[-78.360765,38.857417],[-78.361291,38.857098],[-78.361584,38.856876],[-78.361937,38.856418],[-78.362339,38.855641],[-78.362541,38.855357],[-78.362856,38.85508],[-78.363582,38.854615],[-78.36411,38.85423],[-78.364834,38.853529],[-78.364958,38.853288],[-78.365525,38.852673],[-78.36577,38.852367],[-78.365929,38.852105],[-78.366288,38.851718],[-78.36656,38.851485],[-78.366718,38.8513],[-78.366827,38.851125],[-78.366963,38.850994],[-78.367217,38.850568],[-78.367668,38.850155],[-78.368053,38.849868],[-78.368281,38.849755],[-78.368847,38.849585],[-78.369025,38.849466],[-78.369168,38.84933],[-78.369495,38.848739],[-78.3699,38.848166],[-78.370374,38.847616],[-78.370668,38.847322],[-78.3719,38.846136],[-78.372958,38.845235],[-78.373286,38.844991],[-78.373854,38.844722],[-78.373962,38.84458],[-78.374314,38.843814],[-78.374653,38.843378],[-78.374728,38.843234],[-78.375974,38.841701],[-78.376458,38.841304],[-78.376802,38.841122],[-78.377189,38.840835],[-78.377539,38.840499],[-78.377574,38.840406],[-78.37885,38.838643],[-78.37911,38.838346],[-78.379552,38.837878],[-78.38026,38.837222],[-78.380625,38.836902],[-78.381082,38.836566],[-78.381243,38.836417],[-78.381733,38.835542],[-78.381908,38.835305],[-78.382069,38.835024],[-78.38235,38.834732],[-78.382554,38.834621],[-78.383178,38.834076],[-78.383452,38.833641],[-78.383634,38.833437],[-78.384026,38.832815],[-78.384152,38.83266],[-78.384461,38.83244],[-78.3847,38.832302],[-78.384868,38.832131],[-78.385983,38.830793],[-78.386538,38.830313],[-78.386945,38.829999],[-78.387443,38.829679],[-78.387576,38.829536],[-78.387794,38.829359],[-78.388053,38.829084],[-78.388264,38.828781],[-78.388811,38.828268],[-78.38912,38.828064],[-78.389661,38.827849],[-78.390679,38.827165],[-78.391037,38.826955],[-78.39124,38.826779],[-78.391738,38.825997],[-78.39232,38.825363],[-78.392705,38.824845],[-78.39293,38.824707],[-78.39307,38.824586],[-78.394699,38.822795],[-78.394574,38.822744],[-78.374728,38.815602],[-78.349294,38.806519],[-78.349259,38.806507],[-78.34924,38.806487],[-78.349165,38.806412],[-78.349052,38.806312],[-78.348832,38.806221],[-78.348605,38.806169],[-78.348438,38.806074],[-78.348348,38.805963],[-78.348021,38.805783],[-78.347347,38.805731],[-78.346514,38.805768],[-78.346086,38.805788],[-78.345763,38.805882],[-78.345339,38.805966],[-78.345138,38.805976],[-78.344521,38.805999],[-78.344176,38.80592],[-78.343259,38.805571],[-78.341955,38.804525],[-78.341511,38.804199],[-78.33993,38.803158],[-78.3392,38.802022],[-78.33903,38.80185],[-78.338504,38.801554],[-78.338433,38.801455],[-78.338429,38.801449],[-78.33842,38.801436],[-78.338412,38.801126],[-78.338412,38.801125],[-78.338004,38.80037],[-78.337778,38.800053],[-78.337523,38.799781],[-78.33691,38.799466],[-78.336736,38.799359],[-78.336649,38.799256],[-78.336739,38.799367],[-78.336649,38.799256],[-78.336739,38.799367],[-78.336649,38.799256],[-78.336635,38.799143],[-78.336653,38.798907],[-78.336674,38.798794],[-78.336771,38.79827],[-78.336752,38.798025]]]},"properties":{"UNIQUE_ID":"Warren County-:-502 - Bentonville","COUNTYFP":"187","locality":"Warren County","precinct":"502 - Bentonville","dem24":243,"rep24":700}},
{"type":"Feature","geometry":{"type":"Polygon","coordinates":[[[-78.262478,38.758638],[-78.262088,38.758771],[-78.261523,38.758924],[-78.259979,38.759197],[-78.258913,38.759415],[-78.257175,38.759526],[-78.256742,38.759383],[-78.256393,38.759285],[-78.256214,38.759079],[-78.256052,38.758775],[-78.255826,38.758491],[-78.255529,38.758202],[-78.254913,38.757759],[-78.25453,38.757584],[-78.254175,38.757371],[-78.253268,38.757046],[-78.252959,38.757042],[-78.252774,38.757166],[-78.252342,38.757354],[-78.252127,38.757566],[-78.251741,38.757864],[-78.25154,38.758103],[-78.251161,38.758401],[-78.250841,38.758617],[-78.250458,38.758794],[-78.249724,38.759006],[-78.247989,38.759763],[-78.247805,38.759872],[-78.247456,38.76016],[-78.247313,38.760302],[-78.24717,38.760488],[-78.24704,38.760718],[-78.246849,38.761294],[-78.246818,38.761498],[-78.246461,38.761902],[-78.246197,38.76212],[-78.245643,38.762506],[-78.244785,38.763026],[-78.244298,38.763276],[-78.244113,38.76334],[-78.243839,38.763337],[-78.243699,38.763254],[-78.243177,38.762752],[-78.242977,38.762614],[-78.242628,38.762457],[-78.242026,38.762292],[-78.241359,38.762203],[-78.240341,38.762128],[-78.240004,38.76207],[-78.239367,38.761899],[-78.239149,38.761881],[-78.238861,38.761889],[-78.238592,38.761992],[-78.23845,38.762084],[-78.238286,38.762264],[-78.238177,38.762478],[-78.23792,38.763224],[-78.23791,38.763466],[-78.237778,38.763812],[-78.237585,38.764019],[-78.237117,38.764296],[-78.236982,38.764399],[-78.236853,38.764602],[-78.236773,38.764788],[-78.236699,38.765013],[-78.23669,38.765162],[-78.236582,38.765293],[-78.236378,38.765346],[-78.23613,38.765454],[-78.235606,38.765719],[-78.235506,38.765845],[-78.235446,38.766092],[-78.235381,38.766702],[-78.235328,38.766933],[-78.235163,38.767146],[-78.234638,38.767472],[-78.230219,38.769194],[-78.22956,38.769045],[-78.229315,38.76896],[-78.2282,38.768763],[-78.228054,38.76864],[-78.227796,38.768522],[-78.22727,38.768418],[-78.226823,38.768178],[-78.226571,38.768098],[-78.22494,38.768106],[-78.224693,38.768142],[-78.224368,38.768299],[-78.224034,38.768505],[-78.223164,38.769372],[-78.2228,38.769694],[-78.221569,38.770712],[-78.220658,38.771425],[-78.220408,38.771709],[-78.220037,38.77203],[-78.219751,38.772402],[-78.219296,38.772711],[-78.21875,38.773031],[-78.217089,38.773627],[-78.216016,38.773909],[-78.215367,38.774052],[-78.214935,38.774213],[-78.214836,38.774273],[-78.214053,38.774431],[-78.213317,38.774771],[-78.212653,38.77493],[-78.212287,38.774949],[-78.21202,38.774924],[-78.211648,38.774937],[-78.211197,38.774988],[-78.210683,38.774989],[-78.210366,38.775041],[-78.210128,38.775017],[-78.209679,38.774936],[-78.209245,38.774816],[-78.209043,38.774682],[-78.208469,38.774506],[-78.207823,38.774418],[-78.207158,38.774191],[-78.206835,38.774183],[-78.206687,38.774204],[-78.206247,38.774491],[-78.205734,38.774697],[-78.205758,38.77474],[-78.205757,38.774741],[-78.205494,38.774963],[-78.204977,38.775212],[-78.204687,38.775319],[-78.203897,38.775521],[-78.203154,38.775806],[-78.202787,38.775902],[-78.20224,38.776238],[-78.201888,38.776323],[-78.201669,38.776332],[-78.201338,38.776428],[-78.201026,38.776568],[-78.200872,38.776668],[-78.200479,38.776937],[-78.200208,38.777188],[-78.199841,38.777707],[-78.199336,38.778105],[-78.199122,38.778306],[-78.198976,38.77869],[-78.198853,38.77892],[-78.198717,38.77909],[-78.198525,38.779187],[-78.197876,38.779335],[-78.197565,38.779453],[-78.197274,38.77961],[-78.196981,38.77991],[-78.196593,38.780479],[-78.196258,38.780757],[-78.195443,38.781162],[-78.1953,38.781315],[-78.195164,38.781506],[-78.195003,38.78189],[-78.194871,38.782252],[-78.194752,38.782697],[-78.194598,38.783119],[-78.194507,38.783542],[-78.194441,38.784681],[-78.194364,38.78511],[-78.194283,38.785362],[-78.194117,38.785642],[-78.193802,38.785996],[-78.193521,38.786434],[-78.193426,38.786642],[-78.19341,38.787281],[-78.193273,38.787439],[-78.192969,38.78764],[-78.192954,38.787656],[-78.192851,38.787715],[-78.192408,38.787943],[-78.192097,38.788001],[-78.190806,38.788319],[-78.190299,38.788331],[-78.190003,38.788366],[-78.189089,38.788787],[-78.188883,38.788962],[-78.188639,38.789262],[-78.188656,38.789543],[-78.188617,38.78979],[-78.188619,38.790137],[-78.188649,38.790219],[-78.188693,38.790336],[-78.188693,38.790337],[-78.188704,38.790534],[-78.188596,38.790682],[-78.188284,38.790839],[-78.187095,38.791334],[-78.186392,38.791795],[-78.185992,38.792182],[-78.184702,38.792836],[-78.184588,38.792951],[-78.1843,38.79384],[-78.184241,38.794461],[-78.184119,38.795077],[-78.18409,38.795566],[-78.184137,38.795743],[-78.184125,38.796056],[-78.184002,38.796308],[-78.183838,38.796912],[-78.18367,38.797313],[-78.183614,38.797719],[-78.183473,38.798214],[-78.18332,38.798575],[-78.183063,38.79881],[-78.182673,38.79901],[-78.181959,38.799262],[-78.181752,38.799458],[-78.18171,38.799617],[-78.181741,38.799868],[-78.181781,38.800273],[-78.181783,38.800277],[-78.181952,38.800627],[-78.182194,38.800866],[-78.182346,38.801098],[-78.182509,38.801475],[-78.182413,38.801765],[-78.181975,38.80235],[-78.181863,38.802784],[-78.181921,38.802947],[-78.181957,38.803049],[-78.181993,38.803423],[-78.181981,38.804266],[-78.181659,38.804604],[-78.181434,38.805031],[-78.181307,38.805542],[-78.181293,38.805694],[-78.181273,38.805905],[-78.18122,38.806174],[-78.181073,38.807026],[-78.180822,38.807343],[-78.180675,38.807743],[-78.180572,38.808474],[-78.180355,38.809336],[-78.179895,38.809949],[-78.179715,38.81025],[-78.179389,38.811309],[-78.179195,38.812469],[-78.179068,38.812979],[-78.178944,38.8142],[-78.178829,38.81481],[-78.178704,38.815112],[-78.178619,38.815838],[-78.178766,38.816142],[-78.179022,38.816419],[-78.179356,38.816676],[-78.179577,38.816903],[-78.180191,38.817755],[-78.180214,38.818049],[-78.179993,38.81825],[-78.179397,38.818548],[-78.178881,38.818702],[-78.178428,38.818891],[-78.17804,38.818981],[-78.17742,38.819046],[-78.176152,38.819089],[-78.175582,38.819134],[-78.174387,38.819029],[-78.173713,38.818923],[-78.172709,38.818809],[-78.17235,38.818811],[-78.171722,38.818915],[-78.171447,38.81894],[-78.171109,38.819009],[-78.17096,38.819079],[-78.17086,38.819188],[-78.170708,38.819445],[-78.170565,38.820027],[-78.170553,38.820346],[-78.170478,38.82066],[-78.170518,38.821221],[-78.170533,38.822086],[-78.170737,38.82304],[-78.170862,38.823409],[-78.170971,38.823791],[-78.170967,38.823798],[-78.170944,38.823855],[-78.170944,38.823856],[-78.171095,38.824038],[-78.171206,38.824288],[-78.171243,38.824459],[-78.171308,38.825317],[-78.171354,38.825496],[-78.171456,38.825699],[-78.171599,38.825876],[-78.172337,38.826559],[-78.172543,38.826838],[-78.172903,38.827477],[-78.173101,38.827719],[-78.173316,38.827872],[-78.173453,38.827938],[-78.173807,38.828042],[-78.174806,38.828204],[-78.175304,38.828255],[-78.176655,38.828276],[-78.177105,38.828317],[-78.177264,38.828349],[-78.177584,38.828453],[-78.177824,38.82857],[-78.180348,38.830031],[-78.180796,38.830238],[-78.180958,38.830277],[-78.181345,38.83031],[-78.182374,38.830297],[-78.182852,38.83036],[-78.183667,38.830595],[-78.184039,38.830746],[-78.184295,38.830904],[-78.184471,38.831086],[-78.184587,38.831319],[-78.185031,38.83284],[-78.185698,38.834423],[-78.185811,38.834332],[-78.185862,38.834211],[-78.185751,38.833758],[-78.185823,38.832521],[-78.185736,38.832155],[-78.185751,38.831977],[-78.185862,38.831755],[-78.185867,38.831575],[-78.185803,38.83131],[-78.185809,38.831221],[-78.185877,38.831051],[-78.186346,38.830366],[-78.18652,38.83021],[-78.186704,38.830088],[-78.186827,38.82994],[-78.186951,38.82957],[-78.187134,38.829183],[-78.187326,38.82889],[-78.18757,38.828583],[-78.187788,38.828418],[-78.188049,38.828297],[-78.188221,38.828249],[-78.188956,38.828134],[-78.189252,38.828313],[-78.189729,38.828433],[-78.190038,38.828433],[-78.190501,38.828329],[-78.191273,38.828252],[-78.191435,38.828181],[-78.191624,38.827983],[-78.19215,38.827593],[-78.192494,38.827423],[-78.192747,38.827231],[-78.193196,38.827028],[-78.193779,38.826704],[-78.194186,38.826512],[-78.194361,38.826468],[-78.194691,38.82643],[-78.195126,38.826084],[-78.1954,38.825908],[-78.195477,38.825798],[-78.195596,38.825694],[-78.196291,38.825381],[-78.197112,38.825288],[-78.197638,38.8252],[-78.198221,38.824893],[-78.198445,38.824799],[-78.198614,38.824755],[-78.198768,38.824744],[-78.199252,38.824772],[-78.199764,38.824755],[-78.200017,38.824799],[-78.200249,38.824805],[-78.200705,38.824673],[-78.201154,38.824656],[-78.201652,38.824579],[-78.20215,38.824601],[-78.202859,38.824404],[-78.203189,38.824255],[-78.20368,38.823953],[-78.203827,38.823838],[-78.204073,38.823619],[-78.204185,38.823339],[-78.204298,38.823163],[-78.204438,38.823086],[-78.20469,38.823048],[-78.204803,38.822998],[-78.20488,38.822932],[-78.205034,38.822707],[-78.205582,38.822449],[-78.205598,38.822859],[-78.203148,38.824738],[-78.202905,38.826104],[-78.208533,38.832643],[-78.211271,38.834801],[-78.21224,38.835325],[-78.211363,38.855575],[-78.210892,38.863399],[-78.211598,38.867296],[-78.211755,38.867297],[-78.212042,38.867341],[-78.212471,38.867374],[-78.212752,38.867346],[-78.21285,38.867379],[-78.212872,38.86739],[-78.213025,38.86739],[-78.21316,38.867401],[-78.213356,38.867467],[-78.213587,38.867637],[-78.213714,38.867791],[-78.213756,38.867977],[-78.213889,38.868191],[-78.214045,38.868356],[-78.214191,38.868389],[-78.21436,38.86846],[-78.214558,38.868586],[-78.214851,38.868581],[-78.215098,38.868532],[-78.215224,38.868559],[-78.215336,38.868603],[-78.215569,38.868729],[-78.215877,38.868762],[-78.216277,38.868614],[-78.216768,38.868559],[-78.217084,38.868476],[-78.217303,38.86846],[-78.217541,38.868531],[-78.217542,38.868531],[-78.217822,38.868586],[-78.217948,38.868635],[-78.217949,38.868635],[-78.218278,38.868663],[-78.218573,38.868569],[-78.219135,38.868503],[-78.219317,38.868509],[-78.219795,38.868586],[-78.219886,38.868618],[-78.21997,38.868684],[-78.220125,38.868926],[-78.22035,38.869162],[-78.221207,38.869727],[-78.221628,38.869946],[-78.221811,38.870084],[-78.221994,38.870182],[-78.222016,38.870184],[-78.222113,38.87027],[-78.223321,38.870907],[-78.223855,38.871093],[-78.224142,38.871291],[-78.224374,38.87139],[-78.225407,38.87201],[-78.22625,38.872701],[-78.226952,38.873014],[-78.227184,38.873272],[-78.227423,38.873639],[-78.227592,38.8737],[-78.227781,38.873958],[-78.227866,38.874035],[-78.22795,38.874095],[-78.228442,38.874298],[-78.228877,38.874545],[-78.229068,38.874627],[-78.229116,38.874638],[-78.229467,38.874621],[-78.229573,38.874632],[-78.229713,38.874665],[-78.229853,38.874726],[-78.23057,38.874967],[-78.231525,38.875],[-78.23201,38.874988],[-78.232129,38.875016],[-78.232199,38.875043],[-78.232395,38.875192],[-78.232852,38.875406],[-78.232964,38.875482],[-78.233091,38.875603],[-78.233358,38.876053],[-78.23366,38.876339],[-78.233816,38.876404],[-78.234173,38.876476],[-78.234342,38.876558],[-78.234623,38.876843],[-78.235108,38.877447],[-78.235311,38.877633],[-78.235642,38.877858],[-78.235796,38.877996],[-78.235923,38.878155],[-78.236337,38.878358],[-78.236667,38.878555],[-78.236844,38.878632],[-78.237054,38.878681],[-78.237433,38.878676],[-78.237589,38.878697],[-78.237819,38.878752],[-78.237995,38.878824],[-78.238473,38.878807],[-78.238866,38.878724],[-78.239146,38.87856],[-78.239294,38.878389],[-78.239497,38.87834],[-78.239905,38.878153],[-78.24067,38.878153],[-78.241204,38.878054],[-78.241288,38.878026],[-78.241576,38.87785],[-78.241737,38.877691],[-78.242088,38.877488],[-78.242397,38.877356],[-78.242657,38.877301],[-78.242994,38.877317],[-78.243171,38.877361],[-78.24317,38.877361],[-78.24331,38.877427],[-78.243591,38.877602],[-78.243739,38.87774],[-78.243943,38.878014],[-78.244182,38.878261],[-78.244428,38.878491],[-78.244779,38.87876],[-78.244955,38.878936],[-78.245404,38.879144],[-78.245685,38.879341],[-78.246086,38.879973],[-78.246518,38.880297],[-78.246899,38.87406],[-78.246971,38.873638],[-78.247118,38.873158],[-78.247416,38.8725],[-78.247856,38.871832],[-78.250528,38.868847],[-78.250157,38.868414],[-78.250002,38.868301],[-78.249546,38.86809],[-78.249341,38.86806],[-78.248831,38.867822],[-78.248533,38.867589],[-78.248227,38.867245],[-78.247667,38.866346],[-78.247401,38.865409],[-78.247353,38.864884],[-78.247137,38.864608],[-78.246777,38.864338],[-78.246432,38.864152],[-78.24604,38.864013],[-78.2458,38.863978],[-78.245407,38.864275],[-78.245359,38.86447],[-78.245283,38.864459],[-78.245254,38.864718],[-78.245148,38.864839],[-78.245064,38.864905],[-78.244538,38.865147],[-78.244489,38.865152],[-78.244432,38.865147],[-78.244313,38.865081],[-78.244095,38.864839],[-78.243884,38.864532],[-78.243638,38.864373],[-78.243547,38.864214],[-78.242894,38.863467],[-78.242781,38.863259],[-78.242697,38.863023],[-78.242682,38.862792],[-78.242338,38.86232],[-78.242289,38.862227],[-78.242225,38.861848],[-78.242029,38.861563],[-78.242021,38.861448],[-78.242071,38.8613],[-78.242049,38.861239],[-78.241846,38.861069],[-78.241544,38.860921],[-78.241445,38.860817],[-78.241382,38.860443],[-78.24129,38.860109],[-78.241318,38.860037],[-78.241445,38.859993],[-78.241536,38.859867],[-78.241571,38.859565],[-78.2415,38.859208],[-78.241416,38.859044],[-78.241268,38.858852],[-78.240805,38.858555],[-78.240601,38.858369],[-78.240559,38.858259],[-78.240552,38.857952],[-78.240503,38.857842],[-78.240095,38.857233],[-78.239933,38.856898],[-78.239863,38.856826],[-78.239821,38.856695],[-78.239814,38.856492],[-78.239898,38.856305],[-78.240263,38.855915],[-78.240375,38.855739],[-78.240473,38.855234],[-78.240473,38.854856],[-78.240564,38.85457],[-78.240732,38.854263],[-78.240956,38.8539],[-78.241069,38.853763],[-78.241335,38.853543],[-78.241518,38.853433],[-78.241763,38.853208],[-78.242065,38.85278],[-78.242373,38.852439],[-78.242514,38.852236],[-78.242619,38.852022],[-78.242689,38.851737],[-78.242654,38.851539],[-78.242464,38.851308],[-78.242141,38.851056],[-78.241818,38.850902],[-78.241326,38.850749],[-78.240849,38.850667],[-78.2404,38.850623],[-78.239943,38.850519],[-78.239464,38.850451],[-78.23995,38.850038],[-78.241296,38.849915],[-78.241583,38.849229],[-78.242117,38.848672],[-78.243225,38.849422],[-78.244013,38.848776],[-78.244737,38.848131],[-78.245178,38.84751],[-78.24606,38.84525],[-78.246343,38.844009],[-78.246831,38.843016],[-78.247169,38.842641],[-78.247454,38.842229],[-78.247767,38.842035],[-78.248033,38.84193],[-78.247517,38.841356],[-78.247481,38.841289],[-78.24746,38.840886],[-78.247481,38.840327],[-78.24752,38.839939],[-78.247626,38.839367],[-78.247619,38.838936],[-78.247584,38.838865],[-78.247401,38.838676],[-78.247281,38.838476],[-78.246602,38.836494],[-78.246577,38.83603],[-78.246692,38.835116],[-78.246739,38.83384],[-78.246685,38.833505],[-78.246506,38.833063],[-78.246287,38.832691],[-78.246139,38.832545],[-78.245975,38.832462],[-78.245596,38.832403],[-78.243126,38.832237],[-78.242807,38.832303],[-78.242765,38.832107],[-78.242798,38.831946],[-78.243037,38.831535],[-78.243321,38.830964],[-78.243475,38.83082],[-78.243899,38.830585],[-78.243956,38.830523],[-78.244429,38.82952],[-78.244739,38.828654],[-78.244964,38.828259],[-78.245028,38.828174],[-78.245204,38.828035],[-78.245402,38.827949],[-78.245753,38.827845],[-78.245845,38.827799],[-78.246002,38.827654],[-78.247772,38.825063],[-78.248924,38.823462],[-78.249094,38.823176],[-78.249316,38.822339],[-78.249394,38.822153],[-78.249447,38.822106],[-78.249587,38.822047],[-78.249927,38.821991],[-78.250133,38.821899],[-78.251587,38.820824],[-78.251821,38.820678],[-78.252184,38.820648],[-78.252449,38.82066],[-78.252704,38.820705],[-78.252937,38.820704],[-78.253796,38.82057],[-78.253958,38.820504],[-78.254098,38.820389],[-78.254841,38.819402],[-78.255291,38.818699],[-78.255776,38.818854],[-78.256898,38.818989],[-78.259398,38.819125],[-78.259596,38.819098],[-78.259811,38.819033],[-78.26065,38.818676],[-78.261328,38.818334],[-78.262647,38.817506],[-78.26315,38.817161],[-78.263329,38.817004],[-78.263426,38.816902],[-78.263571,38.816632],[-78.263698,38.816249],[-78.263724,38.815819],[-78.263657,38.815659],[-78.263177,38.815163],[-78.262545,38.814625],[-78.262082,38.814343],[-78.261424,38.814131],[-78.261265,38.814035],[-78.261216,38.813957],[-78.261223,38.813902],[-78.261248,38.81385],[-78.261345,38.813769],[-78.261622,38.813718],[-78.261857,38.813718],[-78.262031,38.813737],[-78.262564,38.813877],[-78.263197,38.813934],[-78.263455,38.813926],[-78.264425,38.813744],[-78.266376,38.813748],[-78.267356,38.813838],[-78.268734,38.814003],[-78.269295,38.814047],[-78.269881,38.814061],[-78.270369,38.814123],[-78.271054,38.812646],[-78.271105,38.812452],[-78.270691,38.811028],[-78.270546,38.810753],[-78.270646,38.809945],[-78.270213,38.808876],[-78.268196,38.804509],[-78.268718,38.804051],[-78.269169,38.803512],[-78.269568,38.802852],[-78.270018,38.802304],[-78.27052,38.801806],[-78.270909,38.801556],[-78.27174,38.80142],[-78.272478,38.801114],[-78.273236,38.800607],[-78.274035,38.800141],[-78.275531,38.799457],[-78.276566,38.798942],[-78.277795,38.797833],[-78.278295,38.796601],[-78.278673,38.795346],[-78.27863,38.794235],[-78.278628,38.792939],[-78.27875,38.792311],[-78.278893,38.79186],[-78.279016,38.791643],[-78.27927,38.790403],[-78.279566,38.789534],[-78.279811,38.789035],[-78.280138,38.787892],[-78.280496,38.787321],[-78.281059,38.786878],[-78.281397,38.786572],[-78.28155,38.786178],[-78.28156,38.786089],[-78.281826,38.785864],[-78.28322,38.785607],[-78.283824,38.785043],[-78.284326,38.78481],[-78.284859,38.784424],[-78.285493,38.783683],[-78.286148,38.78279],[-78.28669,38.78246],[-78.288042,38.781551],[-78.287939,38.780947],[-78.288245,38.780505],[-78.288661,38.780324],[-78.289347,38.780221],[-78.2895,38.780064],[-78.289491,38.779872],[-78.28961,38.779113],[-78.289741,38.778903],[-78.289605,38.778058],[-78.28961,38.777775],[-78.289611,38.777766],[-78.289608,38.777746],[-78.289517,38.777165],[-78.289264,38.776436],[-78.289217,38.775979],[-78.289436,38.775541],[-78.289617,38.775257],[-78.290151,38.774191],[-78.290347,38.773863],[-78.290695,38.773318],[-78.291048,38.77287],[-78.291299,38.772642],[-78.291486,38.772407],[-78.291546,38.772238],[-78.291586,38.771987],[-78.291615,38.771812],[-78.291638,38.771468],[-78.291622,38.771188],[-78.291665,38.771172],[-78.291621,38.770971],[-78.29155,38.770641],[-78.291386,38.770321],[-78.291112,38.769955],[-78.290992,38.769726],[-78.290968,38.769419],[-78.291052,38.769095],[-78.291085,38.768815],[-78.291061,38.768634],[-78.290895,38.768466],[-78.290725,38.768246],[-78.290587,38.767769],[-78.290074,38.76696],[-78.284809,38.759321],[-78.284805,38.759315],[-78.284722,38.759567],[-78.284551,38.759714],[-78.284096,38.759989],[-78.279337,38.762215],[-78.279148,38.762158],[-78.278789,38.762197],[-78.278326,38.762142],[-78.277533,38.762111],[-78.277096,38.762172],[-78.276659,38.762194],[-78.276168,38.762188],[-78.275634,38.762165],[-78.275074,38.762048],[-78.274529,38.761899],[-78.27338,38.762061],[-78.272546,38.761924],[-78.271754,38.761832],[-78.271016,38.761862],[-78.270767,38.761661],[-78.269925,38.761216],[-78.26885,38.760862],[-78.268576,38.760853],[-78.267708,38.760666],[-78.267,38.760201],[-78.266707,38.759752],[-78.266333,38.759461],[-78.265926,38.759087],[-78.265551,38.758868],[-78.264972,38.758641],[-78.26404,38.758514],[-78.26336,38.758462],[-78.262478,38.758638]]]},"properties":{"UNIQUE_ID":"Warren County-:-504 - Browntown","COUNTYFP":"187","locality":"Warren County","precinct":"504 - Browntown","dem24":226,"rep24":486}},
{"type":"Feature","geometry":{"type":"Polygon","coordinates":[[[-78.165643,39.184044],[-78.171027,39.185313],[-78.1712,39.185439],[-78.171608,39.185848],[-78.172214,39.18653],[-78.172407,39.186664],[-78.172675,39.186749],[-78.176837,39.187584],[-78.177193,39.187681],[-78.181565,39.189427],[-78.182333,39.189759],[-78.185924,39.191218],[-78.186176,39.19131],[-78.186628,39.191433],[-78.187119,39.191509],[-78.190637,39.191672],[-78.191423,39.191686],[-78.192169,39.191671],[-78.193147,39.191597],[-78.194991,39.191345],[-78.194948,39.191174],[-78.196659,39.190953],[-78.19729,39.19091],[-78.197309,39.190742],[-78.197975,39.189551],[-78.197861,39.18952],[-78.194815,39.189556],[-78.197449,39.185137],[-78.200513,39.180137],[-78.200086,39.179817],[-78.199357,39.179431],[-78.194662,39.177049],[-78.194331,39.176901],[-78.193715,39.17668],[-78.189348,39.175189],[-78.189446,39.174988],[-78.188804,39.174711],[-78.188561,39.174696],[-78.188074,39.174239],[-78.183827,39.169376],[-78.182089,39.166742],[-78.181391,39.166205],[-78.181137,39.166143],[-78.180626,39.167836],[-78.180514,39.168109],[-78.180159,39.168628],[-78.179568,39.169173],[-78.177799,39.170651],[-78.174011,39.173146],[-78.171754,39.17478],[-78.171356,39.175101],[-78.171029,39.175409],[-78.17063,39.175873],[-78.170344,39.175977],[-78.168612,39.176733],[-78.168451,39.176694],[-78.167561,39.179074],[-78.166972,39.18054],[-78.165643,39.184044]]]},"properties":{"UNIQUE_ID":"Winchester City-:-101 - Merrimans","COUNTYFP":"840","locality":"Winchester City","precinct":"101 - Merrimans","dem24":1553,"rep24":1073}},
{"type":"Feature","geometry":{"type":"Polygon","coordinates":[[[-78.164376,39.198749],[-78.175241,39.201558],[-78.187804,39.204859],[-78.18915,39.203505],[-78.189571,39.202907],[-78.190122,39.202295],[-78.191312,39.20067],[-78.191939,39.199674],[-78.192359,39.199152],[-78.193367,39.197754],[-78.194085,39.196694],[-78.194422,39.196132],[-78.196144,39.193665],[-78.196657,39.192624],[-78.197107,39.191434],[-78.197264,39.191138],[-78.19729,39.19091],[-78.196659,39.190953],[-78.194948,39.191174],[-78.194991,39.191345],[-78.193147,39.191597],[-78.192169,39.191671],[-78.191423,39.191686],[-78.190637,39.191672],[-78.187119,39.191509],[-78.186628,39.191433],[-78.186176,39.19131],[-78.185924,39.191218],[-78.182333,39.189759],[-78.181565,39.189427],[-78.177193,39.187681],[-78.176837,39.187584],[-78.172675,39.186749],[-78.172407,39.186664],[-78.172214,39.18653],[-78.171608,39.185848],[-78.1712,39.185439],[-78.171027,39.185313],[-78.165643,39.184044],[-78.164157,39.183713],[-78.162721,39.187623],[-78.162382,39.188432],[-78.163114,39.188581],[-78.161698,39.192363],[-78.162308,39.192827],[-78.162823,39.193169],[-78.164597,39.194523],[-78.164784,39.194566],[-78.165325,39.194544],[-78.165544,39.194591],[-78.165736,39.194695],[-78.164533,39.198129],[-78.164376,39.198749]]]},"properties":{"UNIQUE_ID":"Winchester City-:-102 - Old Town","COUNTYFP":"840","locality":"Winchester City","precinct":"102 - Old Town","dem24":1068,"rep24":826}},
{"type":"Feature","geometry":{"type":"Polygon","coordinates":[[[-78.155419,39.20097],[-78.159931,39.203099],[-78.161828,39.201477],[-78.162549,39.200816],[-78.163071,39.200287],[-78.163718,39.19943],[-78.164126,39.198713],[-78.164376,39.198749],[-78.164533,39.198129],[-78.165736,39.194695],[-78.165544,39.194591],[-78.165325,39.194544],[-78.164784,39.194566],[-78.164597,39.194523],[-78.162823,39.193169],[-78.162308,39.192827],[-78.161698,39.192363],[-78.163114,39.188581],[-78.162382,39.188432],[-78.162721,39.187623],[-78.164157,39.183713],[-78.165643,39.184044],[-78.166972,39.18054],[-78.167561,39.179074],[-78.168451,39.176694],[-78.165522,39.176006],[-78.165216,39.176788],[-78.164512,39.176632],[-78.164168,39.176516],[-78.164098,39.176465],[-78.164058,39.176387],[-78.164052,39.17615],[-78.163939,39.176094],[-78.161911,39.181136],[-78.16162,39.18112],[-78.161388,39.181076],[-78.155492,39.179667],[-78.154815,39.179435],[-78.153509,39.183035],[-78.153446,39.18335],[-78.153428,39.183614],[-78.15351,39.18454],[-78.153171,39.184589],[-78.153111,39.184505],[-78.152948,39.184383],[-78.152533,39.184266],[-78.149089,39.183449],[-78.148839,39.183407],[-78.148641,39.183471],[-78.148505,39.183487],[-78.148097,39.183397],[-78.147765,39.183272],[-78.147061,39.182966],[-78.14745,39.182252],[-78.14484,39.181487],[-78.143273,39.181139],[-78.143596,39.180163],[-78.142591,39.180116],[-78.142554,39.180114],[-78.14091,39.181432],[-78.140615,39.181587],[-78.139283,39.182964],[-78.136725,39.184371],[-78.137606,39.184895],[-78.146222,39.190009],[-78.147303,39.190618],[-78.148511,39.191364],[-78.149076,39.191633],[-78.15667,39.196031],[-78.157476,39.196828],[-78.155145,39.200841],[-78.155419,39.20097]]]},"properties":{"UNIQUE_ID":"Winchester City-:-201 - Virginia Avenue","COUNTYFP":"840","locality":"Winchester City","precinct":"201 - Virginia Avenue","dem24":1183,"rep24":788}},
{"type":"Feature","geometry":{"type":"Polygon","coordinates":[[[-78.142591,39.180116],[-78.143596,39.180163],[-78.143273,39.181139],[-78.14484,39.181487],[-78.14745,39.182252],[-78.147061,39.182966],[-78.147765,39.183272],[-78.148097,39.183397],[-78.148505,39.183487],[-78.148641,39.183471],[-78.148839,39.183407],[-78.149089,39.183449],[-78.152533,39.184266],[-78.152948,39.184383],[-78.153111,39.184505],[-78.153171,39.184589],[-78.15351,39.18454],[-78.153428,39.183614],[-78.153446,39.18335],[-78.153509,39.183035],[-78.154815,39.179435],[-78.155492,39.179667],[-78.161388,39.181076],[-78.16162,39.18112],[-78.161911,39.181136],[-78.163939,39.176094],[-78.164052,39.17615],[-78.164058,39.176387],[-78.164098,39.176465],[-78.164168,39.176516],[-78.164512,39.176632],[-78.165216,39.176788],[-78.165522,39.176006],[-78.168451,39.176694],[-78.168612,39.176733],[-78.170344,39.175977],[-78.17063,39.175873],[-78.171029,39.175409],[-78.171356,39.175101],[-78.171754,39.17478],[-78.174011,39.173146],[-78.177799,39.170651],[-78.179568,39.169173],[-78.179073,39.168942],[-78.178534,39.168653],[-78.178201,39.168365],[-78.1778,39.167913],[-78.177478,39.167656],[-78.177102,39.167439],[-78.176461,39.167204],[-78.173947,39.166655],[-78.173061,39.166517],[-78.172336,39.166486],[-78.169428,39.166614],[-78.168448,39.166626],[-78.169888,39.164998],[-78.17101,39.163629],[-78.175863,39.157962],[-78.176578,39.157072],[-78.177076,39.156347],[-78.177393,39.155827],[-78.177931,39.154791],[-78.181415,39.147229],[-78.182918,39.144051],[-78.18363,39.14275],[-78.184322,39.141666],[-78.18498,39.140716],[-78.186299,39.13908],[-78.186122,39.138912],[-78.18589,39.138785],[-78.184611,39.138204],[-78.184542,39.138123],[-78.184498,39.137994],[-78.184364,39.137933],[-78.184284,39.137865],[-78.184162,39.137819],[-78.183888,39.137818],[-78.183807,39.137774],[-78.183472,39.137307],[-78.183313,39.137249],[-78.183049,39.137275],[-78.182881,39.137127],[-78.18249,39.136695],[-78.182519,39.136374],[-78.182734,39.136074],[-78.182855,39.135751],[-78.18281,39.135455],[-78.182754,39.135339],[-78.182687,39.134765],[-78.182697,39.134357],[-78.182676,39.134275],[-78.182709,39.13417],[-78.182771,39.13409],[-78.182772,39.133863],[-78.182877,39.133634],[-78.183024,39.133466],[-78.183036,39.133409],[-78.182967,39.133318],[-78.182987,39.133258],[-78.18309,39.133194],[-78.183223,39.133059],[-78.18327,39.132959],[-78.183257,39.132793],[-78.183499,39.13256],[-78.183583,39.132421],[-78.183618,39.132142],[-78.183781,39.13158],[-78.183799,39.131425],[-78.183693,39.131313],[-78.183497,39.131247],[-78.183264,39.131119],[-78.183183,39.131027],[-78.183145,39.131065],[-78.183174,39.131076],[-78.181794,39.132447],[-78.174282,39.139841],[-78.173202,39.141032],[-78.172533,39.141894],[-78.171662,39.143171],[-78.170483,39.145265],[-78.167324,39.151151],[-78.165329,39.154995],[-78.164348,39.156588],[-78.163941,39.157156],[-78.163348,39.157852],[-78.162858,39.158369],[-78.161507,39.159607],[-78.161146,39.160047],[-78.158452,39.162039],[-78.157986,39.162444],[-78.157776,39.162626],[-78.156773,39.163727],[-78.155892,39.164844],[-78.155301,39.165747],[-78.154741,39.166754],[-78.153828,39.168914],[-78.153422,39.16979],[-78.152593,39.171286],[-78.151899,39.172292],[-78.150745,39.173671],[-78.150359,39.174069],[-78.149826,39.174588],[-78.149232,39.175115],[-78.148153,39.175962],[-78.147491,39.176481],[-78.142591,39.180116]]]},"properties":{"UNIQUE_ID":"Winchester City-:-301 - War Memorial","COUNTYFP":"840","locality":"Winchester City","precinct":"301 - War Memorial","dem24":1063,"rep24":986}},
{"type":"Feature","geometry":{"type":"Polygon","coordinates":[[[-78.186299,39.13908],[-78.18498,39.140716],[-78.184322,39.141666],[-78.18363,39.14275],[-78.182918,39.144051],[-78.181415,39.147229],[-78.177931,39.154791],[-78.177393,39.155827],[-78.177076,39.156347],[-78.176578,39.157072],[-78.175863,39.157962],[-78.17101,39.163629],[-78.169888,39.164998],[-78.168448,39.166626],[-78.169428,39.166614],[-78.172336,39.166486],[-78.173061,39.166517],[-78.173947,39.166655],[-78.176461,39.167204],[-78.177102,39.167439],[-78.177478,39.167656],[-78.1778,39.167913],[-78.178201,39.168365],[-78.178534,39.168653],[-78.179073,39.168942],[-78.179568,39.169173],[-78.180159,39.168628],[-78.180514,39.168109],[-78.180626,39.167836],[-78.181137,39.166143],[-78.181423,39.1655],[-78.18172,39.165032],[-78.181949,39.164739],[-78.182632,39.164029],[-78.184234,39.162501],[-78.184755,39.161805],[-78.185088,39.161132],[-78.185688,39.159231],[-78.187641,39.152774],[-78.188554,39.149638],[-78.188903,39.148151],[-78.189729,39.143845],[-78.19013,39.14237],[-78.190563,39.140976],[-78.190347,39.140966],[-78.190297,39.140944],[-78.190089,39.140764],[-78.189794,39.140598],[-78.189566,39.140429],[-78.188615,39.140171],[-78.188244,39.140015],[-78.188151,39.139997],[-78.187834,39.139837],[-78.187336,39.139793],[-78.187074,39.139686],[-78.186654,39.139408],[-78.186417,39.139214],[-78.186299,39.13908]]]},"properties":{"UNIQUE_ID":"Winchester City-:-401 - Frederick Douglass","COUNTYFP":"840","locality":"Winchester City","precinct":"401 - Frederick Douglass","dem24":538,"rep24":578}},
{"type":"Feature","geometry":{"type":"Polygon","coordinates":[[[-78.181137,39.166143],[-78.181391,39.166205],[-78.182089,39.166742],[-78.183827,39.169376],[-78.188074,39.174239],[-78.188561,39.174696],[-78.188804,39.174711],[-78.189446,39.174988],[-78.191602,39.170614],[-78.193628,39.165454],[-78.193585,39.165463],[-78.193683,39.164698],[-78.193787,39.163096],[-78.195836,39.154929],[-78.199948,39.153141],[-78.198123,39.149432],[-78.197992,39.149119],[-78.197881,39.148503],[-78.197879,39.147971],[-78.198142,39.147456],[-78.198182,39.14731],[-78.198187,39.147112],[-78.197023,39.143075],[-78.19663,39.142154],[-78.195673,39.142307],[-78.195098,39.142152],[-78.194337,39.141271],[-78.194019,39.141073],[-78.19368,39.140951],[-78.193563,39.140944],[-78.193234,39.140998],[-78.192939,39.141011],[-78.192509,39.140881],[-78.192183,39.140842],[-78.192055,39.140757],[-78.191875,39.140708],[-78.19178,39.140709],[-78.191729,39.140735],[-78.191652,39.140893],[-78.191582,39.140939],[-78.1912,39.140896],[-78.191115,39.140913],[-78.19101,39.140969],[-78.190829,39.140942],[-78.190563,39.140976],[-78.19013,39.14237],[-78.189729,39.143845],[-78.188903,39.148151],[-78.188554,39.149638],[-78.187641,39.152774],[-78.185688,39.159231],[-78.185088,39.161132],[-78.184755,39.161805],[-78.184234,39.162501],[-78.182632,39.164029],[-78.181949,39.164739],[-78.18172,39.165032],[-78.181423,39.1655],[-78.181137,39.166143]]]},"properties":{"UNIQUE_ID":"Winchester City-:-402 - Rolling Hills","COUNTYFP":"840","locality":"Winchester City","precinct":"402 - Rolling Hills","dem24":1002,"rep24":1001}}
]}