{"type":"FeatureCollection", "features": [
{"type":"Feature","geometry":{"type":"Polygon","coordinates":[[[-78.288937,39.02665],[-78.288909,39.026619],[-78.286966,39.024431],[-78.286646,39.024071],[-78.286607,39.024101],[-78.285815,39.024699],[-78.285266,39.024078],[-78.285161,39.023996],[-78.285454,39.023778],[-78.286199,39.023229],[-78.286412,39.023065],[-78.287449,39.0223],[-78.287843,39.022029],[-78.287949,39.021963],[-78.286369,39.020101],[-78.286178,39.01989],[-78.285881,39.019557],[-78.285826,39.019484],[-78.285566,39.019184],[-78.28545,39.019006],[-78.28541,39.018941],[-78.28529,39.018994],[-78.284984,39.019136],[-78.284139,39.019544],[-78.283985,39.019618],[-78.283332,39.019948],[-78.282418,39.020435],[-78.280388,39.021546],[-78.279608,39.021972],[-78.279128,39.022229],[-78.278606,39.022518],[-78.277726,39.022993],[-78.27734,39.023207],[-78.277182,39.023289],[-78.276035,39.023914],[-78.275338,39.024295],[-78.274273,39.024888],[-78.273983,39.025058],[-78.273505,39.025347],[-78.273326,39.025459],[-78.27295,39.025694],[-78.272768,39.02582],[-78.27197,39.026423],[-78.271779,39.02659],[-78.271602,39.026766],[-78.271471,39.026914],[-78.27133,39.027095],[-78.271229,39.027244],[-78.270686,39.028213],[-78.270642,39.028282],[-78.270543,39.028463],[-78.270526,39.028482],[-78.270467,39.028531],[-78.269812,39.028838],[-78.269271,39.029091],[-78.268617,39.029407],[-78.268374,39.029543],[-78.268143,39.029689],[-78.267924,39.029847],[-78.267536,39.030164],[-78.267321,39.030329],[-78.266236,39.031289],[-78.269386,39.034866],[-78.269533,39.035201],[-78.270002,39.035721],[-78.270039,39.03577],[-78.270068,39.035857],[-78.270091,39.035889],[-78.270203,39.035989],[-78.27056,39.036262],[-78.271034,39.036665],[-78.27136,39.036948],[-78.272073,39.037542],[-78.272234,39.037671],[-78.272458,39.037848],[-78.272602,39.037962],[-78.272623,39.037947],[-78.272632,39.037941],[-78.272657,39.037924],[-78.272706,39.037891],[-78.272763,39.037854],[-78.272815,39.037819],[-78.272897,39.037767],[-78.272953,39.03773],[-78.272992,39.037705],[-78.273031,39.037679],[-78.273068,39.037656],[-78.273115,39.037626],[-78.273165,39.037594],[-78.2732,39.037572],[-78.273232,39.037552],[-78.273253,39.037538],[-78.273278,39.037523],[-78.273302,39.037507],[-78.273327,39.037492],[-78.273348,39.037478],[-78.273366,39.037468],[-78.273387,39.037455],[-78.273401,39.037446],[-78.273419,39.037434],[-78.273445,39.037418],[-78.273482,39.037394],[-78.273528,39.037366],[-78.273549,39.037352],[-78.273574,39.037337],[-78.273588,39.037329],[-78.273599,39.037322],[-78.273613,39.037314],[-78.273623,39.037307],[-78.273637,39.037299],[-78.273648,39.037292],[-78.273662,39.037284],[-78.273687,39.037269],[-78.273757,39.037226],[-78.273814,39.037192],[-78.274904,39.036563],[-78.275304,39.036331],[-78.276011,39.035922],[-78.276588,39.035588],[-78.276766,39.035484],[-78.27843,39.034526],[-78.278871,39.034277],[-78.278787,39.034177],[-78.279223,39.03393],[-78.279253,39.033913],[-78.279466,39.033792],[-78.279681,39.033675],[-78.279834,39.033591],[-78.280233,39.033377],[-78.280305,39.033387],[-78.280405,39.0334],[-78.280451,39.033373],[-78.281082,39.033008],[-78.280984,39.032889],[-78.281076,39.032835],[-78.281033,39.032788],[-78.28097,39.032719],[-78.281065,39.032667],[-78.281145,39.032745],[-78.281194,39.032792],[-78.281248,39.032846],[-78.28129,39.032887],[-78.281879,39.032545],[-78.282006,39.032471],[-78.283473,39.031616],[-78.284334,39.031162],[-78.284379,39.031138],[-78.284503,39.03108],[-78.284972,39.030853],[-78.285183,39.030751],[-78.285222,39.030732],[-78.285236,39.030725],[-78.285268,39.030712],[-78.28531,39.030693],[-78.285359,39.030669],[-78.285426,39.030639],[-78.285479,39.030615],[-78.285522,39.030594],[-78.285564,39.030575],[-78.28561,39.030554],[-78.285652,39.030535],[-78.285697,39.030515],[-78.285737,39.030497],[-78.285779,39.030479],[-78.285818,39.030463],[-78.285849,39.030448],[-78.285874,39.030437],[-78.285895,39.030427],[-78.285923,39.030415],[-78.285959,39.0304],[-78.286015,39.030375],[-78.28604,39.030364],[-78.286054,39.030358],[-78.286082,39.030345],[-78.286121,39.03033],[-78.286153,39.030315],[-78.286167,39.030308],[-78.286184,39.030302],[-78.286209,39.030291],[-78.286237,39.03028],[-78.286265,39.030266],[-78.286297,39.030254],[-78.286332,39.030239],[-78.286368,39.030222],[-78.286382,39.030218],[-78.286396,39.030211],[-78.28642,39.030202],[-78.286435,39.030195],[-78.286452,39.030187],[-78.286477,39.030177],[-78.286491,39.03017],[-78.286505,39.030166],[-78.286526,39.030157],[-78.286542,39.03015],[-78.28656,39.030142],[-78.2866,39.030125],[-78.286695,39.030086],[-78.28677,39.030055],[-78.28685,39.030023],[-78.286903,39.030001],[-78.286942,39.029986],[-78.286956,39.029979],[-78.286967,39.029976],[-78.286988,39.029967],[-78.287034,39.029949],[-78.287047,39.029943],[-78.287065,39.029935],[-78.287087,39.029927],[-78.287101,39.029922],[-78.287122,39.029913],[-78.28715,39.029902],[-78.287164,39.029897],[-78.287175,39.029891],[-78.287189,39.029887],[-78.287199,39.029882],[-78.287213,39.029876],[-78.287228,39.029871],[-78.287249,39.029863],[-78.28727,39.029855],[-78.287287,39.029848],[-78.287309,39.02984],[-78.28733,39.029831],[-78.287358,39.02982],[-78.287379,39.029812],[-78.287405,39.029802],[-78.28745,39.029784],[-78.287566,39.02974],[-78.287964,39.02959],[-78.288496,39.029348],[-78.288672,39.029268],[-78.288562,39.029165],[-78.288356,39.028972],[-78.288155,39.029016],[-78.288078,39.029033],[-78.287906,39.028881],[-78.287899,39.028873],[-78.287461,39.028512],[-78.287406,39.028466],[-78.286711,39.027895],[-78.286598,39.027799],[-78.285582,39.026959],[-78.285583,39.02692],[-78.285706,39.026916],[-78.285893,39.026908],[-78.286302,39.026891],[-78.287212,39.026867],[-78.287589,39.026849],[-78.287932,39.026817],[-78.288625,39.026728],[-78.288845,39.02668],[-78.288937,39.02665]]]},"properties":{"NAME":"Middletown","NAMELSAD":"Middletown town"}},
{"type":"Feature","geometry":{"type":"Polygon","coordinates":[[[-78.241146,39.094208],[-78.241272,39.093941],[-78.235561,39.094029],[-78.233947,39.094055],[-78.233805,39.094058],[-78.233351,39.094069],[-78.232079,39.094088],[-78.230873,39.092757],[-78.230654,39.092395],[-78.230278,39.091771],[-78.230071,39.091464],[-78.229942,39.091301],[-78.229827,39.091177],[-78.229412,39.090824],[-78.229224,39.090645],[-78.22906,39.09047],[-78.229019,39.090398],[-78.228995,39.090323],[-78.228989,39.090244],[-78.229,39.090172],[-78.229507,39.089576],[-78.229645,39.089414],[-78.230661,39.087215],[-78.230754,39.087015],[-78.23087,39.086764],[-78.231673,39.085026],[-78.231797,39.084943],[-78.231892,39.084841],[-78.232009,39.084721],[-78.232737,39.084143],[-78.233511,39.083365],[-78.23358,39.083294],[-78.23378,39.083087],[-78.233875,39.082986],[-78.233953,39.0829],[-78.23401,39.082839],[-78.234081,39.082761],[-78.234144,39.082688],[-78.234187,39.082638],[-78.234233,39.082586],[-78.234303,39.082506],[-78.234351,39.082451],[-78.234392,39.082399],[-78.234404,39.082393],[-78.23445,39.082326],[-78.234477,39.082302],[-78.234505,39.082267],[-78.234533,39.08223],[-78.234555,39.082203],[-78.234579,39.082176],[-78.234601,39.082149],[-78.234622,39.082123],[-78.234629,39.082113],[-78.234636,39.082105],[-78.234664,39.082068],[-78.2347,39.082023],[-78.234721,39.081995],[-78.234732,39.081987],[-78.234753,39.08196],[-78.234774,39.081932],[-78.234802,39.081897],[-78.234838,39.08185],[-78.234848,39.081832],[-78.234884,39.081787],[-78.234941,39.081713],[-78.234976,39.081668],[-78.235004,39.081631],[-78.235008,39.081621],[-78.235015,39.081611],[-78.235057,39.081557],[-78.235086,39.08152],[-78.235089,39.08151],[-78.235125,39.081465],[-78.235149,39.081428],[-78.235178,39.081389],[-78.235199,39.081362],[-78.23521,39.081343],[-78.235238,39.081306],[-78.235263,39.081269],[-78.235284,39.081241],[-78.235295,39.081222],[-78.235309,39.081203],[-78.235323,39.081185],[-78.235326,39.081176],[-78.235335,39.081164],[-78.235341,39.081156],[-78.235355,39.081137],[-78.235373,39.08111],[-78.235387,39.081091],[-78.235397,39.081071],[-78.235411,39.081054],[-78.235432,39.081021],[-78.235443,39.081006],[-78.235454,39.080986],[-78.2355,39.080921],[-78.235525,39.080884],[-78.235535,39.080864],[-78.235567,39.080817],[-78.235574,39.080807],[-78.235578,39.080797],[-78.235603,39.08076],[-78.235617,39.080741],[-78.23562,39.080732],[-78.235642,39.080703],[-78.235654,39.080681],[-78.23567,39.080655],[-78.235683,39.080633],[-78.235698,39.080607],[-78.23572,39.080578],[-78.235723,39.080568],[-78.235737,39.080549],[-78.235741,39.08054],[-78.235755,39.08052],[-78.235766,39.080501],[-78.235783,39.080472],[-78.235801,39.080444],[-78.235819,39.080415],[-78.235837,39.080386],[-78.235858,39.080348],[-78.235878,39.080315],[-78.235897,39.08028],[-78.235922,39.080241],[-78.235943,39.080202],[-78.235971,39.080154],[-78.235989,39.080124],[-78.23601,39.080086],[-78.236028,39.080057],[-78.236039,39.080038],[-78.23606,39.079998],[-78.236081,39.07996],[-78.236103,39.07992],[-78.23611,39.07991],[-78.236113,39.079901],[-78.236131,39.079872],[-78.236155,39.079832],[-78.23617,39.079792],[-78.236188,39.079764],[-78.236202,39.079733],[-78.236223,39.079695],[-78.236244,39.079655],[-78.236267,39.079613],[-78.236287,39.079576],[-78.236301,39.079547],[-78.236322,39.079507],[-78.236337,39.079477],[-78.236362,39.079428],[-78.236386,39.079378],[-78.236401,39.079348],[-78.236418,39.079308],[-78.236437,39.079279],[-78.236457,39.079229],[-78.236479,39.079189],[-78.2365,39.07914],[-78.236521,39.0791],[-78.236534,39.079067],[-78.236553,39.07903],[-78.236571,39.078989],[-78.236589,39.078949],[-78.236603,39.078919],[-78.23661,39.0789],[-78.236621,39.078879],[-78.236635,39.078849],[-78.236646,39.078819],[-78.23666,39.078789],[-78.236675,39.078756],[-78.236692,39.078719],[-78.236702,39.078688],[-78.236717,39.078657],[-78.236734,39.078617],[-78.236745,39.078587],[-78.236759,39.078557],[-78.236773,39.078527],[-78.236784,39.078496],[-78.236791,39.078476],[-78.236798,39.078465],[-78.236813,39.078425],[-78.23682,39.078405],[-78.236827,39.078395],[-78.236837,39.078363],[-78.23777,39.075807],[-78.238264,39.074493],[-78.238275,39.074461],[-78.238289,39.074429],[-78.238296,39.074409],[-78.238303,39.074388],[-78.238317,39.074357],[-78.238328,39.074325],[-78.238339,39.074294],[-78.238353,39.074263],[-78.238364,39.074232],[-78.238378,39.0742],[-78.238389,39.074169],[-78.238396,39.074159],[-78.23841,39.074118],[-78.238417,39.074107],[-78.238428,39.074076],[-78.238431,39.074066],[-78.238438,39.074055],[-78.238445,39.074034],[-78.238463,39.073993],[-78.238474,39.073973],[-78.238485,39.073941],[-78.238495,39.073921],[-78.238502,39.0739],[-78.238513,39.073879],[-78.23852,39.073859],[-78.238527,39.073848],[-78.238538,39.073818],[-78.238545,39.073807],[-78.238552,39.073786],[-78.238563,39.073766],[-78.23857,39.073745],[-78.238574,39.073735],[-78.23858,39.073724],[-78.238588,39.073704],[-78.238595,39.073694],[-78.238602,39.073674],[-78.238609,39.073663],[-78.238616,39.073642],[-78.238627,39.073622],[-78.238637,39.073601],[-78.238644,39.073582],[-78.238659,39.07355],[-78.238669,39.07353],[-78.238694,39.073479],[-78.238712,39.073438],[-78.238726,39.073408],[-78.23874,39.073376],[-78.238751,39.073356],[-78.238762,39.073336],[-78.238775,39.073314],[-78.238783,39.073295],[-78.23879,39.073275],[-78.238801,39.073254],[-78.238808,39.073245],[-78.238811,39.073234],[-78.238832,39.073194],[-78.238843,39.073173],[-78.23885,39.073153],[-78.238857,39.073143],[-78.238861,39.073132],[-78.238872,39.073113],[-78.238889,39.073081],[-78.238896,39.073062],[-78.238907,39.073042],[-78.238914,39.073032],[-78.238918,39.073021],[-78.238925,39.073011],[-78.238928,39.073],[-78.238946,39.07297],[-78.238971,39.072921],[-78.238992,39.07288],[-78.239013,39.07284],[-78.239042,39.072789],[-78.239056,39.072759],[-78.239081,39.072719],[-78.239095,39.072689],[-78.239116,39.072649],[-78.239134,39.072619],[-78.239162,39.07257],[-78.23918,39.07254],[-78.239184,39.072529],[-78.239197,39.07251],[-78.239201,39.0725],[-78.239208,39.072489],[-78.239212,39.072479],[-78.239226,39.07246],[-78.23923,39.072449],[-78.239238,39.072437],[-78.239254,39.072409],[-78.239269,39.072381],[-78.239283,39.07236],[-78.239286,39.072351],[-78.239296,39.072336],[-78.239304,39.07232],[-78.239318,39.072301],[-78.239347,39.072252],[-78.239364,39.072222],[-78.239375,39.072202],[-78.239393,39.072172],[-78.239407,39.072153],[-78.239418,39.072133],[-78.239428,39.072113],[-78.239442,39.072094],[-78.239446,39.072083],[-78.239477,39.072052],[-78.239316,39.071981],[-78.239153,39.071909],[-78.23881,39.071757],[-78.238334,39.071561],[-78.238046,39.071425],[-78.237578,39.071233],[-78.237424,39.071162],[-78.23741,39.071178],[-78.236393,39.072845],[-78.233952,39.071737],[-78.233615,39.071568],[-78.232912,39.071217],[-78.232293,39.071934],[-78.232006,39.072266],[-78.230481,39.071334],[-78.230416,39.071288],[-78.230253,39.071432],[-78.229748,39.07186],[-78.229431,39.072139],[-78.228769,39.072696],[-78.228525,39.072908],[-78.228493,39.072932],[-78.226798,39.074401],[-78.225949,39.075137],[-78.226011,39.075173],[-78.226974,39.075653],[-78.226656,39.075932],[-78.225856,39.076633],[-78.225745,39.076568],[-78.225489,39.076444],[-78.224836,39.076103],[-78.224447,39.076458],[-78.224228,39.076667],[-78.224028,39.076866],[-78.223817,39.077088],[-78.223879,39.077124],[-78.224269,39.077335],[-78.224821,39.077632],[-78.224142,39.078365],[-78.224606,39.078598],[-78.222928,39.080334],[-78.222804,39.080242],[-78.222665,39.080139],[-78.222269,39.079846],[-78.222225,39.079807],[-78.221746,39.079456],[-78.221693,39.079404],[-78.221663,39.079376],[-78.22163,39.079357],[-78.221578,39.079326],[-78.221521,39.079296],[-78.22149,39.079277],[-78.221458,39.079252],[-78.221437,39.079235],[-78.221413,39.079211],[-78.221374,39.079165],[-78.221346,39.079127],[-78.221311,39.079083],[-78.221293,39.079062],[-78.221276,39.079044],[-78.221234,39.07901],[-78.221188,39.078975],[-78.221142,39.078934],[-78.221111,39.078904],[-78.221083,39.078874],[-78.221058,39.078847],[-78.221028,39.078821],[-78.220984,39.078787],[-78.220935,39.078754],[-78.220886,39.078719],[-78.220833,39.078681],[-78.220788,39.078649],[-78.220753,39.078623],[-78.220731,39.078605],[-78.220696,39.078569],[-78.220665,39.078533],[-78.22064,39.078507],[-78.220612,39.07848],[-78.220567,39.078444],[-78.220517,39.078405],[-78.220489,39.078378],[-78.220472,39.07836],[-78.220437,39.078324],[-78.220247,39.078117],[-78.220203,39.078146],[-78.219967,39.0783],[-78.219019,39.079038],[-78.218791,39.079235],[-78.218442,39.079573],[-78.218091,39.079938],[-78.216511,39.081551],[-78.216212,39.081882],[-78.216151,39.081938],[-78.216062,39.082006],[-78.215704,39.082249],[-78.215254,39.082518],[-78.215031,39.082668],[-78.214786,39.082832],[-78.214344,39.083145],[-78.213642,39.083669],[-78.212827,39.084398],[-78.212193,39.085125],[-78.211786,39.085625],[-78.211506,39.08597],[-78.210838,39.086859],[-78.210426,39.08744],[-78.209951,39.088145],[-78.209693,39.08855],[-78.209377,39.089067],[-78.209037,39.089654],[-78.208916,39.089874],[-78.208736,39.0902],[-78.208353,39.090926],[-78.208096,39.091458],[-78.207902,39.091875],[-78.207714,39.092305],[-78.207419,39.093009],[-78.207399,39.093056],[-78.206152,39.096364],[-78.204994,39.099434],[-78.204689,39.100253],[-78.204991,39.100406],[-78.207296,39.101586],[-78.208008,39.101946],[-78.208112,39.10199],[-78.208168,39.102015],[-78.208261,39.102051],[-78.212033,39.103366],[-78.21188,39.103799],[-78.212457,39.104017],[-78.212667,39.103603],[-78.215453,39.104569],[-78.217028,39.105123],[-78.217224,39.1052],[-78.218566,39.103006],[-78.21891,39.10312],[-78.22284,39.104418],[-78.22379,39.104736],[-78.226249,39.102971],[-78.226349,39.102897],[-78.2263,39.102591],[-78.2263,39.102502],[-78.226313,39.102432],[-78.226349,39.102326],[-78.227052,39.101053],[-78.227467,39.100328],[-78.22841,39.09871],[-78.228419,39.098687],[-78.228435,39.098645],[-78.230089,39.099107],[-78.231858,39.099594],[-78.237977,39.101245],[-78.238048,39.101086],[-78.238722,39.099588],[-78.241146,39.094208]]]},"properties":{"NAME":"Stephens City","NAMELSAD":"Stephens City town"}},
{"type":"Feature","geometry":{"type":"Polygon","coordinates":[[[-78.445507,38.944292],[-78.445557,38.944258],[-78.444998,38.943819],[-78.444883,38.943722],[-78.444535,38.943428],[-78.445097,38.943051],[-78.44507,38.943024],[-78.445054,38.943009],[-78.444441,38.942407],[-78.444385,38.942436],[-78.443988,38.942641],[-78.443853,38.942699],[-78.443517,38.942846],[-78.442676,38.943205],[-78.442271,38.943455],[-78.441832,38.943659],[-78.441322,38.943895],[-78.440736,38.944192],[-78.44005,38.944611],[-78.439542,38.944158],[-78.439296,38.944291],[-78.439099,38.944397],[-78.438329,38.94481],[-78.438234,38.9448],[-78.438042,38.944898],[-78.438234,38.945091],[-78.438283,38.94526],[-78.438282,38.945353],[-78.438335,38.945444],[-78.438261,38.945551],[-78.438195,38.945593],[-78.438197,38.945698],[-78.438208,38.946026],[-78.437646,38.946402],[-78.437691,38.94645],[-78.43774,38.946502],[-78.437841,38.946609],[-78.437853,38.946621],[-78.437827,38.946647],[-78.437756,38.946719],[-78.437527,38.94695],[-78.437424,38.947161],[-78.437419,38.947171],[-78.437367,38.947207],[-78.437125,38.947372],[-78.436826,38.947576],[-78.436628,38.9474],[-78.43658,38.947437],[-78.436467,38.947523],[-78.436413,38.947565],[-78.436279,38.947656],[-78.436178,38.947725],[-78.435935,38.947908],[-78.435809,38.947986],[-78.435799,38.947995],[-78.435631,38.948147],[-78.435601,38.948167],[-78.435399,38.948342],[-78.435188,38.948511],[-78.434852,38.948359],[-78.434734,38.948679],[-78.434673,38.948815],[-78.43456,38.948933],[-78.434016,38.949301],[-78.433937,38.949419],[-78.433909,38.949537],[-78.433931,38.94962],[-78.434184,38.94975],[-78.434325,38.949855],[-78.434368,38.949888],[-78.434538,38.95007],[-78.433716,38.950532],[-78.433596,38.950599],[-78.43352,38.950645],[-78.433667,38.95062],[-78.433764,38.950591],[-78.433812,38.950577],[-78.434107,38.95049],[-78.434255,38.950446],[-78.434433,38.950369],[-78.434658,38.950275],[-78.435106,38.950075],[-78.435218,38.950023],[-78.435568,38.949866],[-78.435764,38.949777],[-78.435852,38.949738],[-78.436021,38.949661],[-78.436102,38.949624],[-78.436209,38.949576],[-78.436239,38.949562],[-78.436495,38.949449],[-78.437155,38.949158],[-78.437337,38.949078],[-78.437387,38.949056],[-78.437411,38.949045],[-78.437689,38.948928],[-78.437748,38.94899],[-78.437805,38.94905],[-78.438509,38.949788],[-78.439352,38.949401],[-78.439668,38.949255],[-78.439758,38.949212],[-78.440151,38.949024],[-78.440277,38.948963],[-78.440539,38.948835],[-78.440625,38.948793],[-78.440766,38.948723],[-78.440814,38.948744],[-78.440881,38.948771],[-78.440927,38.948743],[-78.442151,38.947988],[-78.442528,38.947755],[-78.442471,38.9477],[-78.44182,38.94705],[-78.441745,38.946972],[-78.441696,38.946838],[-78.441681,38.946797],[-78.441733,38.946763],[-78.442418,38.946316],[-78.442437,38.946305],[-78.442515,38.946253],[-78.442606,38.946192],[-78.443147,38.94583],[-78.443204,38.945792],[-78.443222,38.94578],[-78.44357,38.945555],[-78.443675,38.945487],[-78.443837,38.945382],[-78.444847,38.944724],[-78.445007,38.94462],[-78.445507,38.944292]]]},"properties":{"NAME":"Toms Brook","NAMELSAD":"Toms Brook town"}},
{"type":"Feature","geometry":{"type":"Polygon","coordinates":[[[-78.220663,38.943933],[-78.220684,38.943913],[-78.220319,38.943646],[-78.220098,38.943487],[-78.219827,38.943284],[-78.21949,38.943083],[-78.218841,38.942694],[-78.218423,38.942444],[-78.21827,38.942353],[-78.21775,38.942219],[-78.217688,38.942199],[-78.217408,38.941814],[-78.217223,38.941559],[-78.216876,38.94151],[-78.216825,38.941502],[-78.216791,38.941473],[-78.216588,38.941297],[-78.21639,38.941126],[-78.216347,38.941088],[-78.216304,38.941075],[-78.21607,38.941012],[-78.215948,38.94098],[-78.215901,38.940875],[-78.21581,38.940669],[-78.215172,38.939235],[-78.215029,38.939179],[-78.214972,38.939146],[-78.214909,38.939124],[-78.214818,38.939102],[-78.214508,38.939067],[-78.214102,38.93902],[-78.214071,38.939016],[-78.214088,38.938993],[-78.214308,38.9387],[-78.214158,38.938586],[-78.214084,38.93853],[-78.213699,38.938241],[-78.213624,38.938184],[-78.213446,38.93805],[-78.213411,38.938023],[-78.213368,38.937991],[-78.213338,38.937968],[-78.213324,38.937958],[-78.213309,38.937946],[-78.21312,38.937804],[-78.214332,38.937714],[-78.214898,38.937672],[-78.215361,38.937637],[-78.216048,38.937587],[-78.216603,38.937545],[-78.216952,38.937397],[-78.217179,38.937302],[-78.217582,38.937133],[-78.217802,38.937043],[-78.217901,38.936998],[-78.218643,38.936686],[-78.218659,38.93667],[-78.218861,38.93637],[-78.218877,38.936344],[-78.219508,38.935431],[-78.219993,38.934727],[-78.220168,38.934023],[-78.220351,38.933286],[-78.220409,38.933049],[-78.220334,38.932757],[-78.219906,38.931129],[-78.219725,38.92953],[-78.219556,38.927975],[-78.219453,38.927441],[-78.219305,38.925949],[-78.219267,38.925622],[-78.21911,38.925343],[-78.218404,38.924084],[-78.218131,38.923597],[-78.21801,38.923381],[-78.216985,38.922203],[-78.21666,38.921829],[-78.21581,38.920852],[-78.215398,38.92038],[-78.215176,38.920124],[-78.214808,38.91963],[-78.214716,38.919506],[-78.214335,38.918995],[-78.214151,38.918747],[-78.214137,38.918728],[-78.213619,38.918033],[-78.211868,38.91568],[-78.210458,38.91379],[-78.210381,38.913686],[-78.210256,38.913518],[-78.210232,38.913462],[-78.210214,38.913462],[-78.210142,38.913365],[-78.209895,38.913376],[-78.209848,38.913378],[-78.209683,38.913385],[-78.209459,38.913396],[-78.209324,38.91344],[-78.209238,38.913426],[-78.208888,38.913401],[-78.208303,38.913378],[-78.208191,38.913374],[-78.208091,38.913379],[-78.208054,38.913385],[-78.207956,38.913401],[-78.207861,38.913406],[-78.207787,38.91341],[-78.207651,38.913402],[-78.207528,38.913382],[-78.206981,38.913272],[-78.205824,38.913092],[-78.205516,38.913058],[-78.205187,38.913037],[-78.205026,38.91304],[-78.204868,38.91306],[-78.204781,38.913081],[-78.204716,38.912809],[-78.204655,38.912626],[-78.204587,38.912503],[-78.204518,38.912412],[-78.204255,38.912143],[-78.203884,38.911796],[-78.203524,38.911492],[-78.203373,38.911375],[-78.203128,38.911201],[-78.202926,38.911074],[-78.202182,38.91065],[-78.201772,38.910409],[-78.201537,38.91027],[-78.201268,38.910105],[-78.200904,38.909893],[-78.200736,38.909808],[-78.200606,38.909753],[-78.200437,38.909693],[-78.199803,38.909494],[-78.198693,38.909146],[-78.198435,38.909081],[-78.198079,38.908977],[-78.197963,38.908941],[-78.197324,38.908744],[-78.196796,38.908563],[-78.194309,38.907807],[-78.19296,38.907392],[-78.192861,38.907358],[-78.192693,38.907309],[-78.19251,38.907255],[-78.192174,38.90717],[-78.191821,38.907065],[-78.191318,38.906923],[-78.190813,38.906766],[-78.190241,38.906605],[-78.191046,38.903434],[-78.190982,38.902911],[-78.191054,38.902806],[-78.191117,38.902677],[-78.191164,38.902535],[-78.191279,38.902131],[-78.191485,38.901303],[-78.19153,38.901015],[-78.191525,38.900921],[-78.191492,38.900776],[-78.191458,38.900679],[-78.191404,38.900573],[-78.191336,38.90049],[-78.191269,38.90043],[-78.190794,38.900101],[-78.190557,38.899948],[-78.190235,38.89971],[-78.190132,38.899622],[-78.190112,38.899576],[-78.190102,38.899535],[-78.190088,38.899516],[-78.189989,38.899418],[-78.189845,38.899243],[-78.189719,38.899141],[-78.189566,38.899039],[-78.189435,38.898966],[-78.189132,38.898828],[-78.189022,38.898765],[-78.18892,38.898688],[-78.188705,38.898469],[-78.1886,38.898373],[-78.188506,38.898261],[-78.188458,38.89819],[-78.188388,38.898038],[-78.188345,38.897914],[-78.188307,38.897755],[-78.188275,38.897558],[-78.188268,38.897424],[-78.188269,38.897353],[-78.188286,38.897177],[-78.188311,38.897008],[-78.188319,38.896906],[-78.188327,38.896816],[-78.188491,38.896222],[-78.188707,38.895688],[-78.188781,38.895384],[-78.18925,38.89436],[-78.189551,38.893895],[-78.189752,38.893351],[-78.190009,38.89305],[-78.183341,38.891788],[-78.182545,38.891638],[-78.182381,38.891766],[-78.18167,38.892359],[-78.180667,38.893349],[-78.18063,38.893384],[-78.180502,38.893452],[-78.180074,38.893668],[-78.179931,38.893742],[-78.180067,38.894779],[-78.180823,38.895562],[-78.18097,38.895861],[-78.181028,38.89601],[-78.181227,38.896553],[-78.181453,38.896675],[-78.1814,38.896764],[-78.181223,38.897062],[-78.181053,38.897348],[-78.180969,38.897488],[-78.180938,38.89754],[-78.180855,38.897681],[-78.180551,38.898192],[-78.180197,38.898787],[-78.179089,38.900654],[-78.177945,38.902388],[-78.173931,38.902153],[-78.173365,38.901774],[-78.171351,38.900424],[-78.170946,38.900153],[-78.170596,38.899918],[-78.170326,38.899925],[-78.170208,38.899928],[-78.16953,38.899946],[-78.168797,38.899595],[-78.166752,38.898614],[-78.165342,38.897168],[-78.164649,38.897848],[-78.161104,38.90566],[-78.160907,38.905848],[-78.160839,38.905913],[-78.160798,38.905952],[-78.15987,38.906838],[-78.159475,38.907214],[-78.159211,38.907468],[-78.156078,38.907043],[-78.156008,38.907],[-78.155998,38.906975],[-78.15598,38.90696],[-78.155905,38.906942],[-78.15562,38.906895],[-78.155104,38.906824],[-78.154298,38.906726],[-78.154138,38.906715],[-78.153929,38.906718],[-78.15389,38.906848],[-78.153856,38.90696],[-78.153775,38.9072],[-78.153727,38.907415],[-78.153671,38.907787],[-78.153646,38.908052],[-78.153622,38.908229],[-78.1536,38.908327],[-78.153582,38.908374],[-78.153563,38.908422],[-78.153515,38.908511],[-78.153349,38.908741],[-78.153134,38.909074],[-78.153062,38.909266],[-78.15296,38.91079],[-78.153015,38.910763],[-78.153057,38.91073],[-78.153107,38.910719],[-78.15331,38.910741],[-78.153598,38.910752],[-78.153774,38.910741],[-78.153929,38.910708],[-78.154111,38.910686],[-78.15402,38.911014],[-78.154832,38.911794],[-78.156193,38.912909],[-78.156675,38.913113],[-78.157134,38.913261],[-78.157802,38.913621],[-78.158915,38.915103],[-78.159054,38.915458],[-78.15897,38.916154],[-78.154577,38.915535],[-78.153591,38.915682],[-78.152623,38.915826],[-78.151703,38.915956],[-78.147567,38.916542],[-78.147696,38.917034],[-78.146581,38.917362],[-78.145083,38.918507],[-78.145113,38.918538],[-78.146565,38.920033],[-78.149052,38.922594],[-78.149092,38.922635],[-78.151038,38.92463],[-78.151055,38.925101],[-78.151069,38.926897],[-78.151111,38.92701],[-78.151536,38.927777],[-78.151768,38.928216],[-78.151813,38.928279],[-78.151848,38.928307],[-78.151903,38.928331],[-78.151349,38.928591],[-78.150923,38.928808],[-78.150712,38.928924],[-78.150474,38.929054],[-78.149928,38.929371],[-78.149577,38.929576],[-78.149495,38.929628],[-78.148884,38.929982],[-78.147506,38.930799],[-78.146722,38.931246],[-78.146386,38.93144],[-78.145013,38.932239],[-78.144705,38.932412],[-78.143767,38.932928],[-78.143487,38.933075],[-78.143348,38.933144],[-78.14312,38.933247],[-78.14296,38.933319],[-78.142816,38.933379],[-78.143065,38.933559],[-78.143076,38.933602],[-78.143311,38.934526],[-78.143566,38.935526],[-78.143768,38.936321],[-78.151431,38.937482],[-78.150998,38.938488],[-78.152868,38.938869],[-78.153721,38.939052],[-78.155027,38.939304],[-78.156185,38.939546],[-78.156527,38.939611],[-78.157005,38.939715],[-78.157511,38.939819],[-78.157793,38.939873],[-78.158033,38.939925],[-78.158467,38.940011],[-78.158681,38.940049],[-78.15906,38.940132],[-78.159291,38.940178],[-78.159583,38.940227],[-78.159899,38.940302],[-78.160052,38.94033],[-78.160396,38.940403],[-78.160835,38.940502],[-78.160936,38.940514],[-78.161054,38.940538],[-78.161355,38.940598],[-78.161564,38.940632],[-78.161853,38.940697],[-78.162078,38.940737],[-78.162165,38.940758],[-78.162421,38.94082],[-78.162917,38.940926],[-78.163125,38.940955],[-78.163159,38.940933],[-78.165721,38.938717],[-78.166823,38.938868],[-78.166451,38.941517],[-78.166404,38.941853],[-78.163612,38.942078],[-78.163345,38.942099],[-78.163324,38.942137],[-78.162315,38.944847],[-78.162242,38.945042],[-78.162202,38.945199],[-78.163063,38.945276],[-78.164577,38.945408],[-78.165571,38.945499],[-78.168902,38.945796],[-78.16893,38.945798],[-78.168901,38.945836],[-78.168892,38.945995],[-78.168884,38.946602],[-78.168875,38.946718],[-78.168858,38.946782],[-78.168832,38.946831],[-78.168786,38.946885],[-78.168762,38.946903],[-78.168818,38.947366],[-78.168959,38.947387],[-78.17133,38.94773],[-78.172471,38.947896],[-78.173097,38.947987],[-78.173135,38.947992],[-78.17356,38.948074],[-78.174041,38.948166],[-78.17521,38.94839],[-78.175304,38.948759],[-78.174672,38.950498],[-78.174581,38.95075],[-78.17492,38.950819],[-78.175529,38.950758],[-78.175696,38.950666],[-78.176425,38.950749],[-78.176425,38.950724],[-78.177846,38.950935],[-78.179803,38.951228],[-78.180627,38.951348],[-78.181209,38.950155],[-78.182323,38.947222],[-78.181883,38.947],[-78.182312,38.943731],[-78.185429,38.942304],[-78.186137,38.94243],[-78.187373,38.942215],[-78.187426,38.942222],[-78.187433,38.942278],[-78.187469,38.942338],[-78.187539,38.942403],[-78.187588,38.942486],[-78.188021,38.942921],[-78.188148,38.943388],[-78.187486,38.943759],[-78.187434,38.943949],[-78.187321,38.944349],[-78.18756,38.944405],[-78.18758,38.944408],[-78.187563,38.944416],[-78.187606,38.944423],[-78.188057,38.944515],[-78.188168,38.94454],[-78.18891,38.944707],[-78.18985,38.944919],[-78.190972,38.945539],[-78.192556,38.946682],[-78.193034,38.947025],[-78.193091,38.947065],[-78.193435,38.947313],[-78.193555,38.9474],[-78.193688,38.947495],[-78.193729,38.947514],[-78.193892,38.947586],[-78.194246,38.947741],[-78.194575,38.947886],[-78.194725,38.947952],[-78.195022,38.94806],[-78.195221,38.948133],[-78.195477,38.948226],[-78.195973,38.94841],[-78.197329,38.948902],[-78.197371,38.948916],[-78.197512,38.948966],[-78.197652,38.949017],[-78.198263,38.94924],[-78.19876,38.949421],[-78.19911,38.949548],[-78.199092,38.949257],[-78.19907,38.948793],[-78.199062,38.948639],[-78.199474,38.948822],[-78.199468,38.948687],[-78.199526,38.948685],[-78.199503,38.948183],[-78.199332,38.948041],[-78.199248,38.947974],[-78.199163,38.947883],[-78.19949,38.947966],[-78.199418,38.947116],[-78.199288,38.947095],[-78.199111,38.946726],[-78.199058,38.946613],[-78.199361,38.946261],[-78.19932,38.945372],[-78.199454,38.945096],[-78.199417,38.944454],[-78.199321,38.942375],[-78.199308,38.942104],[-78.199302,38.941961],[-78.199285,38.941614],[-78.199234,38.940415],[-78.199214,38.94009],[-78.199356,38.94007],[-78.199494,38.940051],[-78.199497,38.940108],[-78.19957,38.940101],[-78.199586,38.940344],[-78.199697,38.941514],[-78.199702,38.941716],[-78.199706,38.941919],[-78.199708,38.942015],[-78.199724,38.942267],[-78.199891,38.944468],[-78.199905,38.94461],[-78.200035,38.944795],[-78.20006,38.946345],[-78.200379,38.946704],[-78.200336,38.946843],[-78.200105,38.947529],[-78.200172,38.948205],[-78.200245,38.949241],[-78.200279,38.949639],[-78.200312,38.950017],[-78.200312,38.950144],[-78.200311,38.95027],[-78.200305,38.95265],[-78.200305,38.952718],[-78.200376,38.952755],[-78.200447,38.952809],[-78.200509,38.952877],[-78.200547,38.952938],[-78.200585,38.95303],[-78.200611,38.953167],[-78.200615,38.953261],[-78.200603,38.953342],[-78.200562,38.953478],[-78.200394,38.95389],[-78.200354,38.953999],[-78.200323,38.954081],[-78.200278,38.954269],[-78.200258,38.954431],[-78.200254,38.954527],[-78.200106,38.954524],[-78.199586,38.954391],[-78.199574,38.954388],[-78.199479,38.954566],[-78.199369,38.954748],[-78.199239,38.954933],[-78.199057,38.955128],[-78.198876,38.955322],[-78.198625,38.955561],[-78.19857,38.955609],[-78.198274,38.955866],[-78.197772,38.956279],[-78.197709,38.956331],[-78.197186,38.956749],[-78.196799,38.957069],[-78.196555,38.957273],[-78.196294,38.957501],[-78.195771,38.957973],[-78.195121,38.958579],[-78.194102,38.959536],[-78.19386,38.959742],[-78.193867,38.95976],[-78.193899,38.959838],[-78.193882,38.959864],[-78.193851,38.959949],[-78.193837,38.960037],[-78.19384,38.960105],[-78.193856,38.960169],[-78.193898,38.960252],[-78.194041,38.960467],[-78.194177,38.960693],[-78.194277,38.960892],[-78.194408,38.961078],[-78.194588,38.961334],[-78.194906,38.961799],[-78.19512,38.962036],[-78.195195,38.962106],[-78.195444,38.962371],[-78.195996,38.962711],[-78.196036,38.962735],[-78.196047,38.962717],[-78.196089,38.962645],[-78.196126,38.962583],[-78.196337,38.962223],[-78.196458,38.961782],[-78.196522,38.961545],[-78.19655,38.961444],[-78.196211,38.960774],[-78.195905,38.960661],[-78.195895,38.960639],[-78.195808,38.960444],[-78.195784,38.96039],[-78.195737,38.96029],[-78.195658,38.96011],[-78.195756,38.959911],[-78.195877,38.959668],[-78.196001,38.959458],[-78.196256,38.959028],[-78.196552,38.958521],[-78.196796,38.958077],[-78.196825,38.958024],[-78.196853,38.957973],[-78.196908,38.957853],[-78.196938,38.957801],[-78.197208,38.957523],[-78.197315,38.957324],[-78.197391,38.957183],[-78.197425,38.957154],[-78.197447,38.957134],[-78.197647,38.956959],[-78.197934,38.957062],[-78.198377,38.95722],[-78.198304,38.957345],[-78.199263,38.957688],[-78.199612,38.957098],[-78.200269,38.956021],[-78.200665,38.955855],[-78.201086,38.955426],[-78.202169,38.955807],[-78.202173,38.955675],[-78.202186,38.955456],[-78.202209,38.954444],[-78.202188,38.954186],[-78.201924,38.953886],[-78.20189,38.953846],[-78.201824,38.953356],[-78.201708,38.950765],[-78.201692,38.950484],[-78.201975,38.950593],[-78.202032,38.950611],[-78.20495,38.951673],[-78.205424,38.951845],[-78.206317,38.95217],[-78.207167,38.952383],[-78.207611,38.952493],[-78.208485,38.95271],[-78.208963,38.952829],[-78.209673,38.953005],[-78.210676,38.953255],[-78.211396,38.953433],[-78.211492,38.953457],[-78.211573,38.953358],[-78.211616,38.953307],[-78.211643,38.953272],[-78.211663,38.953249],[-78.211761,38.953129],[-78.211821,38.953058],[-78.211891,38.95297],[-78.212292,38.953085],[-78.212681,38.952526],[-78.21281,38.952341],[-78.213397,38.951496],[-78.213428,38.951451],[-78.213794,38.950924],[-78.213452,38.950832],[-78.214665,38.949347],[-78.215124,38.948775],[-78.215299,38.948619],[-78.215481,38.948456],[-78.215639,38.948314],[-78.215967,38.948022],[-78.218003,38.946204],[-78.218069,38.94625],[-78.218457,38.945903],[-78.218567,38.945805],[-78.220434,38.944138],[-78.220663,38.943933]]]},"properties":{"NAME":"Front Royal","NAMELSAD":"Front Royal town"}},
{"type":"Feature","geometry":{"type":"MultiPolygon","coordinates":[[[[-78.570474,38.816923],[-78.570891,38.816514],[-78.570914,38.816491],[-78.57058,38.816453],[-78.570313,38.81645],[-78.56933,38.816485],[-78.569008,38.816497],[-78.569055,38.816864],[-78.569501,38.816834],[-78.569774,38.816859],[-78.570039,38.816883],[-78.570241,38.816902],[-78.570474,38.816923]]],[[[-78.570474,38.816923],[-78.569667,38.817698],[-78.569402,38.817927],[-78.569251,38.817929],[-78.567916,38.817948],[-78.567138,38.817955],[-78.567127,38.817945],[-78.566926,38.817748],[-78.567009,38.817377],[-78.566434,38.817202],[-78.566397,38.81719],[-78.566167,38.817122],[-78.566129,38.817154],[-78.56609,38.817184],[-78.565049,38.816552],[-78.564952,38.816489],[-78.563062,38.815334],[-78.562516,38.815523],[-78.562456,38.815542],[-78.560656,38.816191],[-78.559895,38.816451],[-78.558748,38.816821],[-78.558737,38.816824],[-78.55873,38.816833],[-78.558351,38.817358],[-78.558285,38.817451],[-78.558156,38.817631],[-78.557945,38.817925],[-78.55778,38.818225],[-78.557668,38.818588],[-78.557662,38.818607],[-78.557581,38.81887],[-78.557548,38.81898],[-78.557496,38.819152],[-78.556816,38.819321],[-78.556142,38.819459],[-78.555864,38.819569],[-78.555819,38.819587],[-78.555652,38.819653],[-78.555552,38.819693],[-78.555677,38.819709],[-78.555717,38.819714],[-78.555721,38.819768],[-78.555723,38.819813],[-78.555731,38.81994],[-78.555727,38.81997],[-78.555785,38.819964],[-78.555928,38.819983],[-78.556064,38.820023],[-78.556176,38.820064],[-78.556265,38.820104],[-78.55632,38.820129],[-78.556456,38.820221],[-78.556522,38.820246],[-78.556585,38.820301],[-78.556552,38.820404],[-78.556467,38.820514],[-78.556331,38.820696],[-78.556263,38.820788],[-78.556087,38.821024],[-78.556061,38.82106],[-78.555427,38.821912],[-78.555362,38.822],[-78.554351,38.82336],[-78.554269,38.823446],[-78.55423,38.823463],[-78.553858,38.823597],[-78.553436,38.823696],[-78.553245,38.823722],[-78.552854,38.823714],[-78.552473,38.82366],[-78.552439,38.823651],[-78.552428,38.82368],[-78.552305,38.824013],[-78.552221,38.824239],[-78.551839,38.824139],[-78.551783,38.824277],[-78.551779,38.824308],[-78.551755,38.824401],[-78.55173,38.824496],[-78.551658,38.824732],[-78.551646,38.824769],[-78.55159,38.824999],[-78.55158,38.825041],[-78.551569,38.825095],[-78.551489,38.825339],[-78.551487,38.825354],[-78.551481,38.825397],[-78.551471,38.825464],[-78.551825,38.825524],[-78.552192,38.825602],[-78.552419,38.825652],[-78.552378,38.825824],[-78.552359,38.825901],[-78.552307,38.82613],[-78.552278,38.826303],[-78.552199,38.82677],[-78.552481,38.826811],[-78.552772,38.826853],[-78.552954,38.82688],[-78.553116,38.826904],[-78.553486,38.827049],[-78.553779,38.827164],[-78.553838,38.827189],[-78.553956,38.82707],[-78.554242,38.826763],[-78.554318,38.826684],[-78.554436,38.826533],[-78.554731,38.826625],[-78.554927,38.826687],[-78.556632,38.827224],[-78.55763,38.827539],[-78.559261,38.827983],[-78.559415,38.828024],[-78.560273,38.82825],[-78.560183,38.828345],[-78.560384,38.82843],[-78.560519,38.82846],[-78.560799,38.828521],[-78.56079,38.828554],[-78.560864,38.82858],[-78.561007,38.828629],[-78.561023,38.828634],[-78.561046,38.828642],[-78.561339,38.828727],[-78.561694,38.828835],[-78.562428,38.829057],[-78.562443,38.829062],[-78.562526,38.829087],[-78.562823,38.829176],[-78.564006,38.829575],[-78.56493,38.829888],[-78.565576,38.830105],[-78.56745,38.830738],[-78.567253,38.830414],[-78.568124,38.830777],[-78.568139,38.830804],[-78.567877,38.830921],[-78.567848,38.830931],[-78.567811,38.830959],[-78.567765,38.830991],[-78.567738,38.831044],[-78.567736,38.831157],[-78.567742,38.831393],[-78.567738,38.831556],[-78.567739,38.831674],[-78.567739,38.831698],[-78.567743,38.831954],[-78.567743,38.831989],[-78.567742,38.832052],[-78.567733,38.832761],[-78.567737,38.833126],[-78.567737,38.833174],[-78.567737,38.83319],[-78.567733,38.833313],[-78.56805,38.833303],[-78.568752,38.83331],[-78.568873,38.833064],[-78.568983,38.832839],[-78.568999,38.832647],[-78.569015,38.832454],[-78.56915,38.832362],[-78.569646,38.832064],[-78.569619,38.832046],[-78.569586,38.832023],[-78.569231,38.831645],[-78.569207,38.83162],[-78.568944,38.831336],[-78.568935,38.831326],[-78.568906,38.831295],[-78.568877,38.831265],[-78.568817,38.8312],[-78.568802,38.831183],[-78.568431,38.830784],[-78.568412,38.830764],[-78.568373,38.830715],[-78.56848,38.830686],[-78.568496,38.830681],[-78.56851,38.830707],[-78.568531,38.83073],[-78.568637,38.830672],[-78.56972,38.830367],[-78.570231,38.830236],[-78.570458,38.830183],[-78.572328,38.829655],[-78.572479,38.829577],[-78.572523,38.82955],[-78.572569,38.829522],[-78.572665,38.829392],[-78.573063,38.828712],[-78.573007,38.828677],[-78.573027,38.828614],[-78.573191,38.828126],[-78.57322,38.828039],[-78.573242,38.827969],[-78.573142,38.827915],[-78.573061,38.827872],[-78.572481,38.82757],[-78.572083,38.827384],[-78.572011,38.827351],[-78.571944,38.827321],[-78.571516,38.827129],[-78.571302,38.827006],[-78.571207,38.826952],[-78.570671,38.826588],[-78.570592,38.826535],[-78.570184,38.826278],[-78.569879,38.826159],[-78.56973,38.826042],[-78.569654,38.825982],[-78.569177,38.825447],[-78.568976,38.825136],[-78.569142,38.825036],[-78.56936,38.82491],[-78.570098,38.824477],[-78.570339,38.824336],[-78.570364,38.824321],[-78.570879,38.824019],[-78.571835,38.823459],[-78.571834,38.82301],[-78.57186,38.822995],[-78.571876,38.822986],[-78.571811,38.82264],[-78.571733,38.822235],[-78.571707,38.822103],[-78.571661,38.821859],[-78.571636,38.821728],[-78.571506,38.821051],[-78.571497,38.821004],[-78.571488,38.820958],[-78.571479,38.820912],[-78.571384,38.820413],[-78.571363,38.820302],[-78.571288,38.819913],[-78.57112,38.819907],[-78.570785,38.819895],[-78.570779,38.819835],[-78.57077,38.81975],[-78.570708,38.819166],[-78.570638,38.818493],[-78.570583,38.817978],[-78.570576,38.817916],[-78.570527,38.81756],[-78.57048,38.816997],[-78.570474,38.816923]]]]},"properties":{"NAME":"Edinburg","NAMELSAD":"Edinburg town"}},
{"type":"Feature","geometry":{"type":"MultiPolygon","coordinates":[[[[-78.644713,38.730692],[-78.644691,38.730702],[-78.644484,38.730771],[-78.644259,38.730831],[-78.643951,38.730853],[-78.643839,38.730836],[-78.643748,38.730809],[-78.643453,38.730666],[-78.643222,38.730507],[-78.642606,38.730012],[-78.642108,38.729567],[-78.641989,38.729485],[-78.641758,38.729369],[-78.641548,38.729243],[-78.641415,38.729128],[-78.641218,38.728864],[-78.641106,38.728749],[-78.640686,38.728452],[-78.640357,38.72826],[-78.64009,38.728133],[-78.639796,38.728023],[-78.639607,38.727963],[-78.639467,38.727935],[-78.639249,38.72793],[-78.638969,38.727941],[-78.638226,38.728023],[-78.637399,38.728083],[-78.637118,38.728116],[-78.63681,38.728181],[-78.636677,38.728192],[-78.636319,38.728192],[-78.635878,38.72817],[-78.635709,38.728153],[-78.635079,38.728054],[-78.634861,38.728043],[-78.633964,38.728076],[-78.633824,38.728097],[-78.633726,38.728125],[-78.633679,38.728145],[-78.633655,38.728163],[-78.633873,38.728229],[-78.633866,38.728257],[-78.633817,38.728279],[-78.633726,38.728284],[-78.633529,38.728279],[-78.633305,38.728311],[-78.633165,38.728361],[-78.633066,38.728421],[-78.632968,38.728514],[-78.632891,38.728624],[-78.632779,38.728904],[-78.63275,38.729074],[-78.632732,38.729284],[-78.635037,38.729825],[-78.635416,38.729914],[-78.641477,38.732375],[-78.641914,38.731576],[-78.643554,38.732162],[-78.643224,38.732993],[-78.644231,38.733321],[-78.644325,38.732898],[-78.644453,38.732324],[-78.64449,38.732156],[-78.644518,38.732031],[-78.644671,38.731003],[-78.644713,38.730692]]],[[[-78.685485,38.728242],[-78.685076,38.726476],[-78.683819,38.723511],[-78.683316,38.721926],[-78.683053,38.721478],[-78.68288,38.721328],[-78.681764,38.720436],[-78.681498,38.720238],[-78.681471,38.720222],[-78.681316,38.720136],[-78.681124,38.720108],[-78.680947,38.720126],[-78.680856,38.720165],[-78.680817,38.720193],[-78.680292,38.720576],[-78.679074,38.721463],[-78.678809,38.721635],[-78.678581,38.721714],[-78.678562,38.721718],[-78.678408,38.72175],[-78.67824,38.721748],[-78.678082,38.721722],[-78.677824,38.721622],[-78.677275,38.721387],[-78.677001,38.72128],[-78.676746,38.72128],[-78.675924,38.721332],[-78.675003,38.721378],[-78.674763,38.721388],[-78.674501,38.7214],[-78.674383,38.721391],[-78.674107,38.721955],[-78.673722,38.722551],[-78.673273,38.723201],[-78.673054,38.723558],[-78.672852,38.723887],[-78.672651,38.724135],[-78.672486,38.724364],[-78.67179,38.724803],[-78.671399,38.725061],[-78.669509,38.726318],[-78.668844,38.726667],[-78.66839,38.726897],[-78.667484,38.727179],[-78.666488,38.726852],[-78.666203,38.726759],[-78.667194,38.725064],[-78.66715,38.725056],[-78.665006,38.724391],[-78.662781,38.723707],[-78.662688,38.723681],[-78.66245,38.723619],[-78.662622,38.723086],[-78.662692,38.722882],[-78.662907,38.722933],[-78.663004,38.72296],[-78.663042,38.722852],[-78.663443,38.721702],[-78.66383,38.720591],[-78.664108,38.719736],[-78.664201,38.719402],[-78.664271,38.71915],[-78.664298,38.7191],[-78.664418,38.719138],[-78.666627,38.719877],[-78.669122,38.720775],[-78.6699,38.721053],[-78.670822,38.721383],[-78.670878,38.721404],[-78.670992,38.721096],[-78.67111,38.720659],[-78.671661,38.719011],[-78.671763,38.718792],[-78.671891,38.718616],[-78.672234,38.7183],[-78.672486,38.718122],[-78.672915,38.717786],[-78.673666,38.717138],[-78.673708,38.717099],[-78.673667,38.717063],[-78.672908,38.716478],[-78.673282,38.716177],[-78.67106,38.714523],[-78.669712,38.713626],[-78.667458,38.711962],[-78.666841,38.711542],[-78.666774,38.7115],[-78.666626,38.711405],[-78.666538,38.711334],[-78.66648,38.711293],[-78.666402,38.711232],[-78.665539,38.71062],[-78.662948,38.708774],[-78.661838,38.709124],[-78.661738,38.708796],[-78.661156,38.706528],[-78.660751,38.705293],[-78.660547,38.704403],[-78.660346,38.703675],[-78.659767,38.703761],[-78.659557,38.703343],[-78.659004,38.703504],[-78.659162,38.703827],[-78.659176,38.703864],[-78.659137,38.703871],[-78.658617,38.704032],[-78.657985,38.70423],[-78.657887,38.704074],[-78.657694,38.703952],[-78.657641,38.703918],[-78.657515,38.703839],[-78.657016,38.703202],[-78.656841,38.702979],[-78.656716,38.702658],[-78.656707,38.702635],[-78.656605,38.702371],[-78.656526,38.70219],[-78.656515,38.702164],[-78.65639,38.701896],[-78.656028,38.70202],[-78.655303,38.702258],[-78.654977,38.702364],[-78.655076,38.702615],[-78.655163,38.702974],[-78.65518,38.703041],[-78.655185,38.703102],[-78.655248,38.703796],[-78.655212,38.704329],[-78.65521,38.704362],[-78.655206,38.704411],[-78.655204,38.704444],[-78.655212,38.704498],[-78.655287,38.704968],[-78.655309,38.705102],[-78.655277,38.705112],[-78.654656,38.705313],[-78.654638,38.705277],[-78.654433,38.704872],[-78.654383,38.704774],[-78.65329,38.705089],[-78.653568,38.705622],[-78.65359,38.705663],[-78.653997,38.705527],[-78.654042,38.705512],[-78.654324,38.70595],[-78.654496,38.706141],[-78.654816,38.70666],[-78.656164,38.706181],[-78.656357,38.706416],[-78.656364,38.706425],[-78.656489,38.706628],[-78.656526,38.70669],[-78.656597,38.70681],[-78.656633,38.70689],[-78.656819,38.707308],[-78.6569,38.707486],[-78.656988,38.707679],[-78.657134,38.708063],[-78.65721,38.708263],[-78.657453,38.708899],[-78.657776,38.709739],[-78.657837,38.709896],[-78.657999,38.710314],[-78.658232,38.71094],[-78.658354,38.711276],[-78.658532,38.71176],[-78.658859,38.712629],[-78.659212,38.713554],[-78.65925,38.713668],[-78.659449,38.714264],[-78.659482,38.714357],[-78.659537,38.714519],[-78.659662,38.715102],[-78.659675,38.715161],[-78.6597,38.715312],[-78.659799,38.715902],[-78.65987,38.716565],[-78.659876,38.716629],[-78.659887,38.716764],[-78.65989,38.716803],[-78.659906,38.717001],[-78.659915,38.717727],[-78.659913,38.717803],[-78.659898,38.71826],[-78.659895,38.718358],[-78.659891,38.718392],[-78.659865,38.718677],[-78.65982,38.71915],[-78.659805,38.719242],[-78.659692,38.719923],[-78.659687,38.71995],[-78.659532,38.72061],[-78.659513,38.720691],[-78.659442,38.720974],[-78.659425,38.721033],[-78.659304,38.721448],[-78.659125,38.721959],[-78.659029,38.722207],[-78.658962,38.722381],[-78.658796,38.722752],[-78.658638,38.72307],[-78.658484,38.723374],[-78.658824,38.723552],[-78.659278,38.723792],[-78.659574,38.723947],[-78.659841,38.724087],[-78.659836,38.724107],[-78.659821,38.724181],[-78.6598,38.724288],[-78.659799,38.724327],[-78.660065,38.724464],[-78.660152,38.724506],[-78.659874,38.724865],[-78.659641,38.725045],[-78.659553,38.725015],[-78.658913,38.725474],[-78.658756,38.725606],[-78.658783,38.725662],[-78.658776,38.72568],[-78.658776,38.725698],[-78.65878,38.725732],[-78.658787,38.72575],[-78.658794,38.725767],[-78.658804,38.725782],[-78.658818,38.725795],[-78.658836,38.725809],[-78.659777,38.726389],[-78.660078,38.726567],[-78.660089,38.726573],[-78.6601,38.726583],[-78.660114,38.72659],[-78.660131,38.726595],[-78.660145,38.726599],[-78.660163,38.726602],[-78.66018,38.726602],[-78.660194,38.726599],[-78.660212,38.726597],[-78.660233,38.726591],[-78.660254,38.72659],[-78.660275,38.726588],[-78.660296,38.72659],[-78.660317,38.726594],[-78.660338,38.726599],[-78.660355,38.726607],[-78.660377,38.726618],[-78.660391,38.726627],[-78.660405,38.726639],[-78.660415,38.726653],[-78.660426,38.726668],[-78.660433,38.726683],[-78.66044,38.726699],[-78.66044,38.726716],[-78.66044,38.726732],[-78.66044,38.726749],[-78.660433,38.726765],[-78.660426,38.72678],[-78.660415,38.726795],[-78.660405,38.726809],[-78.660387,38.726822],[-78.660373,38.726833],[-78.660953,38.72722],[-78.660858,38.727375],[-78.660739,38.727569],[-78.66047,38.727991],[-78.660329,38.728183],[-78.660019,38.728602],[-78.659647,38.729034],[-78.659519,38.729182],[-78.659489,38.729237],[-78.659395,38.729405],[-78.659334,38.729512],[-78.658988,38.729911],[-78.658741,38.730171],[-78.658593,38.730327],[-78.658212,38.730663],[-78.658118,38.730746],[-78.657498,38.731327],[-78.657148,38.731622],[-78.656996,38.73175],[-78.656578,38.732067],[-78.656393,38.732207],[-78.656149,38.732393],[-78.655366,38.732957],[-78.655314,38.732995],[-78.65512,38.733127],[-78.654924,38.73326],[-78.654688,38.733421],[-78.654643,38.733457],[-78.654406,38.733649],[-78.654234,38.733787],[-78.654064,38.733924],[-78.653492,38.734369],[-78.653403,38.734439],[-78.653307,38.734516],[-78.652968,38.734786],[-78.652805,38.734923],[-78.652185,38.735447],[-78.652087,38.735544],[-78.651521,38.736114],[-78.651397,38.736226],[-78.65097,38.736103],[-78.650364,38.735929],[-78.649975,38.735817],[-78.647085,38.734574],[-78.645805,38.734037],[-78.645121,38.733751],[-78.644218,38.733373],[-78.644174,38.733551],[-78.643879,38.734735],[-78.643669,38.735616],[-78.643629,38.735781],[-78.643166,38.737532],[-78.642968,38.738272],[-78.642936,38.738383],[-78.642671,38.739302],[-78.642601,38.739553],[-78.642579,38.739549],[-78.642564,38.739547],[-78.642523,38.73954],[-78.642099,38.739472],[-78.642043,38.739463],[-78.640765,38.739257],[-78.640549,38.740096],[-78.640371,38.740797],[-78.640364,38.740822],[-78.640172,38.740783],[-78.640126,38.74079],[-78.640044,38.740804],[-78.639748,38.740855],[-78.639695,38.740864],[-78.639089,38.741166],[-78.638728,38.741213],[-78.638402,38.741166],[-78.638365,38.741175],[-78.637883,38.741291],[-78.637767,38.741318],[-78.637718,38.741337],[-78.637265,38.741478],[-78.637245,38.741484],[-78.637067,38.741543],[-78.6371,38.741565],[-78.637371,38.74175],[-78.637436,38.741794],[-78.637656,38.741943],[-78.639216,38.742536],[-78.639227,38.74254],[-78.639492,38.742832],[-78.639587,38.743147],[-78.639559,38.743288],[-78.639545,38.743352],[-78.639346,38.7438],[-78.639339,38.743834],[-78.639325,38.743903],[-78.639321,38.743918],[-78.639289,38.744072],[-78.639128,38.744833],[-78.638987,38.745285],[-78.638971,38.745337],[-78.638808,38.74582],[-78.638775,38.745919],[-78.638753,38.745985],[-78.638702,38.746135],[-78.638693,38.746198],[-78.638677,38.746319],[-78.638675,38.746329],[-78.638674,38.746339],[-78.63863,38.746655],[-78.63862,38.746802],[-78.638619,38.746811],[-78.638585,38.747328],[-78.638584,38.747348],[-78.638575,38.747582],[-78.638314,38.74808],[-78.638305,38.748098],[-78.638187,38.748173],[-78.637655,38.748435],[-78.637307,38.748506],[-78.637112,38.748546],[-78.636895,38.74859],[-78.63604,38.748752],[-78.635639,38.748818],[-78.63466,38.748935],[-78.634575,38.748933],[-78.634526,38.748932],[-78.632621,38.748882],[-78.632493,38.748844],[-78.63238,38.74881],[-78.631373,38.74851],[-78.631361,38.748496],[-78.631339,38.748466],[-78.631259,38.74836],[-78.631218,38.748306],[-78.631175,38.748249],[-78.630954,38.748206],[-78.631083,38.74788],[-78.63082,38.747781],[-78.630785,38.747768],[-78.631023,38.747462],[-78.63133,38.74706],[-78.631291,38.747042],[-78.631272,38.747032],[-78.631252,38.747022],[-78.630369,38.746585],[-78.629836,38.746687],[-78.629139,38.746366],[-78.628924,38.746267],[-78.628317,38.745986],[-78.627123,38.745434],[-78.625425,38.744649],[-78.625395,38.744635],[-78.625159,38.74453],[-78.624262,38.74413],[-78.624179,38.744093],[-78.623791,38.744708],[-78.623964,38.744793],[-78.624162,38.744891],[-78.624602,38.745108],[-78.624778,38.745194],[-78.625346,38.745471],[-78.625893,38.745737],[-78.625924,38.745752],[-78.62602,38.745799],[-78.626655,38.746111],[-78.627518,38.746536],[-78.62708,38.746979],[-78.626023,38.748049],[-78.625768,38.748306],[-78.62641,38.748641],[-78.626733,38.74881],[-78.626748,38.748818],[-78.627269,38.749091],[-78.627662,38.749296],[-78.627781,38.74936],[-78.627917,38.749349],[-78.6282,38.749277],[-78.628437,38.749169],[-78.629368,38.748696],[-78.629696,38.748574],[-78.630148,38.7484],[-78.630153,38.748414],[-78.630202,38.748545],[-78.630221,38.748594],[-78.630253,38.748683],[-78.629945,38.748797],[-78.629886,38.748822],[-78.629817,38.748851],[-78.629798,38.748859],[-78.629639,38.748926],[-78.629605,38.74894],[-78.62937,38.749038],[-78.628913,38.749269],[-78.628869,38.749291],[-78.628333,38.749573],[-78.627656,38.74989],[-78.627549,38.749941],[-78.627156,38.750194],[-78.626683,38.750289],[-78.625842,38.750364],[-78.625269,38.750372],[-78.625018,38.750376],[-78.625197,38.750574],[-78.625436,38.750854],[-78.625594,38.750887],[-78.62983,38.755932],[-78.629973,38.756083],[-78.630265,38.756106],[-78.630423,38.756162],[-78.6302,38.756471],[-78.628764,38.75738],[-78.628541,38.757522],[-78.628276,38.757622],[-78.62826,38.757628],[-78.627692,38.757844],[-78.627315,38.757987],[-78.627177,38.75804],[-78.626813,38.758179],[-78.62661,38.758257],[-78.626548,38.758281],[-78.626528,38.758288],[-78.626465,38.758313],[-78.625296,38.758855],[-78.625275,38.758871],[-78.624713,38.759304],[-78.624529,38.759468],[-78.624164,38.759755],[-78.623982,38.759915],[-78.623871,38.760011],[-78.623793,38.760066],[-78.623636,38.760199],[-78.623454,38.760349],[-78.623261,38.760512],[-78.623082,38.760658],[-78.622897,38.760809],[-78.622675,38.761045],[-78.622445,38.76129],[-78.622242,38.761475],[-78.622074,38.761612],[-78.621913,38.761766],[-78.62172,38.761936],[-78.621612,38.762016],[-78.621517,38.762082],[-78.621356,38.762226],[-78.62111,38.76203],[-78.620854,38.761822],[-78.620583,38.761605],[-78.62034,38.761406],[-78.620159,38.761269],[-78.619948,38.761108],[-78.619688,38.760907],[-78.619463,38.760729],[-78.619054,38.761066],[-78.618986,38.761123],[-78.618623,38.761432],[-78.619731,38.762297],[-78.62054,38.762925],[-78.620613,38.762983],[-78.620627,38.762994],[-78.620643,38.763006],[-78.620692,38.763046],[-78.620753,38.763095],[-78.620795,38.763128],[-78.62087,38.763188],[-78.621093,38.763362],[-78.621299,38.763523],[-78.621432,38.763627],[-78.621518,38.763694],[-78.621603,38.763761],[-78.621851,38.763954],[-78.621889,38.763983],[-78.621924,38.764012],[-78.621981,38.764058],[-78.621998,38.764072],[-78.622713,38.764655],[-78.622733,38.76467],[-78.622769,38.764701],[-78.622556,38.764871],[-78.620469,38.766607],[-78.620161,38.766863],[-78.61832,38.768394],[-78.616634,38.769818],[-78.615362,38.770884],[-78.614575,38.77156],[-78.614225,38.771859],[-78.614139,38.771933],[-78.614203,38.771973],[-78.614292,38.772034],[-78.615564,38.772907],[-78.615692,38.772994],[-78.615888,38.773128],[-78.615933,38.773159],[-78.61598,38.773177],[-78.616237,38.773279],[-78.615242,38.774252],[-78.613911,38.775493],[-78.613504,38.775885],[-78.617332,38.776328],[-78.617653,38.77646],[-78.618192,38.776681],[-78.618517,38.776814],[-78.618764,38.77652],[-78.619131,38.776083],[-78.619362,38.775814],[-78.619477,38.775679],[-78.619635,38.775496],[-78.619877,38.775223],[-78.6203,38.774748],[-78.621025,38.773947],[-78.621767,38.773145],[-78.621788,38.773121],[-78.621806,38.773103],[-78.621994,38.772913],[-78.622116,38.772789],[-78.622135,38.77277],[-78.622692,38.772217],[-78.622933,38.771983],[-78.623038,38.77188],[-78.623159,38.771762],[-78.623231,38.771692],[-78.623763,38.771175],[-78.62419,38.770775],[-78.624719,38.770285],[-78.625382,38.76968],[-78.625688,38.769404],[-78.625969,38.769151],[-78.626876,38.768334],[-78.627677,38.767744],[-78.627582,38.767679],[-78.627425,38.767575],[-78.626918,38.767222],[-78.626826,38.767158],[-78.626651,38.767038],[-78.626951,38.766791],[-78.626975,38.766771],[-78.627346,38.76647],[-78.62772,38.766166],[-78.627737,38.766152],[-78.627857,38.766056],[-78.628886,38.765246],[-78.628936,38.765207],[-78.629942,38.764439],[-78.630286,38.764137],[-78.63074,38.763738],[-78.631199,38.763276],[-78.631269,38.763201],[-78.631391,38.763072],[-78.631713,38.762642],[-78.631742,38.762567],[-78.63186,38.762267],[-78.631942,38.761835],[-78.63195,38.761792],[-78.632154,38.761564],[-78.632244,38.761461],[-78.632274,38.761428],[-78.63237,38.761321],[-78.632394,38.761293],[-78.632659,38.76128],[-78.632998,38.761262],[-78.633236,38.76125],[-78.633523,38.761097],[-78.633751,38.760976],[-78.634172,38.760753],[-78.634257,38.760708],[-78.634921,38.760357],[-78.63559,38.760013],[-78.636417,38.759455],[-78.637951,38.758367],[-78.637997,38.758334],[-78.638312,38.758076],[-78.639205,38.757409],[-78.639686,38.757045],[-78.640903,38.756106],[-78.641417,38.75571],[-78.641837,38.755388],[-78.642336,38.755005],[-78.642422,38.754939],[-78.642803,38.754649],[-78.64293,38.75455],[-78.643343,38.754235],[-78.643353,38.754228],[-78.643838,38.753874],[-78.644328,38.753517],[-78.644415,38.753454],[-78.6446,38.75331],[-78.644678,38.753249],[-78.645861,38.752274],[-78.646137,38.752054],[-78.6464,38.751812],[-78.646769,38.751407],[-78.647197,38.75098],[-78.64762,38.750458],[-78.647949,38.750057],[-78.648442,38.749367],[-78.648677,38.749011],[-78.648841,38.748762],[-78.648861,38.748724],[-78.649156,38.748164],[-78.649166,38.748145],[-78.649369,38.747698],[-78.649412,38.747602],[-78.649423,38.747579],[-78.649445,38.747531],[-78.649555,38.747297],[-78.649567,38.747271],[-78.649584,38.747236],[-78.649601,38.7472],[-78.649611,38.747081],[-78.649894,38.747165],[-78.649996,38.747195],[-78.650564,38.747362],[-78.650854,38.74744],[-78.651127,38.747462],[-78.651384,38.74745],[-78.651699,38.74741],[-78.651984,38.747279],[-78.652152,38.747193],[-78.652278,38.747081],[-78.652445,38.74691],[-78.652546,38.746739],[-78.652596,38.74662],[-78.652646,38.746423],[-78.652645,38.74618],[-78.652464,38.743714],[-78.652437,38.743063],[-78.652487,38.742754],[-78.652596,38.742545],[-78.652847,38.742603],[-78.65622,38.74411],[-78.656991,38.744467],[-78.659391,38.742224],[-78.660227,38.741498],[-78.66043,38.741335],[-78.660698,38.741188],[-78.661572,38.740796],[-78.663016,38.740226],[-78.663142,38.740147],[-78.66318,38.740112],[-78.663274,38.740028],[-78.663355,38.739944],[-78.663565,38.739687],[-78.663739,38.739473],[-78.664006,38.73922],[-78.664124,38.739127],[-78.664546,38.738903],[-78.667533,38.737454],[-78.668159,38.737178],[-78.668355,38.737139],[-78.66846,38.737139],[-78.668501,38.737146],[-78.66856,38.737009],[-78.66912,38.736571],[-78.669842,38.735812],[-78.670962,38.735013],[-78.672004,38.734264],[-78.67291,38.733659],[-78.672726,38.73303],[-78.68005,38.730503],[-78.68236,38.729937],[-78.683226,38.729413],[-78.683499,38.729249],[-78.685485,38.728242]],[[-78.665053,38.716213],[-78.664927,38.716532],[-78.664847,38.716732],[-78.664518,38.717685],[-78.664213,38.718585],[-78.66405,38.719047],[-78.664033,38.719098],[-78.6625,38.718765],[-78.661411,38.718531],[-78.661374,38.71848],[-78.661386,38.718152],[-78.661418,38.717772],[-78.661424,38.717443],[-78.661417,38.717196],[-78.661403,38.71666],[-78.661386,38.716371],[-78.661414,38.716179],[-78.661437,38.716101],[-78.661514,38.715992],[-78.663805,38.716063],[-78.664611,38.716143],[-78.665053,38.716213]]]]},"properties":{"NAME":"Mount Jackson","NAMELSAD":"Mount Jackson town"}},
{"type":"Feature","geometry":{"type":"Polygon","coordinates":[[[-78.686106,38.648051],[-78.68612,38.648033],[-78.685816,38.648023],[-78.684706,38.647986],[-78.684667,38.647985],[-78.684557,38.647966],[-78.684521,38.647968],[-78.684168,38.647987],[-78.683901,38.648001],[-78.683839,38.648002],[-78.683655,38.648003],[-78.683354,38.647956],[-78.683052,38.647909],[-78.682764,38.647875],[-78.682752,38.647874],[-78.68274,38.647872],[-78.682574,38.647848],[-78.682522,38.647841],[-78.682505,38.647839],[-78.682357,38.647816],[-78.68243,38.647748],[-78.681344,38.647568],[-78.680369,38.647371],[-78.680123,38.647322],[-78.67987,38.647271],[-78.679634,38.647227],[-78.67941,38.647184],[-78.679534,38.646777],[-78.679757,38.646831],[-78.679986,38.646879],[-78.680243,38.646928],[-78.680407,38.646963],[-78.680669,38.646177],[-78.678777,38.645792],[-78.67867,38.646068],[-78.678446,38.646752],[-78.67837,38.646985],[-78.678101,38.646922],[-78.677765,38.646843],[-78.677322,38.646742],[-78.676964,38.646659],[-78.676596,38.646573],[-78.676364,38.646518],[-78.676957,38.645915],[-78.677241,38.645627],[-78.677426,38.645344],[-78.677657,38.644987],[-78.67773,38.644873],[-78.677921,38.644578],[-78.678325,38.643954],[-78.679098,38.642791],[-78.679128,38.642746],[-78.679144,38.642722],[-78.679198,38.642638],[-78.679321,38.642449],[-78.679661,38.641925],[-78.679695,38.641874],[-78.680164,38.641177],[-78.680277,38.641011],[-78.680474,38.640725],[-78.680711,38.64038],[-78.681024,38.63994],[-78.681447,38.639346],[-78.68154,38.639232],[-78.682082,38.638563],[-78.682881,38.637658],[-78.682934,38.637611],[-78.682962,38.637586],[-78.683115,38.637446],[-78.683358,38.63722],[-78.684192,38.63645],[-78.684639,38.636049],[-78.684973,38.635783],[-78.685491,38.635371],[-78.684503,38.63469],[-78.68333,38.633882],[-78.682623,38.633393],[-78.681825,38.632844],[-78.681751,38.632791],[-78.681726,38.632773],[-78.681237,38.632436],[-78.680644,38.633167],[-78.680121,38.633811],[-78.679458,38.634629],[-78.679263,38.634869],[-78.679231,38.634912],[-78.679031,38.635156],[-78.678972,38.635229],[-78.678875,38.635159],[-78.678137,38.634625],[-78.677906,38.634458],[-78.677338,38.634125],[-78.677275,38.634021],[-78.677296,38.633999],[-78.677403,38.633891],[-78.677635,38.633654],[-78.677148,38.633329],[-78.676667,38.632987],[-78.676358,38.632791],[-78.675139,38.632016],[-78.675103,38.631993],[-78.67471,38.632441],[-78.674489,38.632692],[-78.67391,38.633289],[-78.673879,38.633321],[-78.673711,38.633495],[-78.673073,38.634149],[-78.673063,38.634158],[-78.672822,38.633995],[-78.672797,38.634014],[-78.67242,38.634312],[-78.672032,38.634618],[-78.672454,38.634902],[-78.672298,38.635077],[-78.672238,38.635145],[-78.67223,38.635161],[-78.672024,38.635611],[-78.671947,38.635781],[-78.671819,38.6359],[-78.671801,38.635917],[-78.67172,38.635507],[-78.671718,38.635496],[-78.671682,38.635319],[-78.671583,38.634817],[-78.671438,38.634826],[-78.671371,38.634782],[-78.671258,38.634773],[-78.671238,38.634771],[-78.671195,38.634775],[-78.671114,38.634783],[-78.671084,38.634785],[-78.67103,38.63479],[-78.670869,38.634696],[-78.67062,38.634551],[-78.670606,38.634543],[-78.670319,38.634376],[-78.67025,38.63434],[-78.670036,38.634227],[-78.669619,38.634007],[-78.669935,38.633685],[-78.670447,38.633419],[-78.670549,38.633308],[-78.670427,38.633229],[-78.67002,38.632975],[-78.669478,38.632656],[-78.669035,38.632407],[-78.668941,38.632354],[-78.66888,38.63232],[-78.668333,38.631994],[-78.668514,38.631777],[-78.668954,38.631288],[-78.668435,38.630838],[-78.667981,38.630414],[-78.667245,38.629769],[-78.666949,38.629563],[-78.666742,38.629453],[-78.666487,38.629418],[-78.665978,38.629392],[-78.665045,38.629323],[-78.664709,38.629302],[-78.664511,38.629272],[-78.664373,38.629229],[-78.66428,38.629164],[-78.664127,38.628952],[-78.664069,38.628798],[-78.663973,38.628512],[-78.663944,38.628426],[-78.663907,38.628168],[-78.663894,38.628082],[-78.663882,38.627995],[-78.663595,38.627755],[-78.663099,38.627467],[-78.662742,38.62738],[-78.662414,38.62737],[-78.662115,38.627436],[-78.661683,38.627665],[-78.661487,38.627891],[-78.661325,38.627977],[-78.661178,38.627981],[-78.661123,38.627989],[-78.66106,38.627997],[-78.660887,38.628041],[-78.660773,38.62807],[-78.660605,38.628218],[-78.660545,38.628271],[-78.660444,38.628359],[-78.660436,38.628367],[-78.660424,38.628394],[-78.660028,38.628604],[-78.659913,38.628651],[-78.659866,38.628671],[-78.659821,38.62869],[-78.659614,38.628776],[-78.659581,38.62879],[-78.65952,38.62888],[-78.659512,38.628892],[-78.659346,38.629136],[-78.659086,38.62952],[-78.658952,38.629718],[-78.658896,38.629846],[-78.658647,38.630101],[-78.658513,38.630608],[-78.658938,38.631049],[-78.659746,38.631418],[-78.660043,38.631751],[-78.660381,38.632307],[-78.660953,38.632678],[-78.66137,38.6331],[-78.66183,38.633347],[-78.662425,38.634012],[-78.662636,38.634115],[-78.662963,38.634524],[-78.662879,38.634875],[-78.662932,38.635082],[-78.662893,38.635173],[-78.662871,38.635187],[-78.662386,38.635476],[-78.66235,38.635499],[-78.66234,38.635505],[-78.66233,38.635511],[-78.662319,38.635518],[-78.662272,38.635556],[-78.662232,38.63559],[-78.662131,38.635675],[-78.662111,38.635692],[-78.662086,38.635713],[-78.662025,38.635764],[-78.661973,38.635808],[-78.661946,38.635831],[-78.661933,38.635846],[-78.661879,38.635909],[-78.661824,38.635978],[-78.661789,38.63615],[-78.661792,38.636244],[-78.661796,38.636287],[-78.661762,38.636386],[-78.661848,38.636616],[-78.662071,38.636865],[-78.662205,38.636958],[-78.662597,38.63723],[-78.662866,38.637616],[-78.662865,38.637687],[-78.662743,38.638194],[-78.663268,38.638958],[-78.663481,38.639642],[-78.663505,38.639935],[-78.663396,38.640756],[-78.662339,38.641258],[-78.662173,38.641328],[-78.662095,38.641367],[-78.662056,38.641386],[-78.662021,38.641404],[-78.661932,38.641445],[-78.661786,38.641468],[-78.661588,38.641458],[-78.661653,38.641504],[-78.661891,38.641674],[-78.664007,38.64318],[-78.664155,38.643274],[-78.665497,38.644229],[-78.664128,38.645477],[-78.663684,38.645885],[-78.663648,38.645915],[-78.663389,38.645738],[-78.663106,38.645533],[-78.662354,38.646189],[-78.660992,38.645256],[-78.660366,38.644856],[-78.660192,38.645114],[-78.65901,38.646867],[-78.659702,38.646996],[-78.659167,38.647787],[-78.659096,38.647911],[-78.659427,38.647961],[-78.660031,38.648067],[-78.660252,38.648109],[-78.660253,38.647864],[-78.660382,38.64778],[-78.660571,38.64774],[-78.660526,38.647663],[-78.660516,38.647647],[-78.660916,38.647565],[-78.66161,38.647384],[-78.661794,38.647336],[-78.661814,38.647361],[-78.662386,38.648087],[-78.662126,38.648289],[-78.662217,38.648349],[-78.662451,38.648502],[-78.662409,38.648585],[-78.662357,38.648693],[-78.662141,38.648609],[-78.661986,38.64855],[-78.6619,38.648675],[-78.661865,38.648732],[-78.661824,38.648793],[-78.658829,38.653629],[-78.658842,38.653633],[-78.658952,38.653667],[-78.659744,38.653923],[-78.661918,38.654621],[-78.661816,38.65479],[-78.661583,38.65516],[-78.661391,38.655457],[-78.661134,38.655856],[-78.661424,38.655959],[-78.662142,38.656222],[-78.662545,38.656367],[-78.66292,38.656504],[-78.663239,38.65664],[-78.663253,38.656646],[-78.663528,38.656755],[-78.663895,38.656899],[-78.664349,38.657075],[-78.664381,38.657086],[-78.664702,38.657205],[-78.664876,38.657278],[-78.664901,38.657286],[-78.665132,38.657375],[-78.665272,38.65744],[-78.665659,38.657622],[-78.665863,38.657286],[-78.666044,38.656983],[-78.666367,38.656462],[-78.666435,38.656451],[-78.666458,38.656458],[-78.666504,38.656474],[-78.666543,38.656488],[-78.666829,38.656593],[-78.66713,38.656702],[-78.667412,38.656806],[-78.667425,38.65681],[-78.667595,38.656875],[-78.668026,38.657039],[-78.668612,38.657262],[-78.668763,38.657319],[-78.668819,38.657422],[-78.668827,38.657437],[-78.669345,38.657635],[-78.669365,38.657643],[-78.669717,38.657761],[-78.670018,38.657863],[-78.670342,38.65797],[-78.67046,38.658006],[-78.670092,38.658583],[-78.668983,38.660299],[-78.668733,38.660686],[-78.668681,38.660666],[-78.668627,38.660647],[-78.668422,38.660941],[-78.668229,38.661216],[-78.668185,38.661279],[-78.668128,38.661361],[-78.668088,38.661446],[-78.667926,38.661795],[-78.6677,38.662274],[-78.667219,38.6633],[-78.666747,38.664308],[-78.666616,38.664588],[-78.666114,38.665655],[-78.665616,38.666717],[-78.665107,38.668015],[-78.665228,38.66807],[-78.665282,38.668091],[-78.666323,38.668493],[-78.666699,38.668638],[-78.668044,38.669159],[-78.668375,38.669287],[-78.668975,38.668489],[-78.669705,38.668919],[-78.670082,38.669147],[-78.669887,38.668843],[-78.669802,38.668712],[-78.669791,38.6686],[-78.669771,38.66841],[-78.669749,38.668187],[-78.669745,38.668149],[-78.669748,38.66808],[-78.669765,38.667672],[-78.669851,38.667278],[-78.669919,38.666965],[-78.669944,38.666904],[-78.670055,38.666637],[-78.670444,38.666285],[-78.670469,38.66618],[-78.671177,38.665591],[-78.67259,38.664812],[-78.672848,38.664537],[-78.672968,38.664395],[-78.673258,38.664049],[-78.673891,38.663475],[-78.674191,38.663114],[-78.674321,38.66305],[-78.674538,38.662945],[-78.675269,38.662877],[-78.676103,38.662875],[-78.677048,38.662746],[-78.676949,38.662645],[-78.676385,38.66205],[-78.674411,38.661375],[-78.674809,38.660604],[-78.674763,38.660596],[-78.674719,38.660591],[-78.672289,38.660175],[-78.671831,38.660973],[-78.670925,38.660639],[-78.67173,38.659127],[-78.672973,38.657107],[-78.673382,38.656441],[-78.673642,38.656018],[-78.673971,38.655488],[-78.674277,38.654995],[-78.674614,38.654451],[-78.675285,38.653881],[-78.675324,38.653848],[-78.675398,38.653874],[-78.675512,38.653957],[-78.675601,38.654021],[-78.675903,38.654324],[-78.676212,38.65457],[-78.676299,38.654424],[-78.677574,38.654503],[-78.678937,38.654587],[-78.681045,38.654718],[-78.681523,38.654122],[-78.681355,38.654005],[-78.681366,38.653991],[-78.681373,38.653982],[-78.681543,38.653767],[-78.681598,38.653709],[-78.68171,38.653591],[-78.681727,38.653573],[-78.68176,38.653538],[-78.681881,38.653375],[-78.681931,38.653308],[-78.682015,38.653197],[-78.682112,38.653069],[-78.682303,38.652837],[-78.68251,38.652603],[-78.682615,38.652468],[-78.682699,38.65236],[-78.68287,38.652155],[-78.682947,38.652056],[-78.683079,38.651887],[-78.683292,38.651632],[-78.683495,38.65136],[-78.683504,38.651349],[-78.683711,38.651096],[-78.683794,38.651026],[-78.683938,38.650904],[-78.683998,38.650853],[-78.684005,38.650844],[-78.684026,38.650816],[-78.684043,38.650794],[-78.684469,38.650208],[-78.685194,38.649204],[-78.685225,38.649164],[-78.685257,38.649124],[-78.68528,38.649095],[-78.685711,38.648551],[-78.685785,38.648457],[-78.6859,38.648312],[-78.685991,38.648196],[-78.686058,38.648112],[-78.686068,38.648099],[-78.686106,38.648051]]]},"properties":{"NAME":"New Market","NAMELSAD":"New Market town"}},
{"type":"Feature","geometry":{"type":"Polygon","coordinates":[[[-78.332666,39.000831],[-78.332285,39.001054],[-78.332169,39.001147],[-78.332188,39.00122],[-78.332032,39.001383],[-78.331803,39.001446],[-78.331521,39.001523],[-78.331892,39.003301],[-78.332036,39.00393],[-78.332514,39.005428],[-78.332563,39.005591],[-78.332595,39.0057],[-78.332862,39.006487],[-78.332904,39.006616],[-78.333547,39.00667],[-78.334203,39.006676],[-78.334823,39.006699],[-78.334993,39.00669],[-78.335135,39.006682],[-78.335341,39.006652],[-78.33581,39.006483],[-78.336183,39.006249],[-78.33647,39.006204],[-78.336666,39.006297],[-78.336703,39.006336],[-78.337341,39.005964],[-78.338297,39.005405],[-78.338308,39.005416],[-78.338331,39.005441],[-78.338405,39.005517],[-78.338306,39.00558],[-78.339602,39.006828],[-78.339844,39.00706],[-78.340185,39.007387],[-78.340276,39.007475],[-78.340601,39.007788],[-78.340745,39.007825],[-78.340783,39.007835],[-78.340881,39.007859],[-78.340945,39.007874],[-78.340974,39.007881],[-78.340986,39.007884],[-78.341012,39.00789],[-78.341147,39.007922],[-78.341513,39.007953],[-78.34156,39.007957],[-78.341719,39.00797],[-78.341843,39.007981],[-78.342004,39.008133],[-78.342503,39.008836],[-78.34278,39.009287],[-78.342812,39.00934],[-78.342803,39.009362],[-78.342685,39.009428],[-78.341164,39.010268],[-78.340815,39.010438],[-78.345065,39.012103],[-78.34849,39.013437],[-78.350366,39.014168],[-78.351422,39.014474],[-78.352147,39.014625],[-78.35293,39.014739],[-78.353874,39.014814],[-78.354605,39.014821],[-78.355524,39.01479],[-78.356185,39.01471],[-78.356204,39.014707],[-78.356938,39.014589],[-78.357702,39.01442],[-78.35839,39.014221],[-78.35888,39.014027],[-78.359308,39.013842],[-78.360977,39.013071],[-78.360992,39.013062],[-78.361433,39.012759],[-78.361874,39.012317],[-78.36271,39.011343],[-78.363053,39.010996],[-78.363461,39.010668],[-78.363751,39.010558],[-78.363363,39.010392],[-78.363953,39.010261],[-78.364608,39.010097],[-78.364837,39.009812],[-78.365083,39.009501],[-78.365653,39.008842],[-78.366082,39.00844],[-78.365129,39.009716],[-78.365198,39.009754],[-78.364864,39.01022],[-78.364928,39.010247],[-78.365472,39.01019],[-78.366135,39.01012],[-78.366438,39.010087],[-78.36663,39.010067],[-78.366676,39.010062],[-78.366745,39.010055],[-78.36677,39.010051],[-78.366899,39.010031],[-78.36695,39.010018],[-78.366965,39.010012],[-78.366991,39.010001],[-78.367402,39.009937],[-78.368386,39.009536],[-78.372001,39.007852],[-78.372371,39.007678],[-78.372334,39.007635],[-78.372578,39.007521],[-78.371675,39.006737],[-78.372173,39.006686],[-78.372195,39.00668],[-78.372186,39.006662],[-78.37211,39.006639],[-78.371983,39.006576],[-78.371839,39.006506],[-78.37172,39.006447],[-78.371531,39.006339],[-78.37126,39.006201],[-78.371071,39.006082],[-78.37087,39.005944],[-78.370741,39.00584],[-78.370606,39.005733],[-78.370492,39.005619],[-78.370398,39.005531],[-78.370156,39.005311],[-78.367639,39.007311],[-78.366426,39.008075],[-78.36629,39.008162],[-78.366429,39.007977],[-78.366457,39.00794],[-78.366938,39.007157],[-78.366995,39.007013],[-78.367045,39.006884],[-78.367141,39.006645],[-78.367189,39.006226],[-78.367221,39.005946],[-78.367152,39.005525],[-78.366845,39.004613],[-78.366507,39.003705],[-78.36614,39.002697],[-78.366082,39.002538],[-78.365866,39.001983],[-78.365892,39.001982],[-78.366639,39.000851],[-78.366846,39.000538],[-78.367589,39.000837],[-78.368425,39.001175],[-78.368935,39.001381],[-78.369205,39.000984],[-78.369438,39.00064],[-78.369668,39.0003],[-78.369827,39.000067],[-78.369994,38.99982],[-78.37018,38.999546],[-78.370432,38.999174],[-78.370473,38.999113],[-78.370559,38.999103],[-78.371023,38.999036],[-78.37129,38.999116],[-78.371593,38.999118],[-78.371948,38.9993],[-78.372688,38.99888],[-78.372785,38.998772],[-78.372998,38.998535],[-78.373312,38.998186],[-78.373448,38.998036],[-78.373471,38.998011],[-78.373675,38.997785],[-78.373949,38.997481],[-78.374136,38.997273],[-78.374143,38.997264],[-78.374161,38.997244],[-78.3745,38.99687],[-78.37453,38.996829],[-78.374603,38.996726],[-78.374808,38.996743],[-78.374926,38.996752],[-78.375162,38.996771],[-78.375519,38.99679],[-78.375713,38.996802],[-78.375726,38.996803],[-78.375742,38.996803],[-78.375793,38.996803],[-78.375846,38.996803],[-78.375974,38.996803],[-78.376034,38.996803],[-78.3761,38.996803],[-78.376246,38.996803],[-78.376351,38.996804],[-78.376385,38.996804],[-78.376397,38.996804],[-78.376416,38.996803],[-78.376432,38.996802],[-78.377046,38.996748],[-78.377072,38.996746],[-78.377085,38.996745],[-78.377149,38.996738],[-78.377332,38.996717],[-78.377481,38.996677],[-78.377725,38.996611],[-78.377792,38.996593],[-78.377896,38.996566],[-78.378028,38.996516],[-78.378075,38.996499],[-78.378085,38.996494],[-78.378096,38.99649],[-78.378199,38.996451],[-78.378265,38.996493],[-78.378364,38.996571],[-78.378387,38.996591],[-78.378459,38.996657],[-78.378512,38.996716],[-78.378547,38.996755],[-78.37858,38.996792],[-78.378594,38.996782],[-78.378613,38.996779],[-78.378639,38.99682],[-78.378651,38.996839],[-78.379094,38.997277],[-78.37956,38.997739],[-78.379749,38.99794],[-78.379889,38.998089],[-78.38016,38.998457],[-78.38056,38.998959],[-78.380903,38.999436],[-78.381146,38.999774],[-78.381429,39.000287],[-78.381861,39.000945],[-78.382195,39.001324],[-78.382431,39.001545],[-78.382891,39.001931],[-78.382987,39.001896],[-78.383397,39.00178],[-78.38373,39.001767],[-78.383834,39.001763],[-78.384215,39.001696],[-78.384543,39.001604],[-78.384852,39.001474],[-78.384993,39.001352],[-78.385189,39.00118],[-78.385487,39.00104],[-78.385543,39.001012],[-78.386,39.000896],[-78.386299,39.00082],[-78.38684,39.000561],[-78.386981,39.000493],[-78.387753,39.000124],[-78.388823,38.999658],[-78.388926,38.99961],[-78.389401,38.999386],[-78.389631,38.999262],[-78.389891,38.999121],[-78.389954,38.999086],[-78.390025,38.999037],[-78.39026,38.998875],[-78.390428,38.998729],[-78.390558,38.998615],[-78.390573,38.998598],[-78.390399,38.998525],[-78.390317,38.99849],[-78.38979,38.998268],[-78.38981,38.998219],[-78.389868,38.998079],[-78.389888,38.998029],[-78.389952,38.997874],[-78.390032,38.997681],[-78.390039,38.997662],[-78.390129,38.997443],[-78.389697,38.997262],[-78.389158,38.997036],[-78.388688,38.99684],[-78.387761,38.996452],[-78.387558,38.996367],[-78.387083,38.996676],[-78.386747,38.996893],[-78.386421,38.997105],[-78.386082,38.997324],[-78.385882,38.997454],[-78.385788,38.997515],[-78.385209,38.997889],[-78.384829,38.998136],[-78.384441,38.998388],[-78.384192,38.998658],[-78.383641,38.999255],[-78.383306,38.998929],[-78.382956,38.99859],[-78.382858,38.998493],[-78.38279,38.998426],[-78.382658,38.998295],[-78.382636,38.998276],[-78.382575,38.998223],[-78.382436,38.9981],[-78.382133,38.997826],[-78.381795,38.997519],[-78.381729,38.99746],[-78.382462,38.996872],[-78.383168,38.996167],[-78.383562,38.995785],[-78.3837,38.995651],[-78.382912,38.994985],[-78.382845,38.994928],[-78.382716,38.994819],[-78.382499,38.994635],[-78.381866,38.994098],[-78.381796,38.994172],[-78.38163,38.994349],[-78.381257,38.994684],[-78.381147,38.994782],[-78.381028,38.994896],[-78.380974,38.994948],[-78.38095,38.994966],[-78.380762,38.99511],[-78.380723,38.99514],[-78.380583,38.995247],[-78.380125,38.995587],[-78.379922,38.995747],[-78.3799,38.995765],[-78.379688,38.995931],[-78.379548,38.996038],[-78.379484,38.996089],[-78.379361,38.996185],[-78.379195,38.996314],[-78.37891,38.996504],[-78.378787,38.996589],[-78.378617,38.996705],[-78.378578,38.996667],[-78.378469,38.99656],[-78.378452,38.99654],[-78.378436,38.996525],[-78.378403,38.996494],[-78.378346,38.996444],[-78.378278,38.996405],[-78.378222,38.996371],[-78.378166,38.996349],[-78.378079,38.996332],[-78.377983,38.996328],[-78.377939,38.99633],[-78.377931,38.996248],[-78.377877,38.996162],[-78.377796,38.996117],[-78.377546,38.995976],[-78.377535,38.995971],[-78.37752,38.995967],[-78.377442,38.995947],[-78.377374,38.995929],[-78.376961,38.995823],[-78.376121,38.995607],[-78.376107,38.995602],[-78.375519,38.995362],[-78.375199,38.995231],[-78.374744,38.995082],[-78.374636,38.995046],[-78.374521,38.994965],[-78.374553,38.994926],[-78.374747,38.994689],[-78.374888,38.994518],[-78.374922,38.994474],[-78.374531,38.994278],[-78.374432,38.994227],[-78.374379,38.994201],[-78.374414,38.99414],[-78.374467,38.99405],[-78.374479,38.994002],[-78.374459,38.993933],[-78.374411,38.993892],[-78.374338,38.993851],[-78.374161,38.993778],[-78.373455,38.993522],[-78.373286,38.993448],[-78.373202,38.993411],[-78.372611,38.993162],[-78.372151,38.992985],[-78.371917,38.992884],[-78.371904,38.992879],[-78.371894,38.992837],[-78.372064,38.992646],[-78.372489,38.99217],[-78.372547,38.992121],[-78.372668,38.99202],[-78.372743,38.99194],[-78.372729,38.99193],[-78.372708,38.991915],[-78.372691,38.991902],[-78.372668,38.991885],[-78.372602,38.991837],[-78.372473,38.991743],[-78.372226,38.991562],[-78.372057,38.991419],[-78.371935,38.991317],[-78.371893,38.991236],[-78.371759,38.990974],[-78.371752,38.99092],[-78.371747,38.990884],[-78.371745,38.990866],[-78.371742,38.990846],[-78.371733,38.990776],[-78.371721,38.990692],[-78.371746,38.9905],[-78.371748,38.990489],[-78.371761,38.990389],[-78.371773,38.99037],[-78.3719,38.990183],[-78.371933,38.990132],[-78.371973,38.989925],[-78.371994,38.989827],[-78.372008,38.989736],[-78.372013,38.989698],[-78.372024,38.989607],[-78.372022,38.989534],[-78.372019,38.98944],[-78.372011,38.989378],[-78.371767,38.989288],[-78.371738,38.989191],[-78.371908,38.989166],[-78.372047,38.989145],[-78.372217,38.989125],[-78.372341,38.98911],[-78.372347,38.989087],[-78.372354,38.989064],[-78.372359,38.989044],[-78.372371,38.988992],[-78.372388,38.988924],[-78.372412,38.988826],[-78.372474,38.988608],[-78.372559,38.988309],[-78.372609,38.988178],[-78.372665,38.98803],[-78.372683,38.987983],[-78.372704,38.987926],[-78.372749,38.987809],[-78.372758,38.987786],[-78.372803,38.987667],[-78.372888,38.987443],[-78.372765,38.987432],[-78.372494,38.987409],[-78.372459,38.987402],[-78.372333,38.987377],[-78.37209,38.987325],[-78.371956,38.987297],[-78.371925,38.98729],[-78.371738,38.987251],[-78.371545,38.987179],[-78.371412,38.987129],[-78.371376,38.987115],[-78.371041,38.98699],[-78.370933,38.986949],[-78.370884,38.986925],[-78.370866,38.986916],[-78.370848,38.986908],[-78.370402,38.986699],[-78.370223,38.986604],[-78.369661,38.986316],[-78.369533,38.986248],[-78.369392,38.986173],[-78.369207,38.986074],[-78.368627,38.98578],[-78.368593,38.985762],[-78.368377,38.985654],[-78.368057,38.985491],[-78.367557,38.985176],[-78.366881,38.984722],[-78.366729,38.984622],[-78.366642,38.984565],[-78.366446,38.984417],[-78.366269,38.984283],[-78.365693,38.983782],[-78.365167,38.983328],[-78.36467,38.982895],[-78.364618,38.98285],[-78.364577,38.982814],[-78.364176,38.982445],[-78.363667,38.981979],[-78.363396,38.981742],[-78.363119,38.9815],[-78.362736,38.981185],[-78.36241,38.980918],[-78.361803,38.980422],[-78.361784,38.980402],[-78.361776,38.980393],[-78.361662,38.980272],[-78.36148,38.980084],[-78.361414,38.980016],[-78.36135,38.97995],[-78.361251,38.979847],[-78.361208,38.979798],[-78.360707,38.97925],[-78.360581,38.979111],[-78.36055,38.979077],[-78.360303,38.978804],[-78.35971,38.978154],[-78.359415,38.977873],[-78.358937,38.977418],[-78.35873,38.977246],[-78.358259,38.976857],[-78.357667,38.976395],[-78.357251,38.97607],[-78.35714,38.976002],[-78.356781,38.975782],[-78.356555,38.975643],[-78.356292,38.975482],[-78.356116,38.975371],[-78.355871,38.975217],[-78.355791,38.97516],[-78.355449,38.974916],[-78.355319,38.974823],[-78.355158,38.974708],[-78.355129,38.974687],[-78.35504,38.974623],[-78.355001,38.974595],[-78.354969,38.974572],[-78.354772,38.974486],[-78.354592,38.974407],[-78.354062,38.974176],[-78.354039,38.974166],[-78.353972,38.974137],[-78.353942,38.974124],[-78.353637,38.974011],[-78.353514,38.973965],[-78.353379,38.973915],[-78.353276,38.973877],[-78.353166,38.973837],[-78.352626,38.973639],[-78.352501,38.973593],[-78.352241,38.973498],[-78.351908,38.973377],[-78.351699,38.973301],[-78.351188,38.973072],[-78.351085,38.973026],[-78.351056,38.973091],[-78.350951,38.973321],[-78.350914,38.973402],[-78.350898,38.973437],[-78.350878,38.973482],[-78.350806,38.973642],[-78.350746,38.973772],[-78.350639,38.974007],[-78.350577,38.974143],[-78.350558,38.974184],[-78.350255,38.974853],[-78.350218,38.974934],[-78.34999,38.975438],[-78.349974,38.975471],[-78.349855,38.975726],[-78.349847,38.975742],[-78.349829,38.97578],[-78.349779,38.975886],[-78.34916,38.977059],[-78.349112,38.977038],[-78.348675,38.97683],[-78.348638,38.97688],[-78.348519,38.977035],[-78.348324,38.977295],[-78.348275,38.977339],[-78.348299,38.977421],[-78.348334,38.977542],[-78.348427,38.97804],[-78.348534,38.97869],[-78.348632,38.979156],[-78.348727,38.979606],[-78.348824,38.980068],[-78.348889,38.980373],[-78.348916,38.980502],[-78.348921,38.98054],[-78.348866,38.980546],[-78.348768,38.980563],[-78.348756,38.980565],[-78.348663,38.980583],[-78.348593,38.980597],[-78.348485,38.980618],[-78.348429,38.980628],[-78.348395,38.980635],[-78.348353,38.98062],[-78.34814,38.980542],[-78.348009,38.980495],[-78.347936,38.980468],[-78.347804,38.98042],[-78.347496,38.980308],[-78.347217,38.980207],[-78.346928,38.980102],[-78.346894,38.98009],[-78.346859,38.980077],[-78.346809,38.980058],[-78.346761,38.980041],[-78.346478,38.980257],[-78.346062,38.980574],[-78.345973,38.980764],[-78.34596,38.980793],[-78.34589,38.980951],[-78.345872,38.980991],[-78.345853,38.981035],[-78.345808,38.981138],[-78.345626,38.981559],[-78.345617,38.981579],[-78.345604,38.981608],[-78.345557,38.981715],[-78.3455,38.981843],[-78.345484,38.981878],[-78.345429,38.982001],[-78.345371,38.982131],[-78.345311,38.982267],[-78.345191,38.982535],[-78.345001,38.982963],[-78.344996,38.982972],[-78.344986,38.982995],[-78.344974,38.983022],[-78.344949,38.983079],[-78.344837,38.983333],[-78.344675,38.9837],[-78.344505,38.984087],[-78.344475,38.984153],[-78.344457,38.984197],[-78.344655,38.984291],[-78.345119,38.984511],[-78.345353,38.984622],[-78.345383,38.984636],[-78.345698,38.984779],[-78.345713,38.984786],[-78.345705,38.984968],[-78.346202,38.984783],[-78.346298,38.984748],[-78.346324,38.984738],[-78.346407,38.984707],[-78.346431,38.984699],[-78.346459,38.984689],[-78.346494,38.984678],[-78.346776,38.984582],[-78.346826,38.984565],[-78.347108,38.984463],[-78.347122,38.984458],[-78.347194,38.984432],[-78.347238,38.984416],[-78.347508,38.984319],[-78.347554,38.984303],[-78.347571,38.984281],[-78.347641,38.984146],[-78.34766,38.984109],[-78.347672,38.984085],[-78.34769,38.98405],[-78.347774,38.983891],[-78.347911,38.983658],[-78.348002,38.983483],[-78.348071,38.983351],[-78.348109,38.98327],[-78.348658,38.983443],[-78.348673,38.983449],[-78.348393,38.984084],[-78.348294,38.984347],[-78.348234,38.984574],[-78.348229,38.984675],[-78.348227,38.98472],[-78.348213,38.984749],[-78.348095,38.985003],[-78.348008,38.985189],[-78.347936,38.985345],[-78.34787,38.985486],[-78.3478,38.985638],[-78.34774,38.985767],[-78.347681,38.985887],[-78.347632,38.985998],[-78.347623,38.986018],[-78.347593,38.986082],[-78.347561,38.98615],[-78.347526,38.986226],[-78.347502,38.986278],[-78.347492,38.986301],[-78.347414,38.986463],[-78.347373,38.986551],[-78.347356,38.986593],[-78.34734,38.986629],[-78.347252,38.986615],[-78.34723,38.98661],[-78.347135,38.986588],[-78.346977,38.986585],[-78.346778,38.986601],[-78.3465,38.986667],[-78.346098,38.986815],[-78.34605,38.986834],[-78.345978,38.986862],[-78.34589,38.986899],[-78.345412,38.987203],[-78.344279,38.987777],[-78.343596,38.987989],[-78.343374,38.98808],[-78.343179,38.987753],[-78.343149,38.987572],[-78.343144,38.987371],[-78.343154,38.987317],[-78.343148,38.98726],[-78.343136,38.987194],[-78.343133,38.987174],[-78.343121,38.987117],[-78.343102,38.987028],[-78.343071,38.986887],[-78.343056,38.98682],[-78.342015,38.986871],[-78.341985,38.986883],[-78.341491,38.987083],[-78.341283,38.987178],[-78.341313,38.987504],[-78.341338,38.987784],[-78.34134,38.987808],[-78.341346,38.987862],[-78.341347,38.987871],[-78.341359,38.987989],[-78.341409,38.988478],[-78.341413,38.988516],[-78.340945,38.988554],[-78.34071,38.988553],[-78.340144,38.988551],[-78.340059,38.988551],[-78.339767,38.98855],[-78.339294,38.988542],[-78.338983,38.988557],[-78.3388,38.988575],[-78.338622,38.988618],[-78.338249,38.988696],[-78.338038,38.988734],[-78.337708,38.98877],[-78.337627,38.988773],[-78.337229,38.988786],[-78.336929,38.988806],[-78.337012,38.98912],[-78.337181,38.989736],[-78.336801,38.990182],[-78.337015,38.990405],[-78.336666,38.990468],[-78.336145,38.990562],[-78.336096,38.990634],[-78.336047,38.990593],[-78.335811,38.990514],[-78.335636,38.99044],[-78.335252,38.990466],[-78.334862,38.990457],[-78.334668,38.990452],[-78.333982,38.990482],[-78.333521,38.990617],[-78.333316,38.990805],[-78.331993,38.990953],[-78.331757,38.990974],[-78.331391,38.991072],[-78.33099,38.991143],[-78.330557,38.991252],[-78.329755,38.991323],[-78.329125,38.991357],[-78.328987,38.991349],[-78.328811,38.991339],[-78.328734,38.991334],[-78.328635,38.991328],[-78.32851,38.991303],[-78.328846,38.991648],[-78.329023,38.991849],[-78.329141,38.991983],[-78.329211,38.992062],[-78.329496,38.992455],[-78.32984,38.993032],[-78.329893,38.993156],[-78.329894,38.993177],[-78.329923,38.993555],[-78.329903,38.993572],[-78.329899,38.993578],[-78.329877,38.993595],[-78.32987,38.993601],[-78.329874,38.993711],[-78.329752,38.993775],[-78.329731,38.993794],[-78.330011,38.993789],[-78.330164,38.993788],[-78.330737,38.994093],[-78.330866,38.994169],[-78.331235,38.994432],[-78.331931,38.994684],[-78.332153,38.994777],[-78.332335,38.995001],[-78.332518,38.995269],[-78.332746,38.995562],[-78.332981,38.995713],[-78.333305,38.995814],[-78.333717,38.996021],[-78.333974,38.996164],[-78.334391,38.996337],[-78.33466,38.996476],[-78.33504,38.996649],[-78.335506,38.996813],[-78.336357,38.997249],[-78.337012,38.997528],[-78.337668,38.997887],[-78.338488,38.998286],[-78.339315,38.998619],[-78.339418,38.998661],[-78.339677,38.998787],[-78.340024,38.998804],[-78.340186,38.998953],[-78.339929,38.999522],[-78.339662,38.999883],[-78.339879,39.000234],[-78.339845,39.000267],[-78.339243,39.000833],[-78.338544,39.001331],[-78.33948,39.002136],[-78.339716,39.002339],[-78.339787,39.0024],[-78.339858,39.002461],[-78.339906,39.002502],[-78.339953,39.002542],[-78.340047,39.002624],[-78.340095,39.002664],[-78.340047,39.0027],[-78.339042,39.003444],[-78.33916,39.003539],[-78.339197,39.003568],[-78.339293,39.003645],[-78.339416,39.003744],[-78.339158,39.003925],[-78.338858,39.004138],[-78.33881,39.004171],[-78.338293,39.004532],[-78.337912,39.004195],[-78.337454,39.003789],[-78.33738,39.003721],[-78.33682,39.003201],[-78.335901,39.002399],[-78.335601,39.002104],[-78.335295,39.001847],[-78.335081,39.001664],[-78.333467,39.000404],[-78.333429,39.000374],[-78.333347,39.000309],[-78.333331,39.000296],[-78.33317,39.000536],[-78.332973,39.000651],[-78.332874,39.000714],[-78.332666,39.000831]]]},"properties":{"NAME":"Strasburg","NAMELSAD":"Strasburg town"}},
{"type":"Feature","geometry":{"type":"Polygon","coordinates":[[[-78.542986,38.864324],[-78.542805,38.864235],[-78.542146,38.86391],[-78.541987,38.863831],[-78.541488,38.863602],[-78.541314,38.863523],[-78.541251,38.863513],[-78.54124,38.863538],[-78.541109,38.863857],[-78.541095,38.863891],[-78.541049,38.864003],[-78.541029,38.864052],[-78.540919,38.86432],[-78.540819,38.864563],[-78.540773,38.864674],[-78.540767,38.864688],[-78.540733,38.864771],[-78.540673,38.864756],[-78.540359,38.864674],[-78.537475,38.863926],[-78.537722,38.86334],[-78.537923,38.862859],[-78.537968,38.862762],[-78.537959,38.86273],[-78.537279,38.862482],[-78.537288,38.86245],[-78.537312,38.8624],[-78.53734,38.862341],[-78.537366,38.862287],[-78.537482,38.862281],[-78.537825,38.862261],[-78.537971,38.862253],[-78.538942,38.862196],[-78.538992,38.862194],[-78.538987,38.862127],[-78.538977,38.861958],[-78.538935,38.861285],[-78.538881,38.861269],[-78.538794,38.861243],[-78.538411,38.861129],[-78.537246,38.860782],[-78.537226,38.860775],[-78.536845,38.860666],[-78.535156,38.860134],[-78.535096,38.860111],[-78.53492,38.860376],[-78.533823,38.862195],[-78.533403,38.862069],[-78.533121,38.861985],[-78.532712,38.861863],[-78.53244,38.86178],[-78.531484,38.861391],[-78.52979,38.86055],[-78.528577,38.859982],[-78.528497,38.859945],[-78.527274,38.860922],[-78.527129,38.86085],[-78.526692,38.860644],[-78.526471,38.860541],[-78.525861,38.860256],[-78.526222,38.859832],[-78.526795,38.85915],[-78.525661,38.858574],[-78.525263,38.858358],[-78.524754,38.858111],[-78.524428,38.858546],[-78.524376,38.858518],[-78.524099,38.858364],[-78.52362,38.858096],[-78.523119,38.857816],[-78.522954,38.857615],[-78.522854,38.857199],[-78.522725,38.856496],[-78.522496,38.855277],[-78.522496,38.855054],[-78.522459,38.855045],[-78.522321,38.855],[-78.519834,38.854176],[-78.519801,38.854164],[-78.519779,38.854202],[-78.519523,38.854657],[-78.519488,38.854646],[-78.518807,38.854423],[-78.519056,38.853953],[-78.519019,38.85394],[-78.517743,38.853471],[-78.516342,38.852957],[-78.516111,38.852871],[-78.51595,38.852811],[-78.515255,38.853352],[-78.513436,38.854769],[-78.512952,38.855146],[-78.512659,38.855362],[-78.512564,38.855431],[-78.512119,38.85578],[-78.512143,38.855822],[-78.512344,38.856113],[-78.513077,38.856774],[-78.513369,38.857099],[-78.513539,38.857214],[-78.513734,38.857276],[-78.514308,38.857299],[-78.515277,38.857366],[-78.515481,38.857435],[-78.51557,38.857557],[-78.515664,38.858318],[-78.515706,38.858332],[-78.515735,38.858348],[-78.518192,38.859231],[-78.518247,38.859251],[-78.518245,38.859273],[-78.518135,38.860597],[-78.518167,38.860609],[-78.518194,38.860619],[-78.519114,38.860955],[-78.519876,38.861234],[-78.520216,38.861358],[-78.520239,38.861366],[-78.520294,38.861387],[-78.520326,38.861398],[-78.520151,38.861769],[-78.520081,38.861916],[-78.519955,38.862183],[-78.519928,38.862241],[-78.5199,38.8623],[-78.519893,38.862315],[-78.519883,38.862337],[-78.519828,38.862454],[-78.519803,38.862507],[-78.519752,38.862614],[-78.519745,38.86263],[-78.519696,38.862733],[-78.519688,38.862751],[-78.519661,38.862806],[-78.519657,38.862816],[-78.519649,38.862885],[-78.519333,38.862767],[-78.518653,38.862512],[-78.518575,38.862483],[-78.51786,38.863509],[-78.517792,38.863485],[-78.517111,38.863243],[-78.516793,38.86314],[-78.516784,38.863151],[-78.51671,38.863246],[-78.516525,38.863179],[-78.516322,38.86312],[-78.51625,38.863231],[-78.51606,38.863529],[-78.51588,38.863465],[-78.515789,38.863433],[-78.515683,38.863395],[-78.514311,38.862908],[-78.513612,38.86266],[-78.513393,38.862583],[-78.513211,38.862518],[-78.512265,38.862183],[-78.511404,38.861821],[-78.511165,38.862499],[-78.510971,38.862511],[-78.509788,38.8631],[-78.509685,38.863086],[-78.50947,38.862831],[-78.509145,38.862932],[-78.508893,38.862965],[-78.508847,38.86291],[-78.508562,38.862766],[-78.50916,38.863571],[-78.510335,38.864252],[-78.510895,38.864401],[-78.510675,38.86478],[-78.510483,38.865112],[-78.509994,38.864922],[-78.509682,38.864799],[-78.509165,38.864591],[-78.508755,38.865293],[-78.50847,38.865761],[-78.508452,38.865797],[-78.508442,38.865816],[-78.507532,38.867228],[-78.507295,38.867589],[-78.507277,38.867582],[-78.507243,38.867561],[-78.506902,38.867343],[-78.50687,38.867322],[-78.506841,38.867306],[-78.506817,38.867293],[-78.506775,38.86727],[-78.506755,38.867259],[-78.506614,38.867184],[-78.506434,38.867089],[-78.506392,38.867066],[-78.506094,38.866903],[-78.506083,38.866897],[-78.506042,38.866874],[-78.506028,38.866867],[-78.505903,38.866798],[-78.505892,38.866792],[-78.505853,38.866771],[-78.505565,38.866612],[-78.505445,38.866954],[-78.505425,38.867011],[-78.505417,38.867033],[-78.505411,38.86705],[-78.505407,38.867061],[-78.505326,38.867291],[-78.50481,38.866904],[-78.504753,38.866861],[-78.504705,38.866823],[-78.504564,38.866713],[-78.504541,38.866696],[-78.504485,38.866652],[-78.504135,38.866379],[-78.503991,38.866267],[-78.503531,38.865908],[-78.503424,38.865825],[-78.5033,38.865728],[-78.503018,38.865517],[-78.502778,38.865323],[-78.502694,38.865256],[-78.502576,38.865185],[-78.502486,38.865337],[-78.502357,38.865456],[-78.501841,38.865932],[-78.501783,38.865991],[-78.501591,38.866184],[-78.500877,38.865851],[-78.500839,38.865888],[-78.500794,38.865936],[-78.500704,38.866029],[-78.500547,38.86621],[-78.500383,38.866407],[-78.500891,38.866826],[-78.50099,38.866787],[-78.501045,38.866765],[-78.501372,38.866963],[-78.501428,38.867],[-78.501702,38.867173],[-78.50184,38.867259],[-78.501997,38.867357],[-78.502168,38.867459],[-78.502278,38.867534],[-78.502559,38.867709],[-78.502651,38.867767],[-78.50282,38.867873],[-78.503083,38.868038],[-78.503374,38.86822],[-78.50369,38.868418],[-78.503978,38.8686],[-78.503949,38.868625],[-78.503689,38.868871],[-78.503456,38.86909],[-78.503441,38.869104],[-78.50336,38.869178],[-78.503004,38.869432],[-78.502945,38.869458],[-78.502896,38.869486],[-78.502826,38.869536],[-78.502239,38.870002],[-78.502033,38.870189],[-78.501901,38.870098],[-78.501337,38.869707],[-78.501211,38.86962],[-78.50117,38.869659],[-78.50084,38.869968],[-78.500729,38.870072],[-78.50042,38.87037],[-78.500241,38.870509],[-78.50004,38.870668],[-78.500031,38.870676],[-78.500338,38.870874],[-78.500431,38.870931],[-78.500454,38.870945],[-78.50084,38.87118],[-78.500978,38.871265],[-78.500949,38.871344],[-78.500942,38.871352],[-78.500801,38.871513],[-78.500762,38.871558],[-78.500489,38.871441],[-78.500012,38.871389],[-78.499655,38.87143],[-78.499369,38.871568],[-78.498945,38.8719],[-78.498568,38.872069],[-78.498191,38.87229],[-78.497827,38.872584],[-78.497758,38.872607],[-78.497234,38.872781],[-78.496999,38.872848],[-78.495063,38.873403],[-78.494184,38.873551],[-78.493989,38.873603],[-78.493583,38.873853],[-78.493335,38.873502],[-78.492873,38.873472],[-78.49066,38.872855],[-78.490373,38.872544],[-78.490254,38.872258],[-78.487938,38.873304],[-78.488767,38.873747],[-78.489101,38.873933],[-78.490546,38.874746],[-78.490641,38.874714],[-78.491255,38.874585],[-78.491391,38.874514],[-78.492477,38.874414],[-78.49273,38.87436],[-78.492879,38.874307],[-78.492904,38.874342],[-78.492932,38.874375],[-78.493402,38.874934],[-78.493017,38.87505],[-78.493611,38.875253],[-78.494227,38.875486],[-78.494979,38.875683],[-78.495378,38.875801],[-78.495604,38.875884],[-78.495743,38.876031],[-78.495811,38.876217],[-78.4958,38.876394],[-78.495613,38.876806],[-78.495562,38.877037],[-78.495579,38.877285],[-78.495624,38.877409],[-78.495692,38.877484],[-78.495745,38.877506],[-78.495823,38.877538],[-78.496044,38.87756],[-78.496344,38.877511],[-78.496951,38.877453],[-78.497223,38.877476],[-78.497381,38.877529],[-78.497874,38.87791],[-78.498141,38.878052],[-78.498546,38.878201],[-78.499542,38.878538],[-78.499643,38.878616],[-78.499666,38.878653],[-78.499683,38.878627],[-78.499745,38.878554],[-78.499939,38.8783],[-78.500122,38.878065],[-78.500192,38.878031],[-78.500288,38.878016],[-78.500331,38.878013],[-78.500377,38.878011],[-78.500447,38.877986],[-78.500467,38.877974],[-78.500514,38.877946],[-78.500593,38.877876],[-78.500629,38.877797],[-78.501078,38.877992],[-78.50123,38.878058],[-78.501126,38.878183],[-78.500666,38.87874],[-78.500585,38.878842],[-78.500554,38.878882],[-78.500705,38.878927],[-78.500895,38.878984],[-78.502367,38.879444],[-78.502685,38.879543],[-78.50271,38.879551],[-78.502901,38.879616],[-78.502651,38.879899],[-78.502237,38.880443],[-78.501816,38.880986],[-78.500984,38.881973],[-78.500165,38.883003],[-78.49976,38.883514],[-78.49905,38.88442],[-78.498826,38.884698],[-78.498518,38.88508],[-78.498153,38.885532],[-78.497798,38.885978],[-78.496931,38.887067],[-78.496875,38.887215],[-78.496652,38.887152],[-78.49621,38.887027],[-78.495997,38.887265],[-78.49589,38.887378],[-78.495798,38.887476],[-78.495746,38.887535],[-78.49573,38.887554],[-78.495524,38.887788],[-78.495514,38.8878],[-78.495501,38.887815],[-78.495119,38.888249],[-78.495004,38.888373],[-78.49489,38.888497],[-78.494657,38.888756],[-78.494763,38.888824],[-78.494785,38.888838],[-78.494903,38.888913],[-78.494634,38.889181],[-78.494219,38.889611],[-78.494198,38.88963],[-78.494163,38.889661],[-78.494142,38.889679],[-78.494027,38.889794],[-78.494011,38.88981],[-78.493869,38.889951],[-78.49371,38.890108],[-78.493619,38.8902],[-78.493176,38.890638],[-78.492572,38.89124],[-78.492551,38.891261],[-78.492539,38.891273],[-78.492529,38.891283],[-78.492489,38.891326],[-78.492396,38.891537],[-78.492521,38.891758],[-78.492623,38.891758],[-78.492822,38.891815],[-78.493148,38.892034],[-78.49394,38.892599],[-78.495393,38.893636],[-78.495545,38.893695],[-78.495753,38.893452],[-78.496048,38.893107],[-78.496359,38.892742],[-78.496417,38.892753],[-78.496492,38.892701],[-78.496504,38.892692],[-78.496585,38.892637],[-78.4967,38.892558],[-78.49678,38.892503],[-78.496887,38.892429],[-78.497063,38.892308],[-78.497268,38.892167],[-78.497379,38.892079],[-78.497414,38.892051],[-78.497432,38.892037],[-78.49748,38.891998],[-78.497596,38.891905],[-78.49765,38.891861],[-78.497676,38.89184],[-78.497937,38.891629],[-78.498044,38.89152],[-78.498327,38.89123],[-78.498337,38.89122],[-78.498702,38.890866],[-78.498911,38.890642],[-78.498944,38.890608],[-78.499522,38.889991],[-78.499558,38.889953],[-78.499832,38.889693],[-78.499922,38.889608],[-78.499978,38.889556],[-78.500528,38.8891],[-78.500564,38.88907],[-78.500649,38.889],[-78.500711,38.888949],[-78.500785,38.888888],[-78.501074,38.888649],[-78.501267,38.888489],[-78.501626,38.888245],[-78.501695,38.88834],[-78.504181,38.889891],[-78.50425,38.889945],[-78.504179,38.889999],[-78.504021,38.890132],[-78.503941,38.890236],[-78.503866,38.890374],[-78.503822,38.890492],[-78.503792,38.890574],[-78.503634,38.891124],[-78.503555,38.891377],[-78.503309,38.892165],[-78.503284,38.892245],[-78.503875,38.89254],[-78.504115,38.89266],[-78.504358,38.892782],[-78.504882,38.893044],[-78.505543,38.893371],[-78.504712,38.894334],[-78.504938,38.894481],[-78.507058,38.895866],[-78.506442,38.89648],[-78.506334,38.896593],[-78.506694,38.896812],[-78.506901,38.896939],[-78.507111,38.897067],[-78.507222,38.897135],[-78.509036,38.89824],[-78.509174,38.898502],[-78.509367,38.898845],[-78.509496,38.899107],[-78.50951,38.899154],[-78.509603,38.899474],[-78.509658,38.899664],[-78.510839,38.898401],[-78.511758,38.897418],[-78.512742,38.896365],[-78.513575,38.895475],[-78.51376,38.895276],[-78.5149,38.894058],[-78.514958,38.894001],[-78.514757,38.893868],[-78.51446,38.893673],[-78.514301,38.893568],[-78.514014,38.893379],[-78.513333,38.892929],[-78.51323,38.892864],[-78.513061,38.892759],[-78.512973,38.892704],[-78.513703,38.892035],[-78.513743,38.891998],[-78.513784,38.891961],[-78.514321,38.891469],[-78.514445,38.891355],[-78.514569,38.891242],[-78.515176,38.890715],[-78.515482,38.89045],[-78.515631,38.890328],[-78.515986,38.890037],[-78.516278,38.889799],[-78.516472,38.88964],[-78.516548,38.889657],[-78.516574,38.889663],[-78.516605,38.88967],[-78.51665,38.889628],[-78.517126,38.889192],[-78.517544,38.888809],[-78.51891,38.887556],[-78.519596,38.88693],[-78.519871,38.886677],[-78.519911,38.886642],[-78.521034,38.885658],[-78.521048,38.885646],[-78.521079,38.885619],[-78.521284,38.885439],[-78.52178,38.885004],[-78.522092,38.884731],[-78.5221,38.884724],[-78.522116,38.884711],[-78.522549,38.884354],[-78.523335,38.883705],[-78.524782,38.88253],[-78.52543,38.882003],[-78.525966,38.881568],[-78.526521,38.881111],[-78.526886,38.880783],[-78.5271,38.880592],[-78.52731,38.880404],[-78.528196,38.879613],[-78.52846,38.879378],[-78.528619,38.879236],[-78.52868,38.879181],[-78.528747,38.879121],[-78.528822,38.879055],[-78.528841,38.879038],[-78.528951,38.87894],[-78.529387,38.878552],[-78.529469,38.87848],[-78.529597,38.878366],[-78.529702,38.878273],[-78.529912,38.878085],[-78.530548,38.877519],[-78.530698,38.877387],[-78.530841,38.877261],[-78.530907,38.877203],[-78.530925,38.877186],[-78.530948,38.877166],[-78.530972,38.877141],[-78.530991,38.877122],[-78.531693,38.876466],[-78.531713,38.876444],[-78.53174,38.876414],[-78.531866,38.876274],[-78.531873,38.876266],[-78.532013,38.876111],[-78.53207,38.876048],[-78.532141,38.87597],[-78.532268,38.875831],[-78.532399,38.875687],[-78.532419,38.875665],[-78.532451,38.875682],[-78.53253,38.875722],[-78.533065,38.876],[-78.533264,38.876103],[-78.533668,38.876312],[-78.533874,38.875939],[-78.533962,38.87578],[-78.534024,38.875668],[-78.53405,38.875622],[-78.534171,38.875402],[-78.534195,38.87536],[-78.534293,38.875182],[-78.53438,38.875024],[-78.534467,38.874866],[-78.534556,38.874707],[-78.534642,38.87455],[-78.534735,38.874383],[-78.534875,38.874129],[-78.534897,38.874093],[-78.535119,38.873711],[-78.535183,38.873602],[-78.535349,38.873329],[-78.535475,38.873115],[-78.535443,38.87311],[-78.535432,38.873085],[-78.535418,38.873046],[-78.535449,38.873003],[-78.535928,38.872345],[-78.536054,38.872172],[-78.536223,38.871932],[-78.536381,38.871964],[-78.536519,38.871993],[-78.536584,38.871822],[-78.536619,38.871727],[-78.53672,38.871434],[-78.536842,38.871176],[-78.537007,38.871201],[-78.537282,38.871244],[-78.537306,38.871248],[-78.537543,38.87131],[-78.53775,38.871313],[-78.537831,38.871314],[-78.537904,38.871315],[-78.538019,38.871252],[-78.538786,38.870877],[-78.538854,38.870844],[-78.539592,38.870461],[-78.540428,38.87001],[-78.541261,38.869573],[-78.540694,38.869154],[-78.540672,38.869135],[-78.540604,38.869085],[-78.54029,38.86885],[-78.539881,38.868551],[-78.539845,38.868525],[-78.539432,38.868272],[-78.539112,38.868083],[-78.539227,38.867822],[-78.539336,38.867572],[-78.539546,38.867142],[-78.539677,38.86726],[-78.54002,38.867462],[-78.540215,38.867258],[-78.540347,38.867122],[-78.540633,38.866676],[-78.540881,38.86637],[-78.542321,38.864966],[-78.542986,38.864324]]]},"properties":{"NAME":"Woodstock","NAMELSAD":"Woodstock town"}},
{"type":"Feature","geometry":{"type":"Polygon","coordinates":[[[-77.998533,39.147655],[-77.998622,39.147512],[-77.996075,39.146579],[-77.994076,39.145847],[-77.993734,39.145721],[-77.993374,39.145589],[-77.993024,39.145461],[-77.992667,39.14533],[-77.992294,39.145193],[-77.991935,39.145062],[-77.991608,39.144942],[-77.991128,39.144766],[-77.990531,39.144547],[-77.989529,39.144112],[-77.989427,39.144088],[-77.989369,39.14407],[-77.988717,39.143834],[-77.988561,39.143764],[-77.988429,39.143677],[-77.988326,39.143608],[-77.98826,39.143581],[-77.988216,39.14357],[-77.988125,39.143555],[-77.988208,39.143409],[-77.988778,39.142411],[-77.9893,39.141484],[-77.989363,39.141374],[-77.989709,39.140789],[-77.989022,39.14038],[-77.989486,39.139729],[-77.990133,39.138891],[-77.990454,39.138505],[-77.988165,39.137499],[-77.987987,39.137393],[-77.98743,39.138058],[-77.987277,39.137962],[-77.98653,39.137662],[-77.985144,39.137103],[-77.984681,39.136917],[-77.982649,39.136098],[-77.981751,39.135737],[-77.980997,39.136782],[-77.980239,39.137819],[-77.978477,39.137071],[-77.977981,39.136853],[-77.977912,39.136823],[-77.973743,39.134994],[-77.973241,39.134774],[-77.973218,39.134763],[-77.971904,39.134202],[-77.971717,39.134479],[-77.970399,39.136432],[-77.970228,39.136696],[-77.970172,39.136805],[-77.970116,39.136955],[-77.97009,39.13707],[-77.970079,39.137167],[-77.970089,39.137336],[-77.9701,39.137402],[-77.970124,39.137485],[-77.970166,39.137581],[-77.970236,39.137696],[-77.970323,39.137805],[-77.97043,39.137908],[-77.970609,39.138052],[-77.97081,39.138201],[-77.971272,39.138536],[-77.97218,39.139197],[-77.973695,39.1403],[-77.97385,39.14043],[-77.973953,39.140532],[-77.974032,39.140634],[-77.974068,39.140688],[-77.974138,39.140827],[-77.974164,39.140901],[-77.974211,39.141067],[-77.974425,39.141822],[-77.974355,39.141836],[-77.974122,39.141898],[-77.97394,39.141961],[-77.973767,39.142037],[-77.973622,39.142115],[-77.973481,39.142203],[-77.973315,39.142323],[-77.972585,39.142939],[-77.971715,39.143683],[-77.971707,39.14369],[-77.971576,39.143829],[-77.971269,39.144087],[-77.970939,39.144328],[-77.970583,39.144627],[-77.970387,39.144791],[-77.970195,39.144954],[-77.970004,39.145114],[-77.969803,39.145283],[-77.969614,39.145442],[-77.969421,39.145605],[-77.968989,39.145968],[-77.968807,39.146121],[-77.968447,39.146423],[-77.968356,39.146484],[-77.967428,39.146312],[-77.965795,39.146015],[-77.965196,39.145899],[-77.965033,39.145863],[-77.964434,39.145706],[-77.963736,39.14551],[-77.963689,39.145576],[-77.963241,39.145982],[-77.962703,39.146344],[-77.9626,39.146431],[-77.96234,39.146596],[-77.962368,39.146621],[-77.961757,39.146908],[-77.961077,39.147357],[-77.96076,39.147566],[-77.960286,39.147879],[-77.960514,39.148448],[-77.961009,39.14968],[-77.961459,39.150814],[-77.961679,39.151362],[-77.961909,39.151937],[-77.962451,39.153026],[-77.962824,39.153615],[-77.963215,39.154156],[-77.963708,39.15474],[-77.96407,39.155095],[-77.964348,39.155368],[-77.964928,39.154981],[-77.965443,39.154637],[-77.965789,39.154346],[-77.966433,39.153809],[-77.966525,39.153732],[-77.9666,39.153812],[-77.966657,39.153874],[-77.966676,39.153894],[-77.966767,39.153991],[-77.967109,39.154358],[-77.967553,39.154834],[-77.967727,39.15502],[-77.96776,39.155029],[-77.967839,39.155039],[-77.967675,39.155221],[-77.967529,39.155395],[-77.96761,39.155445],[-77.967788,39.155542],[-77.968035,39.155677],[-77.968348,39.155848],[-77.968705,39.156043],[-77.969051,39.156231],[-77.969158,39.156289],[-77.969378,39.156409],[-77.969292,39.156489],[-77.970055,39.156896],[-77.970262,39.156774],[-77.970431,39.156637],[-77.970467,39.156593],[-77.970526,39.156546],[-77.970655,39.156477],[-77.97089,39.15639],[-77.971043,39.156312],[-77.971091,39.156287],[-77.971161,39.156247],[-77.971334,39.156432],[-77.971662,39.156719],[-77.972268,39.157125],[-77.972496,39.157477],[-77.972482,39.15792],[-77.972579,39.158292],[-77.972446,39.158939],[-77.972282,39.159291],[-77.973634,39.159763],[-77.974922,39.160188],[-77.975258,39.160244],[-77.975328,39.160236],[-77.975374,39.160231],[-77.975421,39.160227],[-77.975468,39.160224],[-77.975515,39.160221],[-77.975562,39.160219],[-77.975609,39.160218],[-77.975656,39.160217],[-77.975703,39.160216],[-77.97575,39.160217],[-77.975797,39.160218],[-77.975844,39.160219],[-77.975891,39.160221],[-77.975938,39.160224],[-77.975985,39.160227],[-77.976032,39.160231],[-77.976125,39.160241],[-77.976218,39.160253],[-77.97631,39.160268],[-77.976402,39.160284],[-77.976493,39.160304],[-77.976583,39.160325],[-77.976672,39.160349],[-77.976759,39.160375],[-77.976846,39.160403],[-77.977122,39.160321],[-77.97715,39.160326],[-77.97735,39.160406],[-77.977556,39.160484],[-77.977645,39.160327],[-77.97767,39.160283],[-77.977878,39.159919],[-77.977974,39.159725],[-77.977991,39.159684],[-77.978044,39.159555],[-77.979306,39.160215],[-77.980645,39.160917],[-77.982139,39.1617],[-77.981295,39.162468],[-77.981134,39.162604],[-77.982434,39.163061],[-77.983935,39.163573],[-77.984948,39.163904],[-77.985256,39.163999],[-77.986217,39.164299],[-77.986707,39.164445],[-77.987108,39.164565],[-77.988008,39.164826],[-77.989306,39.165184],[-77.990863,39.165588],[-77.991928,39.165847],[-77.992528,39.165986],[-77.993107,39.166121],[-77.994027,39.166321],[-77.994629,39.165606],[-77.994789,39.165425],[-77.9958,39.164246],[-77.996189,39.163792],[-77.995627,39.163394],[-77.995562,39.163348],[-77.996013,39.163066],[-77.996098,39.163008],[-77.996218,39.162919],[-77.996322,39.162826],[-77.996415,39.162725],[-77.996504,39.162607],[-77.996861,39.162073],[-77.996897,39.162018],[-77.997031,39.16181],[-77.996848,39.161682],[-77.996727,39.161598],[-77.99651,39.161446],[-77.995902,39.161037],[-77.99567,39.160889],[-77.995365,39.160695],[-77.995062,39.160516],[-77.994828,39.160388],[-77.994706,39.160328],[-77.994528,39.16024],[-77.994065,39.160035],[-77.993893,39.159968],[-77.993959,39.159863],[-77.994145,39.159612],[-77.994353,39.159317],[-77.994706,39.158849],[-77.995044,39.158383],[-77.995122,39.158286],[-77.995606,39.157628],[-77.996177,39.15698],[-77.996433,39.156695],[-77.996772,39.156166],[-77.996855,39.156027],[-77.996389,39.155971],[-77.994701,39.155113],[-77.994515,39.155018],[-77.993907,39.154709],[-77.992748,39.154119],[-77.992833,39.15404],[-77.992993,39.153894],[-77.993303,39.153606],[-77.993534,39.153394],[-77.99377,39.153174],[-77.993843,39.153106],[-77.993997,39.152964],[-77.994058,39.152907],[-77.994207,39.152769],[-77.99445,39.152543],[-77.994677,39.152333],[-77.994904,39.152122],[-77.99513,39.151912],[-77.995357,39.151702],[-77.995614,39.151463],[-77.996685,39.15047],[-77.996958,39.150216],[-77.998533,39.147655]]]},"properties":{"NAME":"Berryville","NAMELSAD":"Berryville town"}},
{"type":"Feature","geometry":{"type":"Polygon","coordinates":[[[-78.069208,39.095723],[-78.069141,39.095689],[-78.069099,39.095665],[-78.069057,39.09564],[-78.068927,39.095567],[-78.068885,39.095542],[-78.068843,39.095517],[-78.068804,39.095491],[-78.068734,39.095447],[-78.068696,39.095421],[-78.068646,39.095403],[-78.068555,39.095365],[-78.068506,39.095346],[-78.06846,39.095324],[-78.068422,39.095304],[-78.068302,39.095239],[-78.068256,39.095216],[-78.068214,39.095192],[-78.068172,39.09517],[-78.068084,39.095123],[-78.068039,39.095101],[-78.067996,39.095078],[-78.067951,39.095056],[-78.067817,39.094989],[-78.067772,39.094967],[-78.067733,39.094941],[-78.067694,39.094911],[-78.067659,39.094882],[-78.067624,39.09485],[-78.067589,39.094803],[-78.067563,39.094775],[-78.067537,39.09473],[-78.067523,39.094692],[-78.067495,39.094612],[-78.067468,39.094532],[-78.067464,39.094491],[-78.067454,39.094409],[-78.067437,39.094327],[-78.067423,39.094288],[-78.067392,39.094255],[-78.06736,39.094222],[-78.067318,39.094179],[-78.067283,39.094147],[-78.067259,39.094111],[-78.067238,39.094073],[-78.067203,39.094044],[-78.067164,39.094016],[-78.067119,39.093993],[-78.067073,39.093973],[-78.067027,39.093953],[-78.066982,39.093933],[-78.066939,39.093908],[-78.066894,39.093885],[-78.066852,39.093863],[-78.066802,39.093845],[-78.066757,39.093824],[-78.066725,39.093792],[-78.066697,39.093756],[-78.066676,39.093718],[-78.066652,39.093682],[-78.066617,39.093652],[-78.066501,39.093568],[-78.066463,39.09354],[-78.06642,39.093514],[-78.066382,39.093488],[-78.066231,39.093392],[-78.066189,39.093367],[-78.06615,39.09334],[-78.066031,39.093257],[-78.065954,39.0932],[-78.06588,39.093141],[-78.065841,39.093112],[-78.065778,39.093065],[-78.065701,39.093009],[-78.065628,39.092951],[-78.065589,39.092923],[-78.065554,39.092891],[-78.065519,39.09286],[-78.065487,39.092828],[-78.065459,39.092792],[-78.065435,39.092757],[-78.06541,39.092721],[-78.065393,39.092681],[-78.065388,39.09265],[-78.065401,39.092601],[-78.065418,39.092563],[-78.065447,39.092529],[-78.0655,39.092475],[-78.065525,39.092441],[-78.065518,39.0924],[-78.065504,39.09236],[-78.065483,39.092322],[-78.065455,39.092288],[-78.065415,39.092263],[-78.065378,39.092233],[-78.065347,39.0922],[-78.065333,39.09216],[-78.065354,39.092122],[-78.065379,39.092086],[-78.065393,39.092047],[-78.06539,39.092005],[-78.065373,39.091967],[-78.065345,39.091931],[-78.065324,39.091894],[-78.065299,39.091857],[-78.065279,39.09182],[-78.065258,39.091781],[-78.06524,39.091743],[-78.065223,39.091704],[-78.065206,39.091664],[-78.065192,39.091624],[-78.065185,39.091585],[-78.065192,39.091543],[-78.065195,39.091508],[-78.0652,39.091461],[-78.0652,39.09142],[-78.065207,39.09138],[-78.065216,39.091346],[-78.065246,39.091305],[-78.065261,39.091265],[-78.065268,39.091225],[-78.065258,39.091184],[-78.065247,39.091144],[-78.065248,39.091103],[-78.065249,39.090966],[-78.065245,39.090924],[-78.065228,39.090885],[-78.065225,39.090843],[-78.065221,39.090802],[-78.065218,39.090761],[-78.065211,39.090721],[-78.065201,39.09068],[-78.065191,39.09064],[-78.065182,39.090607],[-78.065163,39.09056],[-78.065142,39.090522],[-78.065128,39.090482],[-78.0651,39.090448],[-78.065069,39.090416],[-78.065037,39.090381],[-78.065013,39.090346],[-78.065006,39.090304],[-78.065006,39.090263],[-78.065006,39.090222],[-78.065003,39.090181],[-78.064996,39.09014],[-78.064997,39.0901],[-78.065011,39.090059],[-78.065008,39.090019],[-78.06498,39.089985],[-78.064941,39.089956],[-78.064917,39.089918],[-78.064917,39.089877],[-78.064907,39.089837],[-78.064875,39.089804],[-78.06484,39.089777],[-78.064826,39.089735],[-78.064819,39.089696],[-78.064813,39.089654],[-78.0648,39.089618],[-78.064788,39.089575],[-78.06476,39.08954],[-78.064732,39.089504],[-78.064712,39.089466],[-78.064692,39.08943],[-78.064659,39.089396],[-78.064631,39.089361],[-78.064621,39.08932],[-78.064611,39.08928],[-78.064593,39.089242],[-78.064565,39.089206],[-78.064528,39.089155],[-78.064425,39.089015],[-78.064401,39.088979],[-78.064378,39.088963],[-78.064362,39.088951],[-78.06432,39.088925],[-78.064275,39.088903],[-78.06425,39.088866],[-78.064226,39.08883],[-78.064191,39.088798],[-78.064145,39.088777],[-78.064075,39.088774],[-78.064022,39.088774],[-78.063972,39.088788],[-78.063923,39.088803],[-78.063877,39.08882],[-78.063835,39.088846],[-78.063785,39.088854],[-78.063732,39.088858],[-78.06368,39.08885],[-78.063627,39.088841],[-78.063581,39.088822],[-78.063539,39.088799],[-78.063493,39.088775],[-78.063455,39.088747],[-78.063416,39.088718],[-78.063377,39.088691],[-78.063339,39.088665],[-78.063283,39.08863],[-78.063241,39.088604],[-78.063202,39.088576],[-78.063167,39.088545],[-78.063132,39.088516],[-78.063113,39.088504],[-78.063093,39.088488],[-78.063027,39.088441],[-78.062355,39.088547],[-78.056182,39.089515],[-78.056111,39.089529],[-78.055991,39.08958],[-78.055794,39.089752],[-78.053696,39.091586],[-78.053519,39.091721],[-78.053085,39.092053],[-78.052316,39.092642],[-78.052178,39.092747],[-78.052059,39.092838],[-78.051497,39.093267],[-78.051445,39.09331],[-78.051508,39.093316],[-78.051691,39.093316],[-78.051716,39.093415],[-78.051808,39.09378],[-78.05188,39.094063],[-78.05255,39.094568],[-78.052107,39.094937],[-78.05212,39.095559],[-78.05212,39.09559],[-78.052247,39.095504],[-78.052488,39.095319],[-78.052659,39.095481],[-78.052698,39.095456],[-78.052835,39.095593],[-78.05294,39.095691],[-78.053117,39.095835],[-78.053476,39.096164],[-78.05339,39.096222],[-78.053409,39.096291],[-78.053534,39.096412],[-78.054288,39.097142],[-78.054479,39.097034],[-78.054582,39.096966],[-78.056599,39.095632],[-78.058197,39.095941],[-78.058333,39.095969],[-78.058636,39.096031],[-78.058805,39.096065],[-78.058946,39.096096],[-78.059158,39.096152],[-78.05953,39.096231],[-78.059882,39.096311],[-78.060043,39.096347],[-78.060545,39.096461],[-78.061095,39.096587],[-78.061112,39.09655],[-78.061995,39.097036],[-78.063509,39.097868],[-78.063774,39.098014],[-78.063782,39.097994],[-78.06389,39.09775],[-78.064711,39.095887],[-78.064733,39.095899],[-78.065198,39.096148],[-78.066253,39.096714],[-78.066455,39.096822],[-78.066506,39.09685],[-78.067314,39.097289],[-78.067442,39.097356],[-78.067647,39.097465],[-78.067672,39.097478],[-78.068417,39.096626],[-78.068625,39.096389],[-78.069208,39.095723]]]},"properties":{"NAME":"Boyce","NAMELSAD":"Boyce town"}}
]}